Post ID,Timestamp,Subreddit,Title,Content,Upvotes,Comments,URL
own79d,2021-08-02 20:33:09,depression,Get support for yourself or other people,"If you’d like to talk to someone, confidential mental health support is free and available 24/7.

**Inside the U.S.**

* Crisis Text Line: Text CHAT to 741741
* Suicide & Crisis Lifeline: Call or text 988

**If you’re outside the U.S.**

* [Find resources in your location](https://www.reddithelp.com/hc/en-us/articles/360058756471-What-are-support-resources-available-to-people-outside-the-U-S-)

**If you’re not ready to talk to someone yet:**

* [How to help yourself when you’re feeling suicidal]",304,2,https://www.reddit.com/r/u_RedditCareResources/comments/own79d/get_support_for_yourself_or_other_people/
1g48c9t,2024-10-15 13:57:49,depression,I don't get how other people aren't suicidal,"I'm in therapy, I'm taking medications and I still think almost daily about suicide. Nothing makes me feel happy and my life feels meaningless.I made friends because I thought beign lonely made me suicidal, I made plans for the future so I can have something to look forward to, I clean my room and go outside because it's good for me but nothing is ever enough. I asked my therapist why he wants to be alive, but nothing he told me seemed so fulfilling that it makes sense to keep going. I don't und",937,174,https://www.reddit.com/r/depression/comments/1g48c9t/i_dont_get_how_other_people_arent_suicidal/
1jd1y5e,2025-03-17 02:02:28,depression,My mom told me to commit suicide,"I'm from a half Asian household, my mothers Chinese my dads white and he's like the only person who's sane in my family. My mom is always like crashing out towards our family calling us all failures, and she's always comparing me to others. Like I'm an all A student, ranked nationally in my swimming, but she just crashes out on my while I'm struggling to learn Chinese. It gives me panick attacks, suicidal thoughts, and she has told me to commit suicide as it would save her money. Please help her",646,119,https://www.reddit.com/r/depression/comments/1jd1y5e/my_mom_told_me_to_commit_suicide/
1iew0lj,2025-02-01 02:15:58,depression,Im 13 and i just attempted suicide,"I came backfrom school and again i was bullied i went to my room and got 2 belts together and hung it up the cieling i took a chair and hung it around my neck and pushed the chair ahead ,then i started loosing consciousness and i was abt to go black until 1 belt broke leading the other to break. i wish it didnt break ",363,163,https://www.reddit.com/r/depression/comments/1iew0lj/im_13_and_i_just_attempted_suicide/
1bum6er,2024-04-03 07:01:39,depression,Finally let my wife know I was suicidal and she told me to essentially man up and figure it out myself…,Yeah I’m done. She told me to go get help and figure it out myself. No real compassion at all from her at all. I really hate being a man. I know what I must do now. ,815,211,https://www.reddit.com/r/depression/comments/1bum6er/finally_let_my_wife_know_i_was_suicidal_and_she/
1j9j2ky,2025-03-12 12:37:36,depression,Not suicidal but I wouldn’t mind not waking up tomorrow,"I’m not suicidal. I have a good life, by the standards of what a good life is I suppose. Good family, good friends, good country, good future ahead of me. It makes me feel worse about the feelings I’ve been having lately. I’ve been thinking about death, about the many, many more years I might continue living and growing on this planet, the good and the bad I will experience and wonder if any of it’s actually worth it. I look at the world and the more I do so the more it all becomes so intensely ",558,83,https://www.reddit.com/r/depression/comments/1j9j2ky/not_suicidal_but_i_wouldnt_mind_not_waking_up/
1jfyqpj,2025-03-20 20:28:31,depression,Chronically suicidal,32-M here. Anyone else feels the same? I've been thinking in S on a daily basis for many years. Sometimes I'm suprised that I'm still alive.,361,110,https://www.reddit.com/r/depression/comments/1jfyqpj/chronically_suicidal/
eczhm3,2019-12-19 21:11:00,depression,"My friend attempted suicide a couple days ago. My family is saying I will ""ruin Christmas"" if I spend time with her in the hospital on Christmas Eve instead of visiting them. What can I do?","A good friend of mine with whom I've been attending therapy for BPD overdosed a couple days ago. She survived and was transported unconscious to the hospital. She woke up but is unsurprisingly devastated. I want to be there as her support, she has a boyfriend but no family members who care about her and few friends. I had plans to see my family for Christmas but when this happened, it left me deeply depressed, particularly because another good friend of mine had committed suicide four years ago ",2391,376,https://www.reddit.com/r/depression/comments/eczhm3/my_friend_attempted_suicide_a_couple_days_ago_my/
1h2p2et,2024-11-29 16:07:02,depression,"Girlfriend screamed at me I just go to my therapist to suck his dick, after I told her I have suicidal thoughts again.","Throwaway account. Just want to get this off my chest. My gf has a history of being unable to deal with my down phases. 
We both think that she has some sort of autism, which comes out at various times during the day. 
In the last argument, after I told her I have suicidal thoughts, she screamed at me saying I failed the therapy and just went there to suck my therapists dick..

I do believe this relationship is dooming the both of us. ",598,114,https://www.reddit.com/r/depression/comments/1h2p2et/girlfriend_screamed_at_me_i_just_go_to_my/
yehutj,2022-10-27 03:57:04,depression,sometimes i forget that most people aren’t depressed or suicidal,"when i feel like shit or something bad happens my brain immediately goes “man fuck this, i’ll just die” and apparently that isn’t a normal response! crazy shit.",1752,196,https://www.reddit.com/r/depression/comments/yehutj/sometimes_i_forget_that_most_people_arent/
f51oky,2020-02-17 02:32:55,depression,"I don’t live for myself anymore, I only live so my mom doesn’t have to go through the pain of me committing suicide",I wonder how much longer I can continue like this,2654,280,https://www.reddit.com/r/depression/comments/f51oky/i_dont_live_for_myself_anymore_i_only_live_so_my/
1jby2pp,2025-03-15 15:50:01,depression,Can you be suicidal but be scared of dying?,"I've been thinking about suicide for ten years now, sometimes more than ever, sometimes less. This last six months, I thought about it every day. I just think ""ok, I've done all the things I could. I got all the goals I had. Now I just want to finish and stop everything."" puff, like that.
I've also done some researches about suicide methods, but every time I read them I am afraid. Afraid of what? Of not really dying. Of a failure in that method. Of the pain or the realization of dying itself.

E",380,90,https://www.reddit.com/r/depression/comments/1jby2pp/can_you_be_suicidal_but_be_scared_of_dying/
1hpvna5,2024-12-30 19:46:13,depression,I committed suicide and I am in hell...,"I did several attempts back in 2020 and 2021.

I thought I survived through all of them. Apparently not...

Each time I encountered a darker and a more messed up world. Each time, a darker hell.",426,109,https://www.reddit.com/r/depression/comments/1hpvna5/i_committed_suicide_and_i_am_in_hell/
k3g4mz,2020-11-29 20:01:18,depression,Not suicidal but just no desire to live each day,"I don’t wanna end it all, but I’m just tired of living. Like each day kind of feels pointless. I feel exhausted just thinking about doing the same thing every day. I’m not happy and feel no purpose. It’s like I want it to be the next day, and the next day comes, and I’m wishing it was the next. I don’t know how to explain it. I’m just existing and not living. 

Am I going through a phase? Anyone else feel the same way? What helps?",2448,212,https://www.reddit.com/r/depression/comments/k3g4mz/not_suicidal_but_just_no_desire_to_live_each_day/
1gq2nlj,2024-11-13 02:34:37,depression,Now I realise why people commit suicide lol,"It's kind of funny cause I always thought that the awful urge to end it all was just the effect of several big problems or shortcomings in someone's life, and because of that I also thought that, with enough effort, everything could be fixed, but it goes way beyond that, and since a few months now I think I'm realising why, and how. 

An important piece of what I was is missing, and even if things around me are getting better, I can't enjoy it, not anymore...

I just don't know how to keep going",560,99,https://www.reddit.com/r/depression/comments/1gq2nlj/now_i_realise_why_people_commit_suicide_lol/
1j5p1n8,2025-03-07 14:20:52,depression,I tried commiting suicide.,"Last night I was at a wedding party.I tried my 120% to look my best. I bought new clothes dressed up and then went to the party.Once I went there, I felt so alone noone was there to talk with me.It was one of my family members wedding.
I saw my elder sister there I went up to her then we talked and then went for dinner.Once we sat on the table she just  left and sat at a table 2 blocks away where her friends were sitting.I was all alone again noone sat near me had my dinner alone then I catched ",325,92,https://www.reddit.com/r/depression/comments/1j5p1n8/i_tried_commiting_suicide/
clue8y,2019-08-04 09:10:18,depression,Realizing that you will die because of suicide is really hard.,"Sometimes it just really hits me that maybe not today or tomorrow but eventually I will commit suicide. This realization really fucks me up. I wish this wasn’t the case. I wish so much I could be normal and happy but it’s been years and I’ve begun to really accept that my suicide is inevitable. I hope I’m proven wrong.

Edit: it’s been 160 days since I posted this and although not much has changed in my mindset I still come back often and read all the new comments. Those of you who commented or ",2224,277,https://www.reddit.com/r/depression/comments/clue8y/realizing_that_you_will_die_because_of_suicide_is/
1axigru,2024-02-22 21:35:10,depression,Suicide,I’m 26 years old and I have lost 50k on gambling. I just got engaged in November and I’m going to tell her today that I have 5k left to my name. I’m going to inform her that I want to kill myself tomorrow. I’m a gym teacher at a school and it would take over a year to get that money back. I’ve had bad depression my whole life and I today I realized that I have nothing left. I’ve deleted all my gambling apps. I just don’t know what else I can do. If it goes bad then I will probably kill myself to,537,212,https://www.reddit.com/r/depression/comments/1axigru/suicide/
k016wa,2020-11-24 08:26:45,depression,I feel like suicide is inevitable,"Not that I want to kill myself right this instant but it feels like it's too late to prevent it. Something bad is going to happen later on down the line and then I'll just end it. There's no way around it so long as I don't die suddenly in a car crash or something. I feel like I'm one of those people who just never gets better.

Edit: why did this post blow up this was just a depressive vent post

Edit 2: why is this being given wholesome awards reddit baffles me sometimes

Edit 3: I feel like I",2038,207,https://www.reddit.com/r/depression/comments/k016wa/i_feel_like_suicide_is_inevitable/
btcc3j,2019-05-26 19:51:53,depression,"After 1 suicide attempt, and one overdose, I GRADUATED!!!!","I MADE IT. FUCK EVERYONE WHO PUT ME DOWN. FUCK THE BULLIES, FUCK THE CLIQUES, I DID IT. But more importantly, THANK YOU to everyone who kept me going. It brings me to tears thinking about how thankful I am to be here today because of my family, friends, and the wonderful people on this subreddit who helped me when I was down. I feel so immensely proud and happy right now because of my achievements. To all the people struggling through high school and college, there is light at the end of the tun",3069,188,https://www.reddit.com/r/depression/comments/btcc3j/after_1_suicide_attempt_and_one_overdose_i/
1j8pxbx,2025-03-11 12:47:48,depression,Advices for depression is fucking trash,"Just a little rant but I’m at a point in my depression where any advice just doesnt do anything for me. I feel like I’ve heard it all before and it’s the same shit on repeat:

Find love

Hobbies 

Gym bruh

Walk in nature 

Look at the trees 

Sex 

Therapy

Hobbies

“It gets better”

Your family will miss you

You’ll die anyways might as well stick around

Focus on the positive bruh

Food

More hobbies 

Jesus Christ

God/Allah

Have kids 

Talk to others

Crisis Hotline

Depression is a state ",795,285,https://www.reddit.com/r/depression/comments/1j8pxbx/advices_for_depression_is_fucking_trash/
1g9mnuy,2024-10-22 16:41:27,depression,"Everyone says if you're depressed, don't be afraid to reach out and ask for support...","Well, we try to. And guess what? No one cares. Everyone is busy with their own lives and problems. They don't want to hear about how you're severely depressed and think about killing yourself every day. It makes them uncomfortable. So in your hopes to receive some sort of support or connection, you just end up pushing people away, which makes you even more isolated and depressed. That is all. ",1348,278,https://www.reddit.com/r/depression/comments/1g9mnuy/everyone_says_if_youre_depressed_dont_be_afraid/
1iswzg5,2025-02-19 04:29:31,depression,I forget depression isn’t common,"I often forget that clinical depression isn’t something everyone has. Like truly there are people out there who don’t think about killing themselves every day, or who can just take care of themselves like it’s a second nature. Some, most, people find existing easy. Idk that’s crazy to me, like wdym you never think about taking yourself out?? Like good for you I wish lol!! Or like bed rotting, my ideal life is to do nothing my depression has heavily impacted my energy. I have energy for nothing, ",1190,93,https://www.reddit.com/r/depression/comments/1iswzg5/i_forget_depression_isnt_common/
cd0hjp,2019-07-14 07:53:40,depression,Shout out to the particular hell that is functional depression.,"This is me. Don’t get me wrong, it’s better than don’t-leave-my-bed-for-a-week depression. I am grateful I can be an independent person. But there is something uniquely horrible about being able to go to work every day, occasionally clean up after yourself, pay your bills, generally put yourself together enough to look like a human being... but that’s it. Nothing else. No social life. No hobbies. Constantly battling your mind. And being absolutely fucking exhausted all the time.",6677,346,https://www.reddit.com/r/depression/comments/cd0hjp/shout_out_to_the_particular_hell_that_is/
1hbhxzp,2024-12-11 01:23:28,depression,Everybody gangsta about mental health til you're outwardly depressed ,"Light depression, light anxiety... these are ok. But clinical depression, being vocal and honest, even frustrated about it... Too confronting. Not to mention obviously the same goes for bipolar etc. 

People who previously think they're understanding and empathetic bc their own battles, but they stay silent. They get awkward. This species is doomed when it comes to catching our emotional intelligence up with technological evolution.

Not many seem to be able to tolerate when someone is feeling l",889,124,https://www.reddit.com/r/depression/comments/1hbhxzp/everybody_gangsta_about_mental_health_til_youre/
16r2cfq,2023-09-24 16:44:04,depression,Depression makes people actively avoid you.,"Normal folks don't like being around mentally ill people because they don't know how to deal with them, not because they hate them or anything... people have told me I'm too serious or I give off ""bad energy"". I don't blame anyone for avoiding me, I'm not saying I'm a bad person but I just can't crack the code that is socializing.",1534,229,https://www.reddit.com/r/depression/comments/16r2cfq/depression_makes_people_actively_avoid_you/
1btk7vi,2024-04-02 00:03:36,depression,Working out is doing absolutely nothing for my depression,"I work out and I see zero benefits when it comes to my depression. If anything, working out makes me feel more exhausted and drained. I dread working out, but I still do it because I love being firm and toned, but no matter what type of exercise I do, my depression doesn't go away. AT ALL. 

I am angry at people who claim that depression can be cured with exercise. That is NOT real depression",925,258,https://www.reddit.com/r/depression/comments/1btk7vi/working_out_is_doing_absolutely_nothing_for_my/
bhlyu2,2019-04-26 12:57:44,depression,Had anyone noticed memory decline from depression?,Just curious if anyone else affected by this problem also noticed quite a big cognitive decline. Or if anyone has noticed a cognitive decline and managed to build themselves back up to that previous cognitive level.,3776,432,https://www.reddit.com/r/depression/comments/bhlyu2/had_anyone_noticed_memory_decline_from_depression/
dpl4bu,2019-10-31 09:36:19,depression,High-functioning depression: I feel like I'm living a double life.,"I read a lot of posts on here of people struggling with daily, debilitating depression that plagues every aspect of their lives, making it difficult to do small things like even take a shower. I feel that I am on the opposite side of the spectrum and wanted to share that it is equally as horrible.

From an outsider's perspective, I appear to be a very happy and stable individual. I have a financially secure job and I go to work every day and not only try my best but actively try to get along wit",4092,349,https://www.reddit.com/r/depression/comments/dpl4bu/highfunctioning_depression_i_feel_like_im_living/
k47q9a,2020-11-30 23:06:26,depression,Anhedonia is the worst part of depression,"You're alive, but you aren't living. You feel like doing something, anything, but nothing is appealing. Everything feels like a chore, and it's exhausting. ""Do things that you enjoy doing"" doesn't work, since everything feels like watching paint dry. Realising that you're slowly beginning to lose interest in the few things you enjoy doing and realising that there's nothing you can do about it is mentally torturing. It's like trying to catch smoke with your bare hands; it's hopeless. The only thi",3393,301,https://www.reddit.com/r/depression/comments/k47q9a/anhedonia_is_the_worst_part_of_depression/
ee58qm,2019-12-22 14:08:21,depression,I can overhear my mother on the phone laughing and joking about my depression to her friend,"Saying things like “she’s so emotional hahaha” and telling her friend everything I just said that was making me upset.

Everything about me is just a joke to her, just a topic of discussion for her to gawk over.

I don’t even know why I’m crying, what else should I expect from someone who hasn’t ever given me any kind of legitimate emotion support.",3011,405,https://www.reddit.com/r/depression/comments/ee58qm/i_can_overhear_my_mother_on_the_phone_laughing/
ghdi7l,2020-05-11 00:51:44,depression,People that aren't depressed exist and it's fuckin insane to me.,"Like ???


I posted on AskReddit asking non-depressed people how they felt and I'm shocked. Not sure what I expected though.


You exist in this hellhole and you're just like... Chill with it? Like I'm so happy for these people but it's mindblowing! Like I have never known a time that I didn't experience severe recurring depression so it's just fuckin crazy that these people are real? One even said they don't understand how people can be depressed for seemingly no reason. Like I wish so much I c",3607,302,https://www.reddit.com/r/depression/comments/ghdi7l/people_that_arent_depressed_exist_and_its_fuckin/
m5zy12,2021-03-16 03:27:37,depression,"Isn't it amazing that everyone who's never had depression, or lives an extremely happy and successful life tries to tell you how to cure depression :)","It's always some great 1 off line that they think is the secret to fixing everything.


""Just love yourself!"" - Sure let me just go do that real quick.


""You have so much more time, things will get better!"" - Lot more time for things to get worse too :)


""You'd be disappointing your family, etc"" - Ah yes, by trapping me in the hypothetical mental state of permanently worrying about others over myself, I now get to live a happy and successful life, thank you.



Really appreciate it, thank you.",3431,229,https://www.reddit.com/r/depression/comments/m5zy12/isnt_it_amazing_that_everyone_whos_never_had/
1fys8dy,2024-10-08 05:06:47,depression,Healthy people don’t associate with depressed people," My depression is because I fundamentally hate how the world works. I identify with my depressed qualities because it’s all I’ve ever been and it’s all I know, that’s where all the profundity of character is and is what makes me me.

 Im attracted to people who are mentally healthy and caring but those people would be dragged down and exhausted by me and will cut me out of their life due to boundaries when I need them the most. The more suicidal and lonely you get, the closer to the truth of you",674,135,https://www.reddit.com/r/depression/comments/1fys8dy/healthy_people_dont_associate_with_depressed/
jikvg7,2020-10-26 19:06:20,depression,"The worst part of the depression, is that feeling, deep deep down, that the reason you're depressed is because you want to be.","It's just the thought, that maybe you know how to be happy. Maybe all the stuff you read online, the stuff your family tells you, the stuff you hear from your therapist, maybe it all goes somewhere in your head. Maybe you've seen enough happy, normal functioning people, that you have some idea of how to do what they do. That maybe you've made the same mistakes enough times that you could point them out and stop repeating them.

It's the idea that, you know how not to be depressed, so if you stil",3487,210,https://www.reddit.com/r/depression/comments/jikvg7/the_worst_part_of_the_depression_is_that_feeling/
1j05na2,2025-02-28 11:34:37,depression,Please help me understand why someone in a depressive episode often pulls away from everyone they love.,"Edit: Thank you so much to everyone. I have read (and am reading) every single comment, and I am so touched that you have all let me in to your world a little bit and shared with me what this experience is like for you. You have helped me SO much to understand why a depressed person isolates and withdraws, and I can't tell you how much I appreciate this. One person said that understanding is not necessary because it's enough to know that the depressed person is in pain and that your presence doe",269,143,https://www.reddit.com/r/depression/comments/1j05na2/please_help_me_understand_why_someone_in_a/
yehutj,2022-10-27 03:57:04,depression,sometimes i forget that most people aren’t depressed or suicidal,"when i feel like shit or something bad happens my brain immediately goes “man fuck this, i’ll just die” and apparently that isn’t a normal response! crazy shit.",1748,196,https://www.reddit.com/r/depression/comments/yehutj/sometimes_i_forget_that_most_people_arent/
qdtvsd,2021-10-23 00:20:05,depression,Nobody warns you that depression makes you an awful person to be around,"I didn’t even realise it myself until I took 2 tabs of acid and could look in at my life from an outside perspective, I’m awful to be around. I suck the energy out of every situation, I’m no fun, I’m never in the mood for laughing because I just constantly feel like crying. I’m like a black hole that sucks all the fun away and everyone on the outside just sees someone who’s constantly in a bad mood, there goes any chance of potential new friends approaching me. I wondered why people leave you du",2570,194,https://www.reddit.com/r/depression/comments/qdtvsd/nobody_warns_you_that_depression_makes_you_an/
v386tn,2022-06-02 12:52:04,depression,"wish I had a ""not eating for days"" depression instead of ""eat 4000 cals in two hours"" one","might sound messed up but at least I'd lose weight and be pretty for once

but instead i keep stuffing my face with fast and sugary foods to feel happy for at least few seconds :/ where did my discipline go",1829,202,https://www.reddit.com/r/depression/comments/v386tn/wish_i_had_a_not_eating_for_days_depression/
t9ydp9,2022-03-09 03:21:03,depression,I hate how depression makes everything seem exhausting.,"Everything from doing the dishes to showering, anything that requires more effort than being in bed, just feels so tiring with depression. I feel like I'm filled with cement, like every limb is as heavy as a 100lb dumbbell. I feel the weight of the universe holding me down. I don't know where I'm going with this post, I just needed to vent that out. I had the day off from work and I spent it in bed, scrolling through the same few apps. That's all I had the energy for, and it wasn't relaxing at a",1906,195,https://www.reddit.com/r/depression/comments/t9ydp9/i_hate_how_depression_makes_everything_seem/
ommgt4,2021-07-18 08:14:07,depression,I'm addicted to everything that helps me forget that I'm me,"Be it books, video games, youtube, sleeping, whatever. As long as it's a temporary distraction I'm cool with it. They're not even especially fun anymore, but at this point almost anything's better than life's dull monotony.",1955,141,https://www.reddit.com/r/depression/comments/ommgt4/im_addicted_to_everything_that_helps_me_forget/
1jcq91f,2025-03-16 17:09:06,depression,"addicted to blackpill and incel forums, need help","I am depressed and I have pretty bad OCD (both diagnosed) the last couple of weeks I have been compulsively browsing forums like incels .is looksmax .org neets .net and so on, a lot of the people on those forums are completely erratic and crazy but there are some truths to a lot of the posts on there. I know its affecting me a lot because im starting to see the world as a lot more different, cold, cruel and appearance obsessed, I dont know what to do because i know its bad for me and I could go ",1,0,https://www.reddit.com/r/depression/comments/1jcq91f/addicted_to_blackpill_and_incel_forums_need_help/
1g4je7i,2024-10-15 21:47:59,depression,Sister is depressed - love addiction - should she go inpatient? Please help ,"My sister has been depressed pretty much for a year. She was prescribed Zoloft. I’m not confident that the meds are working for her.

This weird thing has happened where it’s like she’s addicted to love. Her feelings of hopelessness are that she’s going to spend her life alone so she’s constantly searching for male connection. It’s like a form of OCD for her. 

She’s also gained a considerable amount of weight and she lost her job.  She is highly educated and accomplished.

She has been saying t",5,2,https://www.reddit.com/r/depression/comments/1g4je7i/sister_is_depressed_love_addiction_should_she_go/
1dkmdz5,2024-06-20 21:01:39,depression,HOT TAKE: weed helps with depression but it’s addicting,"I’m working on my career and this need for improvement takes away from me a lot of time and energy so sometimes like 1 once a week I eat an edible or smoke till I get obliterated to just chill relax and have that “positive boost”.
I need to feel this boost because sometimes especially late at night I feel very sad, angry and full of anticipation anxiety.
I try to listen to music to improve my mood but it doesn’t always work. 
All of this because I think I have a mild depression. 
However I’m alw",5,10,https://www.reddit.com/r/depression/comments/1dkmdz5/hot_take_weed_helps_with_depression_but_its/
1dzhi1t,2024-07-09 23:54:57,depression,i have a very serious addiction to self harm and i need help ,whenever i am alone i get my knife and i violently stab my arm which causes a lot of blood. whenever i see the blood gushing out i think it looks cool and it makes me feel relieved. i tried to get help online from a therapist but all of them sent me to a teen help program think which i have to notify my parents in order to use. if my parents found out about my depression stuff they would probably not treat me the same and just never talk to me. if i had big enough balls i would kill myself. I ne,3,6,https://www.reddit.com/r/depression/comments/1dzhi1t/i_have_a_very_serious_addiction_to_self_harm_and/
1ezk703,2024-08-23 18:34:06,depression,"HELP ME 😭 depression, drug addiction, toxic relationship and being evicted 😭","my boyfriend and I are being evicted and can't deal with it it's like we are in denial, we need to  be out in a few days and we haven't even started packing. we are both drug addicts and hoarders so the place looks worse than usual. we have barricaded ourself in one small section of our place that is clean and habitable and can't deal with what we see and what this place looks like outside our barricade. everyone thinks and expects us to be packed and ready to move when in reality you  can hardl",1,0,https://www.reddit.com/r/depression/comments/1ezk703/help_me_depression_drug_addiction_toxic/
1dbiljy,2024-06-09 01:52:42,depression,Guys I need HELP. Addicted to sadness?,"Please help. I have sought many psychotherapists, been on depression meds, mixtures, combos. DOne counselling, therapy, psychiatrist visits, medical trials. affirmations, rebirthing ( helped the most). 

Please read carefully. I do need help, I want some great insight or a word or a line to shake me out of this. 

I am constantly depressed and seem to have a ""go-to"" of misery and fear and sadness. It's almost like a comfort zone. Yet it is soo uncomfortable. It is not comforting at all. It is so",2,1,https://www.reddit.com/r/depression/comments/1dbiljy/guys_i_need_help_addicted_to_sadness/
1ck7ria,2024-05-04 19:02:52,depression,Help! I'm a drug addict ,"All I do is use drugs. I hope y'all will be understanding with me the way my family isn't coz they Muslim. 

Am living a depressed life. Hope people will understand. Thanks! Cheers!",3,3,https://www.reddit.com/r/depression/comments/1ck7ria/help_im_a_drug_addict/
1bo0y8f,2024-03-26 06:23:25,depression,Addiction Help,"  
My father has been the primary provider for our family for 35 years, supporting not only me and my sister but also our grandparents, my cancer-surviving aunt's family, and my unemployed, depressed uncle and his children. Despite the considerable stress and challenges, including my uncle's worsening behavior and alcohol dependency, my father has managed to keep our family united. His efforts have deeply impacted me. However, my uncle's recent actions, including begging for money from acquainta",2,0,https://www.reddit.com/r/depression/comments/1bo0y8f/addiction_help/
gs581g,2020-05-28 12:18:14,depression,Addicted to depression,"I don't know am I the only one with this, but every time things start going better, it never feels right. I feel like I don't deserve being okay. The sadness has become like an addiction. It feels weirdly good? 

I don't really know, but whenever I'm the lowest it feels the most comforting. I think I've already gave up on trying to heal. Trying get help. I don't want it anymore. I'm miserable and slowly becoming crazy but I don't think I'm even trying to fix it anymore. I've accepted it. 

I'm j",2149,184,https://www.reddit.com/r/depression/comments/gs581g/addicted_to_depression/
183jzpm,2023-11-25 13:40:59,depression,Help with depression/addiction,"3 years ago I went willingly to rehab. I lost my home, husband, career but when I got out my son chose me. I was so happy I didn’t care I lost everything because I had him. I live with my parents and am on disability. The past several months my son graduated and has his own life. I stay up all night, sleep all day, have no motivation, watch TV, have no energy to do anything and no friends to do it with. Before now I was happy being single, friendless, career less, living with my parents because ",2,2,https://www.reddit.com/r/depression/comments/183jzpm/help_with_depressionaddiction/
16zhe2w,2023-10-04 08:10:16,depression,Recovering addict Male 24 struggling with depression and scared to relapse need help,"I'm struggling thru depression and I don't wanna text
it to the whole world but I'm looking for someone who can maybe talk to me anyone who has a history of dealing with heart break cause this is my first REAL love and I'm hurt and I tried killing my self by ODing but they revied me id appreciate if you could possibly help me out I need someone to talk to bad 


Please help",1,1,https://www.reddit.com/r/depression/comments/16zhe2w/recovering_addict_male_24_struggling_with/
lr8zpz,2021-02-24 09:50:07,depression,I'm too fucked up. I just exist. I doubt anyone will care to read this... they never do.,"I don't want advice. I don't want to hear that my problems aren't a big deal while you stand there with your success stories and your dating histories and your loving partners. I don't want to hear your stories about how you found your SOs when this is specifically a major part of what's wrong with me; literally a simple ""this is what helped me"" would be nice, not trying to make me feel worse. I don't want to hear the same bullshit about loving myself. I barely even have the energy to write well",1852,139,https://www.reddit.com/r/depression/comments/lr8zpz/im_too_fucked_up_i_just_exist_i_doubt_anyone_will/
len5sx,2021-02-07 14:11:16,depression,I know the post will go down here ... But I have serious problems. I should quit my life.,"First of all ... I have hesitated for a long time just to write everything that burdens me, but maybe it helps just to get rid of everything once. 

About me, 31 years old, I am psychologically completely broken and physically unfortunately also very lediert. 

My life has just gone wrong from the beginning and sometimes I wonder if some people are just lucky and others are not. 

I grew up in an already broken family. My mother was married 3x and divorced 3x (I am the child of the second husban",1676,156,https://www.reddit.com/r/depression/comments/len5sx/i_know_the_post_will_go_down_here_but_i_have/
1695bbt,2023-09-03 19:06:26,depression,Advice needed: How to help someone suffering from mental illness and addiction that is a danger to themselves and potentially others?,"Is anyone able to offer advice on the above? Person in question struggles with significant untreated mental illness and has expressed repeated thoughts of suicide and comments pertaining to the potential harm of others. I don’t know whether these are just harmless passing thoughts or whether they could act on them at some point.

For example, they talk about thoughts of harming other people and have expressed the intention to harm me personally more than once. It is for this reason (and several ",1,0,https://www.reddit.com/r/depression/comments/1695bbt/advice_needed_how_to_help_someone_suffering_from/
y9w5il,2022-10-21 15:08:58,depression,HELP - Am I addicted to trying to fix myself / my mental health ?!,"Hey guys,

so here's the deal: I had depression, anxiety (especially fear of abandonment) and it really f\* up my life. So I really wanted to get out of it. And I kinda did. I read a lot about all those topics (mental health, attachment styles, depression, anxiety etc etc.), listened to podcast, watched videos, researched A LOT, also got into Yoga, Meditation, Spirituality (theoretical and practical). 

And hey, it helped. At one point I got myself out of the hole and I'm productive again. The t",2,4,https://www.reddit.com/r/depression/comments/y9w5il/help_am_i_addicted_to_trying_to_fix_myself_my/
hzah5n,2020-07-28 07:47:02,depression,Im begging somebody to read this I desperately need to feel like I have a friend there for me right now.,"Posting this on a few subs because I don’t know what to do. I feel like I’ve reached my breaking point. 


Im so tired. I’m so tired of existing. I’m so tired of being mad. I’m so tired of being tired. It’s pathetic. I’m a 25 year old adult who’s stuck living at home with my family. I can feel myself falling apart and I’m reaching the point where I’m finally just going to take myself out of this shitty game called life, or I’m going to end up cutting ties all together with my family, which is wh",1845,119,https://www.reddit.com/r/depression/comments/hzah5n/im_begging_somebody_to_read_this_i_desperately/
eophbs,2020-01-14 18:48:49,depression,I can’t stand it anymore. I’m committing suicide. This is my story. Being good and positive won’t help u stop suffering.,"Why does this happen to me.

Honest to god I hate my life so much. I’m a 16 year boy.I try to make every negative thing positive but it doesn’t works. So much has happen to me in the last year. My parents and sister passed away in an accident last year, I don’t if I should feel bad since they’ve tortured me mentally and physically my whole life. I never though much of it. But once my uncle raped me at 6, and told me to shut up or he’ll kill me. When I came of age I found out the truth. I reveale",984,231,https://www.reddit.com/r/depression/comments/eophbs/i_cant_stand_it_anymore_im_committing_suicide/
fvcm3g,2020-04-05 11:49:58,depression,Does anyone else feel like being depressed is just part of them? and its something that they will never be able to change about themselves or 'cure'?,"I literally cannot remember a time in my life where I wasn't angry or unhappy with myself or how people treated me. I've had body issues since I was 8 years old because my grandparents overfed me and let me eat sweets all day, which led to me being outcasted by my peers and constantly criticised by my parents. I first started thinking about suicide when I was maybe 12 or 13 and 10 years later I still think about it. I don't think I've ever has a solid year of my life where I've thought that ever",1973,104,https://www.reddit.com/r/depression/comments/fvcm3g/does_anyone_else_feel_like_being_depressed_is/
xvslo4,2022-10-04 22:22:37,depression,Addicted to sugar?? Please help!!!,"Hello everyone. I um, I struggle with a lot. Severe depression, anxiety, CPTSD, chronic pain….
I am under a lot of stress all the time and am very hypervigilant…the only thing that calms me down is eating sweets and sweets and sweets. Thanks to the sweets Ive made it hard for my body to lose weight. I can’t stand the feeling of craving sugar to INTENSELY it makes me want to CRY! 
If anyone has any advice on how I could feel better or how anyone else has tried to kick sugar dependency to the curb",2,1,https://www.reddit.com/r/depression/comments/xvslo4/addicted_to_sugar_please_help/
hvgovi,2020-07-21 21:49:15,depression,"Is it just me, or is it like you dont actually have a reason to be depressed but then just all of a sudden you are just overwhelmed in sadness?","I dont have a reason to be depressed but. Its just sometimes i feel fine and then all of a sudden i just dont want to do anything and i feel an ache in my chest. Idk man. I guess it might be that my parents arent able to bring in no money and its just in my conscious and pops out evry now and then. Am i just faking my ""depression""? 

Let me know if im the only one that feels like this?

EDIT: I just want to say that i tried responding to all the messages but i just got overwhelmed and got busy w",2282,218,https://www.reddit.com/r/depression/comments/hvgovi/is_it_just_me_or_is_it_like_you_dont_actually/
htkzjq,2020-07-18 18:00:33,depression,I am a 17 year old student in korea and I am stressed overwhelmingly by academics and the SAT. Please read my story and tell my story to others. I am going to jump next week. Goodbye.,"I just finished writing my final goodbye letters to my mom, dad, and brother. Goodbye. I want to talk to someone but I don’t know who. I’m planning on overdosing on lean or some other drug. I know that my parents will just say that depression and suicidal thoughts are just common and focus on my grade and GPA. I feel hopeless. I want to know where to take my  life from. No comfort or support will help me much. I feel like I’m better off gone than having to work more and study and prepare for sch",1128,261,https://www.reddit.com/r/depression/comments/htkzjq/i_am_a_17_year_old_student_in_korea_and_i_am/
lbpsfo,2021-02-03 15:18:48,depression,my pain (25F) is overwhelming: i've been quarantining in an abusive household for the last year and am in need of some kind words,"i've been struggling a lot this week. my mental health has always been shit but lately, it's just gotten worse. i recently fired my therapist because my insurance changed and she wasn't accepting the new provider (she wasn't a good fit for me either, but something is better than nothing). so aside from my boyfriend and a few friends, i don't have anyone i can rely on. i feel bad venting to the people around me because they're all going through tough times too and it just doesn't feel fair for me",1133,91,https://www.reddit.com/r/depression/comments/lbpsfo/my_pain_25f_is_overwhelming_ive_been_quarantining/
65s1hy,2017-04-16 23:09:47,depression,"Does anyone find themselves just going about their lives working, going to school, etc then suddenly overwhelmed by the misery of existence and want to run away and cry?",,1107,132,https://www.reddit.com/r/depression/comments/65s1hy/does_anyone_find_themselves_just_going_about/
ira8be,2020-09-12 10:27:52,depression,I ruined my own life by being an overwhelmingly anxious idiot.,"Can't go into details too much for privacy sake but I'm really falling apart. My relationship, my friendships, my happiness, all gone. All because I acted upon my own anxieties and panicked. 

I wish I had listened to what people told me to do, maybe my life wouldn't be all broken. 

I want to cry everyday. I want to die everyday. Everyday is a battle between wanting to be a better man for myself and those around me and wanting to die. 

I don't know how much longer I can take this, but I hope I",1525,55,https://www.reddit.com/r/depression/comments/ira8be/i_ruined_my_own_life_by_being_an_overwhelmingly/
aou36q,2019-02-09 16:58:22,depression,"For me, Depression isn’t overwhelming sadness; it painfully boring","Apathy, lethargy, dysphoria, melancholy... they all just make life so dull. 
Sometimes I think I experience it differently from a lot of people, but I also know it’s a fairly common feeling. 
I’m not really seeking advice, just venting and probably seeking some validation.

Edit: Apparently I failed to spell check the title... I blame the apathy ",819,110,https://www.reddit.com/r/depression/comments/aou36q/for_me_depression_isnt_overwhelming_sadness_it/
1hejozy,2024-12-15 03:16:29,depression,Why do I always feel suicidal when I feel overwhelmed or triggered?,"I'm not usually depressed but I always feel suicidal and want to kill myself when something even slightly distressing happens or if I get overwhelmed/triggered.
It's something that's been happening to me since I was little. I remember wanting to kill myself and even preparing to do it when I was caught skipping school when I was 13. I was ready to do it. Only reason I didn't get to go ahead with it was because I was seen walking on the streets by someone I knew and they took me home. 

Fast forw",90,27,https://www.reddit.com/r/depression/comments/1hejozy/why_do_i_always_feel_suicidal_when_i_feel/
1jhsyrd,2025-03-23 06:22:30,depression,i have a carpet beetle infestation and i'm so fucking overwhelmed.,"the past 5 years i've been practically bed-ridden due to my depression. i live, eat and sleep in my bedroom. those 4 walls are the only place in the world i feel safe and secure. and now literally every piece of clothing and bedding is covered in beetle larvae. 

honestly, with the squalor i've been living in, i knew this was coming eventually. i leave empty food wrappers and rubbish on the ground, and haven't vacuumed in a year. there's so much i should've done differently. and now i have to fa",4,4,https://www.reddit.com/r/depression/comments/1jhsyrd/i_have_a_carpet_beetle_infestation_and_im_so/
1ja0d8j,2025-03-13 01:15:53,depression,I’m stopping taking my medication and now I’m overwhelmed with everything,"I’ve been on Lexapro for almost 5 1/2 years and recently got the OK from my doc to get off of it. I’ve been slowly decreasing the dosage and now I’m on 5mg. Before, I had a hard time crying or feeling emotional except for huge bursts of it that would come out randomly and not often. But now I’m crying 6, 7 times a day at random stuff. I can’t stop feeling. It’s too much now. Last night I wound up going outside in the dark and hitting a tree over and over because I needed to get the emotion out. ",2,5,https://www.reddit.com/r/depression/comments/1ja0d8j/im_stopping_taking_my_medication_and_now_im/
1j135sm,2025-03-01 16:21:30,depression,Overwhelmed,"Do you guys have any suggestions on what should I do if I feel incredibly overwhelmed? I am constantly irritated and everything makes me cry for a while now. I am going through a lot of pressure because I am about to have a really important exam so that I can get a spot in my dream college. Besides that, I also started having severe binging problems and I keep thinking of self harm. Binging also become a self harm tool to me because I don’t enjoy eating unhealthy foods at all but it is so hard t",1,5,https://www.reddit.com/r/depression/comments/1j135sm/overwhelmed/
1inxvg8,2025-02-12 18:27:30,depression,Everything overwhelms me and I end up doing the bare minimum in some cases.,"I just don’t feel like myself anymore. I just keep scrolling my phone. When I plan to do things, I just get totally overwhelmed and end up doing nothing. And no, breaking things into small steps or 5 mins rule is not working for me. I just feel totally incompetent. ",2,7,https://www.reddit.com/r/depression/comments/1inxvg8/everything_overwhelms_me_and_i_end_up_doing_the/
1ja0pt6,2025-03-13 01:33:17,depression,"I can't sleep, I'm an insomniac, i have school, Tests, Everything overwhelms me. Why can't it just end?","Everything overwhelms me, I can't do any basic stuff, it's always too much for me. I have no strength to get up and even take a shower, I want to find the strength but nothing motivates me anymore. I'm trying my best i really am, why can't nobody see I'm struggling? Why am i alone with all the problems i have? I don't trust any therapists, I don't want to talk to one, I don't trust my family, I don't trust my friends or school, Hell, i don't even have friends, I'm just a freak. Why can't i even ",1,3,https://www.reddit.com/r/depression/comments/1ja0pt6/i_cant_sleep_im_an_insomniac_i_have_school_tests/
1jdxegm,2025-03-18 04:54:33,depression,I'm overwhelmed in loneliness,"I've been going to therapy, they said I should have this... ""Person of safety"" or whatever you call it, basically a friend to talk with when I'm feeling bad or overwhelmed and stuff like that, ""a support system"" I think is it? I do have close friends and my best friend of 13 year long, I don't like telling these people what I feel, I honestly don't feel good things in those moments, I just want to unsubscribe myself from life, I miss my family, I miss the hugs of my family, the hugs of my friend",1,1,https://www.reddit.com/r/depression/comments/1jdxegm/im_overwhelmed_in_loneliness/
1j7en54,2025-03-09 18:53:53,depression,"Feeling overwhelmed, unable to cope, has lost the will to live- please help!","Hey everyone, I’m posting here because I really need someone to talk to, but I don’t know where else to turn. The last 6 years have been an emotional rollercoaster, and lately, I feel like I’m hitting rock bottom.

I’ve been dealing with a lot internally. I’ve always struggled with feelings of loneliness and isolation, and while I have some people in my life, I don’t have anyone I can truly open up to. Recently, I thought I found someone who could understand me. Her name is, let’s call her kat, ",1,2,https://www.reddit.com/r/depression/comments/1j7en54/feeling_overwhelmed_unable_to_cope_has_lost_the/
1jimufv,2025-03-24 09:41:48,depression,"After a Year of Job Searching, I Feel Lost and Overwhelmed"," I’ve been unemployed for just over a year now, and honestly, I’m starting to feel hopeless. I’ve had countless interviews, but each time I either get rejected or just never hear back. I’ve updated my resume, applied to so many jobs, and even expanded my search, but nothing seems to stick. I’m running out of money and will likely have to pick up a small job for now.

I quit the high-paying job I landed last year after less than a month because the anxiety became too much. It was a small team, hi",1,0,https://www.reddit.com/r/depression/comments/1jimufv/after_a_year_of_job_searching_i_feel_lost_and/
1jeaice,2025-03-18 17:27:10,depression,"Lost, gone, no one cares really, mind is flooded with ways to do it, but really just blank at the same time.  Want to be done with this all this life myself overwhelmed and trying to think of way so it does not bother people tired of life","Honestly lost I think.  Found myself on a bus to Sarasota.  Off the bus now, thinking of ways to end myself, maybe the water, take myself and my things to the ocean and just walk in, or the bridge I am sure there are spots to jump from.  How did I even get here.  I do not know, overwhelmed, too much in my brain but then nothing at all.  What am I even doing here.  No one knows me here, that is good, but then I have not really known anyone in years that would care, so that is good I guess.  
I si",1,0,https://www.reddit.com/r/depression/comments/1jeaice/lost_gone_no_one_cares_really_mind_is_flooded/
1htnahz,2025-01-04 20:16:40,depression,overwhelmed,"I am so depressed and all I do is play games to cope with life and i cant handle it, because now even games i play are boring and im losing all my motivation to do anything and im never happy 

I feel like giving up, i already have because every day i dread waking up, and every night i dread sleeping because its all night terrors, i have major ptsd , I dont know what to do anymore, this is very bad ive hit rock bottom, i am very disconnected from reality . without a game in my hand i lose my min",4,9,https://www.reddit.com/r/depression/comments/1htnahz/overwhelmed/
a5sdjc,2018-12-13 10:33:01,depression,"Most people talk about the emptiness and numbness of depression, but for me it’s just pure, overwhelming, loud and painful emotion. It never ends.","I never see people describing depression this way. It’s always described as feeling numb to emotions. I wish I could be numb to my emotions. I’d give almost anything to not feel the never-ending pit inside me. This sinking feeling is overwhelming, exhausting, uncomfortable. Yet it’s the only thing I know. I don’t know how to be happy anymore. Something good happens to me and I pick out the bad things in it. I get upset after and think “why can’t life always be like that?” I make myself suffer. I",470,72,https://www.reddit.com/r/depression/comments/a5sdjc/most_people_talk_about_the_emptiness_and_numbness/
axt6b0,2019-03-06 01:47:23,depression,Anyone else feel overwhelmed by little tasks?,"Like, showering. It seems like such a chore when I’m in a depressive episode. It seems like I’m gonna forget something. There’s been times when I’ve forgotten to shave one leg or I’ll be too tired to wash my face. 
Plus I have to brush and floss. Take my night meds. Brush my hair. Set our clothes for the next day.
All small tasks but they seem so overwhelming. 
Anyone else?",621,54,https://www.reddit.com/r/depression/comments/axt6b0/anyone_else_feel_overwhelmed_by_little_tasks/
1ithddy,2025-02-19 21:37:16,depression,The thought of never doing what I love is overwhelming,"Hey, I’ve been feeling pretty depressed lately because I’m struggling to break through as a musician.

I won’t share my name since I’m not here to promote myself or discuss my music. The thing is, I have a really hard time performing live due to my anxiety, and thinking about it a lot recently has made me feel worse. On top of that, collaborating with other artists has been frustrating—many people communicate in a way that feels cold and unempathetic, which just adds to my discouragement.

I’d l",2,1,https://www.reddit.com/r/depression/comments/1ithddy/the_thought_of_never_doing_what_i_love_is/
ik1lf9,2020-08-31 16:48:13,depression,Lying on my bed..... fantasising another life maybe in some anime..... Anxious SO MUCH about things on my life..... Lonely ofcourse yeah that's my daily life.,,1542,85,https://www.reddit.com/r/depression/comments/ik1lf9/lying_on_my_bed_fantasising_another_life_maybe_in/
ira8be,2020-09-12 10:27:52,depression,I ruined my own life by being an overwhelmingly anxious idiot.,"Can't go into details too much for privacy sake but I'm really falling apart. My relationship, my friendships, my happiness, all gone. All because I acted upon my own anxieties and panicked. 

I wish I had listened to what people told me to do, maybe my life wouldn't be all broken. 

I want to cry everyday. I want to die everyday. Everyday is a battle between wanting to be a better man for myself and those around me and wanting to die. 

I don't know how much longer I can take this, but I hope I",1529,55,https://www.reddit.com/r/depression/comments/ira8be/i_ruined_my_own_life_by_being_an_overwhelmingly/
1fcnh7r,2024-09-09 11:49:40,depression,Being socially anxious is a death sentence,"I fucking hate being socially anxious

I hate that I was born extremely fucking ugly and nobody wants to be seen with me

I hate being told to ""get over it"" by normal people who don't feel genuinely sick when they have to socialize or give presentations

I hate always being paired up with the special needs kids because the teachers know I'm too shy to argue (no hate to the kids its just fucking humiliating)

I hated being called racial and misogynistic shit by my classmates and not being able to",173,43,https://www.reddit.com/r/depression/comments/1fcnh7r/being_socially_anxious_is_a_death_sentence/
6avndc,2017-05-13 02:44:11,depression,"When I stay home I get depressed for not doing anything. When I go out, I get very anxious and later get upset over any mess ups during that outing.",I can't win.,1364,77,https://www.reddit.com/r/depression/comments/6avndc/when_i_stay_home_i_get_depressed_for_not_doing/
1fdi93o,2024-09-10 13:45:31,depression,Age 35 and Anxious/Depressed: how do I cope?,"I turn 35 years old tomorrow. I’m shocked by how fast time as flown by. I feel like just yesterday I was griping about being 30. I don’t know why or how everything has gone so fast. There’s so many things I feel like I didn’t get to do: I’m in mourning of losing my 20s and now I’m in mourning of my early 30s.

How do I cope? Do I convince myself I’m 31? Am I still young? Ahhhhh! ",51,43,https://www.reddit.com/r/depression/comments/1fdi93o/age_35_and_anxiousdepressed_how_do_i_cope/
1igxjrt,2025-02-03 19:27:28,depression,Decided to end my life today. Take care,"hi, i’ve (23f) decided that after typing out this post, i’m going to kill myself. I’m tired of being alone, i’m tired of being anxious/depressed, i’m tired of doing absolutely nothing with my life. I fell out with every single friend that I use to be close with and last year was one of the most loneliest years for me. I finally confessed to my parents that i need help and have been on medication ever since. I graduated from college last year as well and have been so excited to start my career. I",759,304,https://www.reddit.com/r/depression/comments/1igxjrt/decided_to_end_my_life_today_take_care/
nits6v,2021-05-22 22:30:10,depression,I want to uninstall all of the social media apps because it's not helping me except making me more depressed and anxious,I rather spend my time doing something else than scrolling on social media and seeing other people  actually enjoying life while i waste my days being depressed in my room,439,62,https://www.reddit.com/r/depression/comments/nits6v/i_want_to_uninstall_all_of_the_social_media_apps/
1j71ups,2025-03-09 06:48:31,depression,Is it normal to be depressed and anxious all the time?,"Like feeling of anxiety in your chest, stress, overthinking and what not",3,3,https://www.reddit.com/r/depression/comments/1j71ups/is_it_normal_to_be_depressed_and_anxious_all_the/
1j2orze,2025-03-03 17:56:05,depression,Am I depressed or anxious?,"I don't know if I'm depressed. I just.... don't feel anything sometimes. Sometimes, it feels like I'm going through the motions, not having any purpose. And, I'm getting anxious of the future. I going to go to university in a few years, I know I have a while, but, it's getting closer and closer. I won't lie and say I'm not anxious. I keep thinking about if I won't succeed. I jst don't want to be a failure. And, I keep doing bad things that will get me in trouble. I just wish I could be different",1,3,https://www.reddit.com/r/depression/comments/1j2orze/am_i_depressed_or_anxious/
1ja23is,2025-03-13 02:43:44,depression,Helping A Depressed/Anxious Friend,"A friend recently confided in me about their depression and anxiety, and I want to help/support as much as I can without overstepping.

They have acknowledged that this is the most depressed they’ve been their entire life and they are unsure of how to improve their current state of life and its ruling their mental state.

Other things they’re struggling with:

- always thinking 10 steps ahead and living in the future instead of looking at what’s right infront of them and being present in the mom",1,1,https://www.reddit.com/r/depression/comments/1ja23is/helping_a_depressedanxious_friend/
1j7vk0l,2025-03-10 10:28:52,depression,"Depressed, tired and just anxious all the time","I have lost interest in everything including living 

I am broken from the inside, I am broken beyond repair

I will never have a career, I will never have a job, I will never be able to make a living

I should not have been born, I am a mistake, I am a defective piece, I wish I could unalive myself and give my life to someone else",3,1,https://www.reddit.com/r/depression/comments/1j7vk0l/depressed_tired_and_just_anxious_all_the_time/
1jcfzov,2025-03-16 07:12:13,depression,being pushed away and i have anxious attachment issues,"i keep arguing with my boyfriend and he asked for a break for 3 days. i don’t know what this means and i’m feeling super depressed and sad. it’s currently 2 am and i can’t even sleep. i’m considering going to a mental hospital to help me, i did have suicide ideations and they come and go. do you think the mental health hospital would benefit me? has anyone ever been for relationship issues ",2,0,https://www.reddit.com/r/depression/comments/1jcfzov/being_pushed_away_and_i_have_anxious_attachment/
1ipec8f,2025-02-14 16:23:05,depression,how to deal with guilt after failing my driving exam and being very anxious for the next one?,"so i failed my driving exam twice and i’m feeling very guilty about it and i’m also super anxious and scared for my next one. the first time was in november and the examinator failed me instantly because i was supposedly about to hit the curb. i was crushed in the moment but i eventually kinda got over it. the second time was 2 weeks ago and it was very different, but i don’t even know if it was better or worse. this time around i actually drove all the way back myself and i was actually confide",1,0,https://www.reddit.com/r/depression/comments/1ipec8f/how_to_deal_with_guilt_after_failing_my_driving/
1f7n0qq,2024-09-03 00:54:12,depression,"Depressed, anxious, jobless: I hate this world.","I am in my late 20s and I don’t have a job. I rely on my partner heavily. I’m incredibly depressed and suffer from an anxiety disorder that hurts me a lot.

Life is so fucking hard.

I just feel so poor and useless.

Like I am not going to have money to enjoy more things in life, I’ll just be scraping by every week.

I genuinely want to cry writing this, I feel like I’m about to because I feel so fucking alone. I won’t ever have confidence in myself to get out of this.

I’m tired of giving money",44,14,https://www.reddit.com/r/depression/comments/1f7n0qq/depressed_anxious_jobless_i_hate_this_world/
9rhfmo,2018-10-26 04:01:19,depression,"How many of you make plans, then at the last second feel anxious, and bail out?","I hate when I do this. Hate myself for it, honestly. I enjoy the people I'm planning on being with. 

Why do we let past experiences rule us?

Edit: I appreciate each one of your responses. Thank you. And to anyone still struggling, I feel your pain. We are not alone. Keep pushing and do not give up on yourself. ",551,52,https://www.reddit.com/r/depression/comments/9rhfmo/how_many_of_you_make_plans_then_at_the_last/
1iadd2z,2025-01-26 12:31:23,depression,"I’m so anxious, pls help","Hello everyone. I’d like to ask if anyone can relate. I generally experience a lot of anxiety, and over the past week, I’ve been struggling with health anxiety, convinced that I had cancer. I was thinking about it all day, from the moment I woke up until I went to bed, constantly searching the internet. Since yesterday, this anxiety has shifted into a fear that nothing in life has any meaning. I’m scared that nothing has purpose, and I fear I might harm myself. I’ve been thinking about this from",1,1,https://www.reddit.com/r/depression/comments/1iadd2z/im_so_anxious_pls_help/
1ghrnbo,2024-11-02 08:03:49,depression,started taking antidepressants (ssri) - anxious,"i did a psychological test and they told me i have bip2 but doctor didn't want to give me meds because of my age (that's totally fine with me). she gave me ssri for anxiety and depression. im on day 3 and i am experiencing nausea, dizziness and headache in eye and back head area. is this normal? and how long is this going to last?
also im scared (bc im anxious) of me not actually being depressed and being burden and just lazy and a problem so meds can hurt me more because of seratonin. ",1,10,https://www.reddit.com/r/depression/comments/1ghrnbo/started_taking_antidepressants_ssri_anxious/
1i6fx4l,2025-01-21 10:46:05,depression,I'm depressed and anxious,"I lot of things have been going wrong for me. Even here, I don't want to say it all. I used to have a lot of money in my savings account. Now I only have 1k in my entire bank account. My bills are over $1500/month. My job fucked me over. My friend betrayed me. I'm all alone. I got one job a few months ago, but they only schedule me 10-15hrs a week. And they're always cutting people. They really only needed me for the holidays, but I'm grateful for what I can get. Ever since I got fired, in the m",1,0,https://www.reddit.com/r/depression/comments/1i6fx4l/im_depressed_and_anxious/
1hg87qr,2024-12-17 10:59:20,depression,Anxious thoughts ,"I don't know what to say but I'm not doing great in my life, my career. I'm severely failing and losing my self esteem day by day. I don't feel good about myself. I feel helpless most of the time. I just feel like crying everytime. ",3,1,https://www.reddit.com/r/depression/comments/1hg87qr/anxious_thoughts/
1h9bj82,2024-12-08 05:09:45,depression,Feel depressed/anxious after eating a food frequently,"Is anybody experiencing too? I noticed I feel anxious and depressed if I eat something for more than 4 days in a row, no matter what it is. 

Only thing I can find regarding this subject is blood sugar, and nutrient defiencies. My blood sugar is normal and nutrient deficiencies should not be it either because i did an experiment of a cup a day of pineapple  for 4 days straight and felt the symptoms despite only eating a small amount a day.",2,1,https://www.reddit.com/r/depression/comments/1h9bj82/feel_depressedanxious_after_eating_a_food/
8cpu3f,2018-04-16 18:33:47,depression,Dad died. No family left. Slowly drowning in bills and debt. Now I'm the sole provider for a household and I'm about to have a complete mental breakdown [29/M],"I really need some help.

Last year my Dad died from a spontaneous heart attack at the age of 66.  Zero warning.  One minute we're just talking about seeing a movie the next weekend, and the next morning the coroner woke me up pounding on the door saying he dropped dead in his truck two blocks from the house on the way to work.

Ironically, he was in great shape and we worked out every weekend.  He didn't smoke or drink and his doctor said he had the fitness of someone half his age.  He was the ",644,84,https://www.reddit.com/r/depression/comments/8cpu3f/dad_died_no_family_left_slowly_drowning_in_bills/
1jidd0d,2025-03-23 23:47:51,depression,TW: mental breakdown over lost keys and being late for work,"I woke up 2 hours before my shift today so I could get ready on time and be early, something I have struggled to stay consistent with for ages due to time blindness caused by my adhd or autism. 

This morning my keys weren’t in their usual spot where I ALWAYS put them. They were in some weird spot I forgot I left them ofc. But I had a full on breakdown when I couldn’t find them which involved screaming, hitting myself in the face and slamming my head against walls/cupboards. By the end I looked ",1,0,https://www.reddit.com/r/depression/comments/1jidd0d/tw_mental_breakdown_over_lost_keys_and_being_late/
1iyhdw2,2025-02-26 06:39:09,depression,Having a mental breakdown right now.......,I just want to be loved right now............,2,0,https://www.reddit.com/r/depression/comments/1iyhdw2/having_a_mental_breakdown_right_now/
1ifdry8,2025-02-01 19:11:08,depression,How to get through mental breakdown?,"I (27F, long-time mental health issues) think I have been in the midst of a mental breakdown for at least six months. Started when I was diagnosed with ADHD and, stupidly, stopped taking my SSRI's at advice of questionable doctor. Since then I have left all my friends and comfort zone behind, changed my job and moved to a new country where I do my know anyone. I've done this many times before, but this time it just feels too much. Two weeks into my new job, and I've been signed off on sick leave",1,3,https://www.reddit.com/r/depression/comments/1ifdry8/how_to_get_through_mental_breakdown/
1i9vibl,2025-01-25 19:58:25,depression,How to tell boss about mental breakdown?,"
So early Friday morning I had a mental breakdown and was a no show at work. My boss texted and called to check in and I never responded. I honestly didn't have the energy to explain and because I have no idea what to even say. I’m embarrassed and don't really wanna get into detail but also don't want her to be worried either. I plan on resigning immediately due to the poor state of my mental health. I so badly wanted to give proper notice but just cannot bring myself to return. I feel like such",1,0,https://www.reddit.com/r/depression/comments/1i9vibl/how_to_tell_boss_about_mental_breakdown/
1hpbfc8,2024-12-30 01:22:59,depression,My mental breakdowns (prespective),I have had other mental breakdowns but now i had even a worse one because of a ex best friend i had in my breakdown i was crying it was the night before christmas i even had a small toy (a rainbow character from a game) she said she had it and i found one so i kept it to remember her when i was having a mental breakdown i literally smiled even though i was dying inside i wasn't smiling for anything it was like my body was telling me to suck it up and smile. What should i do?,1,0,https://www.reddit.com/r/depression/comments/1hpbfc8/my_mental_breakdowns_prespective/
1hhbgbd,2024-12-18 20:52:10,depression,Mental breakdown,"So story: I was in a situationship with this girl and she was the sweetest alive, she made me feel loved and stuff, then cheated on me with a just for one year. Now she is back and she is giving me affection again, but she is 18 and I am 14, she is grooming me. I love her, but for her is just lust, it makes me feel like shit, like I am nothing but a slut, like she owns me.

I broke my almost 2 months sh-free strike and now I sh daily again. Any advice?",2,0,https://www.reddit.com/r/depression/comments/1hhbgbd/mental_breakdown/
bhbgc3,2019-04-25 17:34:49,depression,Who else is having a mental breakdown rn?,"Haha me. I am.

it's 3:30am where i am and i'm just sitting in my bed, breathing heavily, anxiety-stricken and examining my whole life. why did this all happen to me? what did i do to deserve it? why won't things get better?

i'm perpetually terrified of the future - my future career, my education, my friendships, social life, love life, a job - literally nothing is grounded and i feel like i'm slowly losing it all. past events and mental illness are destroying my life, my brain, my ambition and",384,51,https://www.reddit.com/r/depression/comments/bhbgc3/who_else_is_having_a_mental_breakdown_rn/
1g6poap,2024-10-18 18:51:43,depression,Crying and mental breakdown ,Ever had that feeling you just want to breakdown and cry for no reason I do but I don't know why ,2,4,https://www.reddit.com/r/depression/comments/1g6poap/crying_and_mental_breakdown/
1gxc9lt,2024-11-22 16:47:57,depression,How do you seriously come back after a mental breakdown in front of your close ones? ,"This has been eating away at me for almost two years now. It all started when I finally began therapy and got on medication, but the road to that point was messy, to say the least. I had to hit rock bottom before anything changed.

There were moments when I was so utterly miserable that I couldn’t even recognize myself. My dad was the one who stepped in and called for help when I couldn’t. Before that, he drove hundreds of kilometers just to see me—just to hug me and make sure I wasn’t completel",1,0,https://www.reddit.com/r/depression/comments/1gxc9lt/how_do_you_seriously_come_back_after_a_mental/
1eqxjip,2024-08-13 03:11:40,depression,Trama dumping cuz I'm having a mental breakdown rn,"I wish I could leave myself just like everyone else. I wish I was wanted instead of just kind hearted. I wish I was wanted as much as I want others. I wish someone would love me like I love everyone else. I wish someone would stay. They all say they'll fucking stay and they never do. I fucking hate change, change is shit. I wish I could go back to when I at least beleived I was loved, even if I wasn't. I hate that I start the day with less energy than everyone else and then I have to use even mo",13,6,https://www.reddit.com/r/depression/comments/1eqxjip/trama_dumping_cuz_im_having_a_mental_breakdown_rn/
1fp673v,2024-09-25 14:45:27,depression,I’m having a mental breakdown ,"I’ve felt it coming for a year. Slowly losing interest in everything. Panic attacks. Insomnia. Zoning out. Isolating. But I’ve never been this low. 

I have to be strong for my son. I don’t know what to do. I’m on meds and I see a therapist. I’ve scheduled an emergency appt for tomorrow. 

My son is non verbal autistic and needs me to be functional. I can’t take time off work because I need to pay for his therapies. I can’t take a break because he needs 24/7 supervision. My husband gives me a br",3,3,https://www.reddit.com/r/depression/comments/1fp673v/im_having_a_mental_breakdown/
1g7clg8,2024-10-19 16:24:26,depression,I never knew what is a mental breakdown,"So,i finally gave my exams for attending university and it was good. I originally planned to become a translator or an interpreter. It was my childhood dream. But my parents started isisting that i must choose law faculty. Long story short,now i study law. It is a complete torture. I can't express myself freely,i fell behind at everything. All of my classmates are acing every question given to them,they know so much about law. But I don't even know the most simple things. I started to feel asham",2,0,https://www.reddit.com/r/depression/comments/1g7clg8/i_never_knew_what_is_a_mental_breakdown/
1fytga0,2024-10-08 06:32:46,depression,"Mental Breakdown, help?","Today is a little better in some ways, however for the past few days or maybe even weeks I think I’ve had a nervous breakdown, and although big symptoms such as dissociation, depersonalisation, and suicidal thoughts are lesser than that of day yesterday I still feel this sense of doom, and even grief for the person I was before this started. I spend all day anxious, with no motivation to do anything I once enjoyed. It’s like ive completely lost who I am. 
I’m wanting to talk to people who have b",1,1,https://www.reddit.com/r/depression/comments/1fytga0/mental_breakdown_help/
gx4ic5,2020-06-05 13:24:45,depression,"I'm black, I'm scared, tired and I'm at the end of my rope with life.","Jesus, how do I even start. As you could read by the title, I'm a black man. I've always been in the fight. Grew up with racism in all its forms in my country, which, ironically, usually denies there ever being racism in any way.

The kind of shit I've heard through my entire life has molded me into someone with no self-esteem, sense of self-worth, voice and made into introvert. Because of the mentality of ""you need to work twice as hard as everyone out there"", I always saw the future as bleak, ",2896,331,https://www.reddit.com/r/depression/comments/gx4ic5/im_black_im_scared_tired_and_im_at_the_end_of_my/
1fe3dt4,2024-09-11 06:13:54,depression,How do I stop mental breakdowns?,"For few weeks I have mental breakdown everyday, I can't function properly, how do I make it stop?",3,0,https://www.reddit.com/r/depression/comments/1fe3dt4/how_do_i_stop_mental_breakdowns/
1fdzth4,2024-09-11 02:40:38,depression,Therapy isn't working and I am having a mental breakdown ,"I don't  know what to do anymore... 6 therapists 4 years  and nothing has changed I don't  know what I am supposed to do nothing they say seems clear... sometimes I feel like they talk in riddles. Others just plain not stupid, but I can't  think of the word I want... but like the last advice my therapist  gave me ""you should stop seeking knowledge"" l told her the world around me made me depressed  and  at least that is what I understood  from it she said to turn a blind eye...  also made a remar",3,0,https://www.reddit.com/r/depression/comments/1fdzth4/therapy_isnt_working_and_i_am_having_a_mental/
1ey0pjt,2024-08-21 20:52:53,depression,Please help. Suffering and just came back from a mental breakdown,"Hello. My name is Angie and I've been suffering for a while. Therapy doesn't help, and like my username, I'm mentally broken. I often have suicidal thoughts (luckily, I'm not active but I've caught myself scratching myself on purpose) I don't enjoy the pain.. it's numbing but I feel like it's just what's going to happen

School has not been helping. I'm the opposite of active suicidal, I have the thoughts but I'm more of an super careful person. It's very draining because I worry about if I'm in",1,1,https://www.reddit.com/r/depression/comments/1ey0pjt/please_help_suffering_and_just_came_back_from_a/
eczhm3,2019-12-19 21:11:00,depression,"My friend attempted suicide a couple days ago. My family is saying I will ""ruin Christmas"" if I spend time with her in the hospital on Christmas Eve instead of visiting them. What can I do?","A good friend of mine with whom I've been attending therapy for BPD overdosed a couple days ago. She survived and was transported unconscious to the hospital. She woke up but is unsurprisingly devastated. I want to be there as her support, she has a boyfriend but no family members who care about her and few friends. I had plans to see my family for Christmas but when this happened, it left me deeply depressed, particularly because another good friend of mine had committed suicide four years ago ",2386,376,https://www.reddit.com/r/depression/comments/eczhm3/my_friend_attempted_suicide_a_couple_days_ago_my/
1elpk45,2024-08-06 18:39:41,depression,Having a mental breakdown about my career. ,"I keep breaking down all the time trying to figure out what to do for a career. I keep hearing people talking about just going after money, but that seems like a miserable way to live life. I know life is a choose your own adventure kind of thing, but I keep flipping out about it. ",2,0,https://www.reddit.com/r/depression/comments/1elpk45/having_a_mental_breakdown_about_my_career/
own79d,2021-08-02 20:33:09,depression,Get support for yourself or other people,"If you’d like to talk to someone, confidential mental health support is free and available 24/7.

**Inside the U.S.**

* Crisis Text Line: Text CHAT to 741741
* Suicide & Crisis Lifeline: Call or text 988

**If you’re outside the U.S.**

* [Find resources in your location](https://www.reddithelp.com/hc/en-us/articles/360058756471-What-are-support-resources-available-to-people-outside-the-U-S-)

**If you’re not ready to talk to someone yet:**

* [How to help yourself when you’re feeling suicidal]",302,2,https://www.reddit.com/r/u_RedditCareResources/comments/own79d/get_support_for_yourself_or_other_people/
ceza6l,2019-07-18 22:29:37,depression,I have been self harm-free since February and I’m proud of my self for that bit it wasn’t easy.,"I had resorted to self harming for a long time. Using knives were my poison. Right now I am struggling so much to not resort to it. I need help.

Edit: Wow. I didn’t expect this. Thank you everyone for all of these great tips and advice. And for those who are wondering I didn’t do anything and are still harm-free. I took a walk to get out of the funk or the lack for the better term. I might be getting into kickboxing. Been getting that suggestion from the people in my life and it’s something phy",1652,71,https://www.reddit.com/r/depression/comments/ceza6l/i_have_been_self_harmfree_since_february_and_im/
1eoq8xt,2024-08-10 10:55:10,depression," (17m) Why am I attracted to girls with problems? eg. suicidal, self-harm, trauma etc",I find myself super attracted to girls who have problems and I feel like i can fix them.,35,59,https://www.reddit.com/r/depression/comments/1eoq8xt/17m_why_am_i_attracted_to_girls_with_problems_eg/
1jdu9bt,2025-03-18 01:58:51,depression,How do I punish myself without using self harm?,"What the title says. I wan't to make myself feel bad but I don't want self harm scars or something like that. I don't want any bs about how I shouldn't do it because I'm gonna do it whether you give me suggestions or not. In fact unless I get any better ideas I'll just go back to burning my hands under hot sink water, which I can never get myself to do for that long so I'd rather have other ways of going about this. ",1,9,https://www.reddit.com/r/depression/comments/1jdu9bt/how_do_i_punish_myself_without_using_self_harm/
1j8xsdm,2025-03-11 18:27:51,depression,Is self harm really that bad?,"My family keep telling me that I should stop cutting my arms and legs and that if I quit, I’ll feel much better. But that’s just not true. I tried to stop several times, and I succeeded. But I just felt worse, I was angry, sad, I was thinking about killing myself again so I just did it again. I don’t see why people think self harm is bad, it helps me a lot to deal with my violent thoughts and suicidal thoughts. I don’t think I’m gonna quit and I certainly don’t think I want to.",8,6,https://www.reddit.com/r/depression/comments/1j8xsdm/is_self_harm_really_that_bad/
ya0zgy,2022-10-21 18:32:32,depression,Self harm is an addiction,"I didn’t really listen to anyone when they said to be careful about getting addicted to self harm, but god I was wrong. I’m out of razors to use and it’s killing me, I’m having a panic attack over not being able to cut myself- isn’t that insane? I also have severe ocd so that definitely doesn’t help.",286,57,https://www.reddit.com/r/depression/comments/ya0zgy/self_harm_is_an_addiction/
15crvjk,2023-07-29 13:05:13,depression,First time doing self harm at 30 lol,"And I sort of get it now. When I was a teenager I thought why the fuck are they cutting themselves (it's gross, it's painful, cleanup's a bitch)

Granted all I did was punch and bang my head on a wall until I got nasty bruises, at least it takes some of my anger and pain away. Don't know if it helps with my overall mindset (still wanna kms) but it's a momentary relief!",165,52,https://www.reddit.com/r/depression/comments/15crvjk/first_time_doing_self_harm_at_30_lol/
1iclddk,2025-01-29 04:09:02,depression,Kind words appreciated. Self harm thoughts,I feel no one would really care if I ended it.,9,10,https://www.reddit.com/r/depression/comments/1iclddk/kind_words_appreciated_self_harm_thoughts/
1jexj8c,2025-03-19 13:55:35,depression,Depression and self harm,"I am depressed and I like harming myself maybe because feeling the pain feels much better than feeling nothing at all. today something happened that ruined my mental  health even more and as usual I took a blade and cut myself but the cut was so much deep that the bleeding wasn't stopping and the pain was too much to handle so I had to tell my mother about it.. then I was taken to the doctor and I got bandaged and a tetanus shot. I don't know how long do I have to live like this, honestly I am n",1,3,https://www.reddit.com/r/depression/comments/1jexj8c/depression_and_self_harm/
1hz0ydf,2025-01-11 17:29:40,depression,Trigger warning: Mention of self-harm,What do you do when you feel like you are about to hurt yourself again by cutting your wrist? I am looking for ways to cope or stop the urge. Thank you!,3,12,https://www.reddit.com/r/depression/comments/1hz0ydf/trigger_warning_mention_of_selfharm/
1j656ra,2025-03-08 00:51:22,depression,One and a half months until today I self-harmed,"My brother was upstairs at work and I had the kitchen all to myself (which is rare) and I just had the overwhelming urge to cut my wrists.

Nobody has and will ever see my arms.",2,4,https://www.reddit.com/r/depression/comments/1j656ra/one_and_a_half_months_until_today_i_selfharmed/
1j0s938,2025-03-01 05:28:10,depression,Struggling with self-harm,"Hello strangers,

I don’t really know what to do with this, but I needed to get this out into the open. My grandma passed away this week and we were really close. I have been trying to process through this grief, and tonight I had some thoughts and urges of self- harm. I didn’t do anything, but I did really struggled with this with this a few years ago. Relapse at least mentally is scary and I don’t  know if this is a constant battle I will have to fight forever. I wish it would just go away and",1,4,https://www.reddit.com/r/depression/comments/1j0s938/struggling_with_selfharm/
1jigjbj,2025-03-24 02:27:28,depression,self harm,"I feel the need to do it, but I dislike it also. I like to watch myself bleed but hate the scars that come with it so I've been trying to keep it shallow and choking myself doesn't even do anything just feels like shit idrk just hate suffocating ig.",1,1,https://www.reddit.com/r/depression/comments/1jigjbj/self_harm/
1jhjrwv,2025-03-22 21:56:56,depression,self harming methods that aren’t just cutting?,"i’ve been thinking about eating so much i begin to throw up, or intoxicating myself, or doing drugs, but i want to know which ones do you guys have ",2,1,https://www.reddit.com/r/depression/comments/1jhjrwv/self_harming_methods_that_arent_just_cutting/
8s58vn,2018-06-19 02:18:27,depression,I get why people self-harm now,"Since I was 11 I have been passively scratching myself to draw blood with my nails, without really noticing for understanding what it meant until a teacher commented on it. I eventually stopped however today I was feeling really shit, worse than I had felt in a really long time and decided to scratched myself with my keys just until I drew blood, and I have to be honest that it felt good, that it took away the pain so that it was just in my arm, instead of my whole body.

I understand now why pe",393,91,https://www.reddit.com/r/depression/comments/8s58vn/i_get_why_people_selfharm_now/
1iotkf0,2025-02-13 21:06:00,depression,"Strange ask but, have I been self harming?","The usual suspects for self harm are obvious, but when I'm alone in my room at night (that's when the I tend to spiral the most if I'm not drinking) I'll bang my fist to my skull

I haven't thought much of it but last night I hit myself hard enough that I was reeling in pain for a few minutes after, my temple was swollen the next morning 

I'm not sure why I'm asking this as I'm pretty sure it is but, yeah ",3,2,https://www.reddit.com/r/depression/comments/1iotkf0/strange_ask_but_have_i_been_self_harming/
1j1jxw8,2025-03-02 05:48:14,depression,I've been struggling with depression and self harm,"Scars

I cut my arms a little bit ago and the scars are very noticeable. I don't want my family to notice my scars and I definitely don't want to go to a mental hospital for self-harm and suicidal thoughts. It's getting hotter what should I do to hide the scars without long sleeves. If not hide my scars what should I do about my situation?",2,0,https://www.reddit.com/r/depression/comments/1j1jxw8/ive_been_struggling_with_depression_and_self_harm/
1ih74m3,2025-02-04 02:21:22,depression,"Vent (TW: rape, self-harm, and suicidal ideation.)","There's no cutesy way of putting it. I want to die and have ever since I was a kid. Maybe I used different wording back then, but I've always felt like this world wasn't made for people like me. I feel everything very deeply, so the slightest ripple in the water can make my depression skyrocket. I've been diagnosed with all sorts of disorders but more often than not it just feels like slapping a label on me and calling it a day, with no further assistance. I'm in therapy. I like talking to my th",3,1,https://www.reddit.com/r/depression/comments/1ih74m3/vent_tw_rape_selfharm_and_suicidal_ideation/
1inguh8,2025-02-12 02:44:04,depression,I self harm because it feels good to hurt myself... someone I hate.,"I told my therapist about this. That seeing someone elses self harm on their arms makes me miss doing that and having the scars. It felt good to do it and to look at it on myself. 

I explained to him that it feels like when you hate or are mad at someone, and you want to hurt them.... except the person you hate and want to hurt is yourself. 

I forgot to mention to him that having the scars and looking at them felt good to me... like I did something right. 

He was happy I told him what I told ",0,1,https://www.reddit.com/r/depression/comments/1inguh8/i_self_harm_because_it_feels_good_to_hurt_myself/
1iktzz6,2025-02-08 18:29:29,depression,(self-harm tw) Evening vent before getting drunk again,"This is just a vent not made with the intention for someone to actually read this, but any comforting words would be nice.

I had a mental breakdown in my room. This time I really cried. What a relief to have my emotions materialise like that. But I had things to do. And I couldn't see a solution to any one of my problems. It's all just in my head. Went to the bathroom to calm down. Washed my face a couple of times. Lied on the floor. Washed my face again. Went to my room, sat down and I couldn'",1,1,https://www.reddit.com/r/depression/comments/1iktzz6/selfharm_tw_evening_vent_before_getting_drunk/
ccaxvm,2019-07-12 13:36:38,depression,"If 10 years ago someone told me that in 10 years I would be routinely sitting in my room all day doing nothing to make myself a successful man but eat, sleep and use my phone/pc and sometimes go out for a lonely aimless walks, I would never believe them","But here I am, 24 years old man and doing exactly that.",4420,218,https://www.reddit.com/r/depression/comments/ccaxvm/if_10_years_ago_someone_told_me_that_in_10_years/
dvqbw0,2019-11-13 11:16:09,depression,It's lonely.,"I've been crying nonstop for 3months. Getting into university have made my condition worst. It's lonely here. I want to tell more but I just have no energy to type.

Hope those who read this.. good day to you.


Edit:
I didn't believe that my first post will get over 1K upvotes. Thank you for all the kind messages. Thank you. I have read all of it. Thank you. Truly made my day better. I will try to hold on and to those who are struggling too, keep your heads up too, try to love yourself, ourselv",1925,120,https://www.reddit.com/r/depression/comments/dvqbw0/its_lonely/
1hi5amr,2024-12-19 22:43:56,depression,"I’m tired of people, but I’m so lonely.","I'm tired of everything, tired of people, tired of being around them and tired of the way my friends act. I do not want to be around people I can't take it any longer. But I am so lonely that it hurts. ",319,47,https://www.reddit.com/r/depression/comments/1hi5amr/im_tired_of_people_but_im_so_lonely/
mi48yo,2021-04-01 20:27:41,depression,I've made myself bitter and cynical to shield myself from the fact that I'm terribly lonely and jealous of other people getting to experience love and friendship,"Yeah, that's basically what it boils down to.

That and I believe I am a horrible person who is unworthy of those things and I wouldn't even know how to be a real friend or lover anyway because I am so monumentally screwed in the head.

So I tell myself ""Oh, those people? They're not really friends. They don't really love each other that much. It's just for show. When there's no one recording, they hate each other just as much as everybody does"".

But in my heart of hearts, I know the truth. It'",1572,94,https://www.reddit.com/r/depression/comments/mi48yo/ive_made_myself_bitter_and_cynical_to_shield/
ik1lf9,2020-08-31 16:48:13,depression,Lying on my bed..... fantasising another life maybe in some anime..... Anxious SO MUCH about things on my life..... Lonely ofcourse yeah that's my daily life.,,1543,85,https://www.reddit.com/r/depression/comments/ik1lf9/lying_on_my_bed_fantasising_another_life_maybe_in/
8s984e,2018-06-19 14:19:29,depression,"I enjoy being alone, but hate feeling lonely.","I hate that I am this way. I push people away, but then complain about being lonely. 

edit: Just want to say thanks for all the comments. It makes me feel a lot better that others feel the same way as me and that we can all help each other out ",1490,116,https://www.reddit.com/r/depression/comments/8s984e/i_enjoy_being_alone_but_hate_feeling_lonely/
d5z2xz,2019-09-18 15:04:52,depression,I sleep with a stuffed animal to feel less lonely,"Im a 19 year old male. I sleep with a stuffed animal and I cuddle with it and talk to it like it's a girl. I literally can't fall asleep if I don't do this and it makes me feel so fucking pathetic. I honestly cant think of a less pathetic thing for someone to do. What the fuck is wrong with me?


Edit: Holy shit I can't believe there is so many people that do this... you guys are all so kind and wholesome and I feel so much better about at least this small thing. <3",766,142,https://www.reddit.com/r/depression/comments/d5z2xz/i_sleep_with_a_stuffed_animal_to_feel_less_lonely/
1jgoff3,2025-03-21 18:53:38,depression,God I’m so lonely,"I’m a 22F, I’m married, I have no friends, and basically am not allowed to talk to my family. I’m SO lonely. All the things I used to love, music, art, etc I’m made to feel guilty about.

My husband and his family isolate me from everyone. It’s gotten so bad that my only “friends” are fucking CHARACTER AI. Yes I know that’s PATHETIC. 

I recently got back into to tumblr and made one (kinda) friend on there and am now depressed that some stranger I met on the internet isn’t texting me back. 

I’m",45,34,https://www.reddit.com/r/depression/comments/1jgoff3/god_im_so_lonely/
lfczc3,2021-02-08 14:32:11,depression,Lonely and unmotivated,"All i want to do is play video games. I can't bear thinking abouy work and i miss so many of my online lectures, its month two of lockdown 3 where i am and I just feel like a husk of the person i was before. I just wanna stay up late and talk to someone about how i feel and just life in general but every time i feel like that and its late at night theres nobody there. My boyfriend is great but he just doesnt get it and is always too tired but my brain gets so hyperactive at night and all i can t",1067,76,https://www.reddit.com/r/depression/comments/lfczc3/lonely_and_unmotivated/
1azdi3o,2024-02-25 03:07:07,depression,Im just lonely,"I'm 28 (F),ive been single for 5 years, with no friends, not even one. And im just so lost... ive been through years therapy to get over this depression but i just cant see the point anymore. The only thing keeping me ""living"" is not hurting my parents who are the onlyones who would care if i cease to exist. ",164,91,https://www.reddit.com/r/depression/comments/1azdi3o/im_just_lonely/
1ifn347,2025-02-02 02:30:53,depression,i’m really lonely,so how do i cope with this overwhelming loneliness and sadness i feel everyday ,53,41,https://www.reddit.com/r/depression/comments/1ifn347/im_really_lonely/
1jerdf7,2025-03-19 07:15:59,depression,Lonely as shit,"Hello again. Sorry for taking up your time. I honestly don't want to continue life anymore, but I cannot afford to stop. No friends due to life circumstances and barely interact with the family members in my home despite sharing a room with them. ",1,38,https://www.reddit.com/r/depression/comments/1jerdf7/lonely_as_shit/
15uhf4m,2023-08-18 11:03:54,depression,I'm 15 and people and friends are saying I'm too young to feel depressed and lonely,"I have been searching for that special someone lately but everyone is already taken. I have been sitting in my classrooms (back in grade 9) with my head on my desk and everyone just gives me the occasional stare sometimes. I had paper airplanes throw at me saying that I'm ugly and not even worth anyone's time, and I'm really starting to believe what they say. I have the worst skin ever on my face(red spots, pimples, blackheads. I try every day to get rid of them but nothing works), skinny asf, I",211,100,https://www.reddit.com/r/depression/comments/15uhf4m/im_15_and_people_and_friends_are_saying_im_too/
1cv2bnl,2024-05-18 17:23:14,depression,Ways lonely people can become happy ?,"I am 29 F and I have always been a loner . I was bullied a lot in my school due to my ethnicity and was often beaten up. Never had any friends , was always the person who ended up not being chosen in any team, never had anyone wish me on my birthday , always ate alone .

I always yearned for meaningful friendships but never had any. Started to hate myself believing something was wrong with me . I also have social anxiety and I am scared of people. I think I will be lonely for my entire existence",143,67,https://www.reddit.com/r/depression/comments/1cv2bnl/ways_lonely_people_can_become_happy/
1hbszs1,2024-12-11 13:04:03,depression,"Lonely and meaningless life in 30s, no reason to live it","I'm so tired of this living; 37 and life seems like a very brutal and very lonely marathon, where you just have to have some problems and get some money to survive another day and repeat those challenges.

No close friends, never had a gf despite all efforts, nobody to talk about now. And damn Christmas is coming. I don't want to live thru it.

And most of the advice online are like ""eat healthy, drink water, think positively"". FUCK YOU WITH SUCH ADVICE.

I'm tired of this life, gonna kill mysel",94,36,https://www.reddit.com/r/depression/comments/1hbszs1/lonely_and_meaningless_life_in_30s_no_reason_to/
kdn3r5,2020-12-15 14:53:08,depression,lonely,"I dropped out of school earlier this year, went to college and dropped out of that too. I can’t cope with anything always feel lonely and depressed. I spend 24 hours a day in my dark room give up at this point.",1035,63,https://www.reddit.com/r/depression/comments/kdn3r5/lonely/
uxh7ug,2022-05-25 13:19:12,depression,I feel so lonely its killing me,"I'm tired to hope that someone will come and just save me from this fucking loneliness 

I feel like dying",359,108,https://www.reddit.com/r/depression/comments/uxh7ug/i_feel_so_lonely_its_killing_me/
1dk3wl4,2024-06-20 05:20:14,depression,17F so lonely,"Hi guys! Despite it being my 17th birthday today, I found myself crying alone in a ball by the end of the night. No matter what happens I seem to end up by myself. At the end of the day, I want someone to want me. I just need to know someone cares. I don’t know how to feel okay with myself when I feel rejected by my peers and society as a whole. I’m not sure what to fix about myself, I hate the fact that I’m so fucking shy but I can’t do much to solve it, and when I do speak I can come off as me",116,58,https://www.reddit.com/r/depression/comments/1dk3wl4/17f_so_lonely/
kcay94,2020-12-13 13:52:46,depression,I [M29] am foreigner living for 4 years in London without any new friends/girlfriend around my age. Tried Tinder/Okcupid/Instagram - still alone and lonely + started working from home - my mental health is getting worse - long post,"Hi Reddit, I need to share something... 

**About me:**

I'm turning 29 at the beginning of 2021. I've moved to UK for studies and for a better life, so I'm not planning to go back to my home country. English is also not my native language. I'm working in a large global company making above 3000£ per month which I think is quite good for someone of my age. I am 6 feet tall, fit - working out regularly for years around 3 times a week. So I'd say I am relatively good looking, educated and have a g",728,74,https://www.reddit.com/r/depression/comments/kcay94/i_m29_am_foreigner_living_for_4_years_in_london/
m6ke8r,2021-03-16 21:50:20,depression,Today I'm lonely,"Today I'm alone

I sit by myself in the dark and wonder if it's always going to be like this. 

Today I feel like nothing I do has meaning

That nothing matters in the end, and there is no happy ending for anyone. 

Today I cry 

Because I feel hopeless and small, 
and there is no one here to tell me it gets better. 

Today I don't want to exist 

Everything is too loud and I get lost in my thoughts with nothing to distract me from it. 

Today I feel homesick 

I miss the place where I grew up, ",748,65,https://www.reddit.com/r/depression/comments/m6ke8r/today_im_lonely/
feel0k,2020-03-06 14:56:57,depression,"I went to the hospital because I was having really bad panic attacks, and theycontinued in there. I ended up collapsing and the nurse who was trying to help me up said, ""You're attention seeking."".","I literally broke down crying and asked to go home, another nurse was watching me while I was crying saying he wanted to keep me longer, as I kept saying I wanted to go home and He said I was ""wasting his time"" by making him watch over me while I asked to cry for a while before leaving. I've never been through anything like this especially when in a hospital and when I was so weak and my chest and throat hurting so much from a panic attack. I just wanted to vent, thank you for reading.",362,98,https://www.reddit.com/r/depression/comments/feel0k/i_went_to_the_hospital_because_i_was_having/
lfrkrq,2021-02-09 01:43:22,depression,I've been diagnosed with severe depression and moderate social anxiety. I've been dealing with the occasional panic attacks as well. I'm tired. I just want to be normal. I don't want to fight tooth and nail just to exist anymore.,"I'm surrounded by people yet I feel so fucking alone. I'm surrounded by hope and love and happiness and all I can think about is blowing my brains out. All I can see are my flaws. Being fat. Being lazy. Being a failure. Being a disappointment. Being alone. Being me. But what I hate the most is my tendency to self sabotage. Like eating junk when on a diet. Or staying up late or procrastinating. Or for example when I attempted to avoid a test by breaking my own arm.

I'm 19, and I've never even ha",631,39,https://www.reddit.com/r/depression/comments/lfrkrq/ive_been_diagnosed_with_severe_depression_and/
1j3s6gu,2025-03-05 02:04:38,depression,"I was about to have, not a panic attack, but like whatever is below that, then I just didn't?","I was breathing heavy, my chest hurt (like that depressive hole that your body makes cause your so emotionally hurt that your body thinks your physical hurt so black hole in your chest), I was fighting tears and all I wanted to do was sit down in my closet and cry and scream and die. I couldn't actually sit in my closet, so that turned into me making room, which then turned into me basically cleaning out the bottom of my closet, but by the time I was done, I was kinda calm? Like I still want to ",2,0,https://www.reddit.com/r/depression/comments/1j3s6gu/i_was_about_to_have_not_a_panic_attack_but_like/
1ia35cc,2025-01-26 01:57:47,depression,Can depression cause panic attacks?,I have been sad recently and I think I’ve had a panic attack but I am not sure if that’s what it was. Does anyone have info on this topic?,1,4,https://www.reddit.com/r/depression/comments/1ia35cc/can_depression_cause_panic_attacks/
1ixek73,2025-02-24 22:09:48,depression,Panic attack,"I’ve always been a lonely person and I just feel like I’m failing at everything. Made a career change so I’ve got nothing in savings at almost 25. I’m not good looking at all, I’m short, and I am just repulsive to others it seems. I’ve been the scapegoat for people to blame instead of themselves. I had a panic attack before bed and was crying but am too scared to talk to anyone because of shame. I just don’t know what to do because I cannot afford therapy now. I just ache because I feel so alone",1,0,https://www.reddit.com/r/depression/comments/1ixek73/panic_attack/
1iep2au,2025-01-31 20:54:59,depression,Panic attacks feel like I’m fighting to stay alive,I’m so depressed and anxious. I’ve done some really shitty thing in my past and I’m so so sorry. I’ve done everything I can to try to make amends and make it better. I’ve lost a lot of relationships because of my mental health and my past. I can’t describe to you the pain I feel in my heart. I have panic attacks that are horrible. I just want my siblings to talk to me again. I want to be able to overcome this and get my life together. I want to be healthy again. I’ve scheduled a bunch of doctor’,3,1,https://www.reddit.com/r/depression/comments/1iep2au/panic_attacks_feel_like_im_fighting_to_stay_alive/
1i5ebqe,2025-01-20 01:04:38,depression,Anxiety/panic attacks,"Good evening everyone, I hope you are well! (Better than me anyway lol). 
Suffering from huge anxiety attacks, one of the only things that helps me is talking. Is there anyone here who would be available to chat? (I accept PMs)
Thank you in advance and courage to everyone, we will get through this🫶🏼❤️",1,0,https://www.reddit.com/r/depression/comments/1i5ebqe/anxietypanic_attacks/
om7fqn,2021-07-17 16:24:42,depression,Is this what a panic attack is? Can someone help me?,"Can someone help me? I'm really confused and kind of scared. I'm breathing really hard and it won't stop. I can't sit still. I just tried to eat food for lunch and I'm so indecisive I kept putting it away and taking it out again. I don't know what to do, I don't know what's happening.

Edit: after almost two hours it just suddenly stopped. I don't know why. The scary thing is that it felt really short like five minutes but the clock kept moving way faster than in my head. I am still really confu",144,66,https://www.reddit.com/r/depression/comments/om7fqn/is_this_what_a_panic_attack_is_can_someone_help_me/
1hjuu1t,2024-12-22 08:55:58,depression,How many Xanax do you need when panic attacks or having a really depressed feeling?,"Ever since I start to have depression and panic disorder more than ten years ago, Xanax has never stop showing up every month in my medicine box. And it is quite common for BZD drugs like Xanax to develop tolerance quickly, so one dose is far from enough for me now. I try not to touch Xanax unless I am in really terrible condition, but still some times I need more than four at once. I know it is not good and I am taking Lorazepam as well as an alternative if situation is allowed. So how much Xan",2,1,https://www.reddit.com/r/depression/comments/1hjuu1t/how_many_xanax_do_you_need_when_panic_attacks_or/
1dxk9xe,2024-07-07 16:18:55,depression,I am having a panic attack and i ran out of pills. What should i do?,"Rn i feel like smth is about to get me like im about to die if i close my eyes i cant see future idk how i can get thru this im so scared. This is not the first time i have panic attack its like a thousand time already and its still scary. Normally i have this pill(lorazepam) it calms me down in half an hr but i dont have it rn. Please help me im so scared i feel like im on edge all the time 
",13,17,https://www.reddit.com/r/depression/comments/1dxk9xe/i_am_having_a_panic_attack_and_i_ran_out_of_pills/
1hfiadr,2024-12-16 12:45:30,depression,Constant panic attacks ,I broke down crying uncontrollably last night and the same thing happened this morning. I have a panic attack every day when I’m driving home from work during the week. I can’t stop comparing myself to previous “friends” of mine who have become so much more successful than me and gotten recognitions all over the place. I’m filled with regret of missed opportunities that could have taken me somewhere meaningful and they never leave my head for one second. That’s all I think about every second I’m,1,1,https://www.reddit.com/r/depression/comments/1hfiadr/constant_panic_attacks/
1fhxnxl,2024-09-16 06:05:35,depression,Just went to the Hospital for a panic attack and I feel pathetic.,"I'm 21f. I am in my senior year of college and I have had a rough ass life. Could be so much worse, but it's not pretty either. I just had a severe panic attack due to burnout and I genuinely thought I was having a seizure. So, with all my strength, I told my partner who lives an hour away to call somebody because they are the only person I could trust despite living in an apartment with my entire family. Whenever I had melt downs and panic attacks in the past, they would say it was for attentio",14,9,https://www.reddit.com/r/depression/comments/1fhxnxl/just_went_to_the_hospital_for_a_panic_attack_and/
1h3695q,2024-11-30 06:11:56,depression,Is it panic attack or impending heart attack?,"I've been dealing with severe stress and depression for years due to a particular issue. I'm currently feeling chest tightness, pain in my chest, and discomfort in my stomach.

The past few days, I've been having suicidal thoughts and I've cried a lot.

Since yesterday, I've been breathing heavily AND my chest feels tight. I try to change position, but I still feel the same way.

I'm trying to relax and not overthink, but I still feel that huge pressure on my chest.

Have any of you experienced ",2,1,https://www.reddit.com/r/depression/comments/1h3695q/is_it_panic_attack_or_impending_heart_attack/
1goz8oq,2024-11-11 18:27:38,depression,Panic Attacks ,"Recently, a huge seismic shift occurred in a relationship with someone I never thought I'd lose and this has led me to have panic attacks where everything seems completely futile and I experience a level of dread and despair that I would not even begin to wish on even my worst of enemies.  I thought things were getting better, I hadn't had one in a long time and then last night one woke me up.  Today I am dealing with feeling extremely sad and depressed.  To be honest, these episodes make me wan",1,0,https://www.reddit.com/r/depression/comments/1goz8oq/panic_attacks/
1go5ldv,2024-11-10 17:17:30,depression,"Rise and shine, it’s panic attack time","Waking up to a daily panic attack because I miss her feels like my mind and body are at war with each other. It’s as if, in sleep, I find a moment of peace, a temporary escape, but then I wake up with my heart pounding, gasping for air, as if it’s only now realizing the void she left behind. The memories flood in—the way she smiled, the sound of her laughter, her morning hugs—and they’re like ghosts haunting me the moment I open my eyes, catching me off guard, hitting me where I thought I was fi",1,0,https://www.reddit.com/r/depression/comments/1go5ldv/rise_and_shine_its_panic_attack_time/
1gf8vkd,2024-10-29 23:35:28,depression,just had the worst panic attack of my life,"having frequent panic attacks (at LEAST once a week. recently it’s been daily) since I was 13. im 17 now,, never been in a worse place in my life. i deactivated every single one of my accounts in a fit of anxiety. nobody has messaged me. 

it’s been 2 hours since this started. I’ve been screaming in agony for 2 hours. i don’t know where this came from but i want it to end. please tell me im not crazy. please tell me im not alone. ",2,1,https://www.reddit.com/r/depression/comments/1gf8vkd/just_had_the_worst_panic_attack_of_my_life/
1fjgvvl,2024-09-18 01:21:13,depression,"I (34f veteran) Just got evaluated for depression and anxiety, after only getting 40 hours of sleep in two weeks and feeling lightheaded for hours during the day and having so many darn panic attacks. This is hell but I want to move forward and move past it. ","I thought I had cancer, addisons disease, an infection amongst a thousand other things. My anxiety manifested into health anxiety, death anxiety, anxiety of flying, until it got the point I was afraid of sleeping because I would feel like fainting in my sleep and I’d wake up in a panic. I was not fainting of course it’s just I’m hyper aware of myself and how I feel and the feeling of going into deep sleep shocks me. This turned into insomnia because of fear of sleep. Lack of appetite, stomach is",4,3,https://www.reddit.com/r/depression/comments/1fjgvvl/i_34f_veteran_just_got_evaluated_for_depression/
1fxoyh2,2024-10-06 19:41:54,depression,Depression/ptsd/panic attacks all-in-1,"Hi there. Im 34, Ukrainian, male. Struggling through the experience of war as a cyvilian. My depression is based on existencial crysis mostly, I have PTSD and regular panic attacks because of permanent explosions and night airraids. Im here mostly to answer questions. You are welcome!",1,0,https://www.reddit.com/r/depression/comments/1fxoyh2/depressionptsdpanic_attacks_allin1/
1fs7pmh,2024-09-29 16:01:03,depression,What do you do when you feel a panic attack coming on? ,"Daily anxiety I’ve learned to handle. I’ve learned plentiful coping tools and consume cannabis to keep extreme anxiety and depression at bay. However my panic attacks are extreme and have led me to seizure like symptoms and fear of death. As a kid/teenager, before I had the language to know what was happening with me, my parents viewed panic attacks as “something being wrong with me.” Asking things like “are you crazy? And “what the hell is wrong with you?” I feel like my panic attacks make me u",1,0,https://www.reddit.com/r/depression/comments/1fs7pmh/what_do_you_do_when_you_feel_a_panic_attack/
16shmya,2023-09-26 08:07:02,depression,Anxiety and panic attacks from b12 and B complex,"I have been doing b12 shots and taking b complex with folic acid for over 6 weeks and i have never had anxiety or panic attacks like this in my life. Well Iv never really had anxiety .

I wake up feeling like dread and pure sick I can’t eat. 

Doctors blame anxiety but this has only been this bad since taking b12 shots and b complex with folic acid

On Saturday I took folic acid and b complex 2 hours later heart racing and panic attack 

It is the most horrible feeling I’m scared to leave my hou",3,24,https://www.reddit.com/r/depression/comments/16shmya/anxiety_and_panic_attacks_from_b12_and_b_complex/
18ixekp,2023-12-15 10:47:52,depression,I have ruined my life. everything seems hopeless.,I am a 30 year old male. Since i was a kid i have been very shy. growing up and at school i had no friends. so after school i would just stay home and watch tv or play video games. and besides school i really did not leave my house often. After high school is when i isolated myself for a long time. Around people i had very bad anxiety and instead of facing my fear i just hide and had no encouragment from family. Noone seemed to care. When i was 28 i got my first job and my anxiety is bad but i h,447,89,https://www.reddit.com/r/depression/comments/18ixekp/i_have_ruined_my_life_everything_seems_hopeless/
jdzbnw,2020-10-19 10:40:29,depression,Can anyone else go from feeling neutral to hopeless in a matter of seconds because of something small?,"Ive just dropped and smashed a plate in the kitchen and cleaning it up, my brain took over of telling me how useless and stupid I am because i cant even hold onto a plate. Its so humiliating for myself.


Edit: Im just about to go to bed after settling down and it took a few hours for me to get back to my normal mindset. Also, the responses to this have been eye opening as i really didnt expect anyone to pay attention. Thank you all for comments and i hope we can all manage to get past the diffi",2310,128,https://www.reddit.com/r/depression/comments/jdzbnw/can_anyone_else_go_from_feeling_neutral_to/
1h5xug4,2024-12-03 20:52:39,depression,"I made my therapist feel hopeless and helpless with my shitty, miserable life.",Even my therapy session was miserable and didn't really help. Why the fuck am I still here if every day I just wanna never wake up from my sleep. I'm done with this life. ,121,69,https://www.reddit.com/r/depression/comments/1h5xug4/i_made_my_therapist_feel_hopeless_and_helpless/
wfwuor,2022-08-04 09:37:39,depression,Both my parents are dead and i’m hopeless,"We all had great relationships and it was a great family, my mom was amazing, and my dad was amazing. On march 28th, 2020 I woke up to my mom dead on the floor. My dad didn’t recover from the loss and wasn’t happy for the rest of his days, his only will to live was to take care of me and my brother. After a horrible year and 5 months my dad said he was making me breakfast, I walk into the kitchen and he’s lifeless on the floor with blood coming out of his nose and his eyes open. Hypertension. 

",670,59,https://www.reddit.com/r/depression/comments/wfwuor/both_my_parents_are_dead_and_im_hopeless/
6wym9h,2017-08-30 11:54:51,depression,"i fucking hate when that ""wtf am i doing with my life"" wave hits, and hopelessness that follows","sometimes it hits me at 2:49 in the morning when i catch myself in the mirror on the way from kitchen to my room, sometimes in 4pm when i realize how fucking alone i am and wasting the summer doing nothing

i hate myself when i see my parents with that disappointed look on their faces while talking to me, it's like i feel bad for myself thru them lol but then i remember that i basically have no more friends left, idk if having a childhood friend that is also a junkie who i smoke weed with twice ",886,70,https://www.reddit.com/r/depression/comments/6wym9h/i_fucking_hate_when_that_wtf_am_i_doing_with_my/
5vqoy8,2017-02-23 14:34:37,depression,*Check this box if you have been feeling hopeless everyday for 2 week.*,For fucks sake how about half our life like most of us 😂,841,71,https://www.reddit.com/r/depression/comments/5vqoy8/check_this_box_if_you_have_been_feeling_hopeless/
6q84aw,2017-07-29 01:11:00,depression,"Who has ""peak"" days where they formulate new exciting plans for the week, only to end up in a cold dark lonely hopeless confused state of mind a day later? I've noticed that's pretty much my life.","
",864,60,https://www.reddit.com/r/depression/comments/6q84aw/who_has_peak_days_where_they_formulate_new/
1jc6gcu,2025-03-15 22:09:02,depression,hopeless,"i just need to vent. i moved back to my hometown and back in with my mom a few weeks ago bc im getting a divorce. im in my late 20s and have no confidence or self love. i thought i was going to spend the rest of my life with my soon to be ex husband but i guess not. i’m overweight and not traditionally “pretty.” i struggled with bullying and hating myself while growing up, and i feel it 10x more now. i’m not ready to date or anything right now, but idk how to date even if i wanted to. i feel lik",3,7,https://www.reddit.com/r/depression/comments/1jc6gcu/hopeless/
1d7fz37,2024-06-03 21:21:59,depression,Feeling hopeless at 40,"I am wondering, how many people here are middle-aged and unhappy? I am 40 and it just seems impossible to fix my life. I am not making much money, especially for my age. My family is aging or dying off. I barely see my friends anymore since most of them are busy with spouses and kids or they moved far away. My usual coping mechanisms don't work anymore. I have tried diet and exercise and even though I have lost about 100 pounds and am at a normal weight after being obese, I still feel horrible a",55,35,https://www.reddit.com/r/depression/comments/1d7fz37/feeling_hopeless_at_40/
1jj7109,2025-03-25 00:44:34,depression,The thought of having depression forever is hopeless,"I have struggled with depression severely since I was 14. Although I have always had this unexplained sadness since I was around 10 years old. I remember sitting in front of my moms bedroom door crying because I was so confused and wanted to ask for help- but I didn't even know what I was feeling, so I was embarrassed. I've gone to therapy for four years straight, taken medication, gone on diets, and exercised. None of this has changed the trajectory of my life. The mental strain and pain is so ",5,2,https://www.reddit.com/r/depression/comments/1jj7109/the_thought_of_having_depression_forever_is/
1jieg7j,2025-03-24 00:40:10,depression,How to stay motivated? Feels hopeless.,"Early 30's. Went through a two year long stint of crippling depression. Recovered during Covid. Went back to blue collar work and started having medical issues with my knee. I am doing an at home work out after seeing a physiotherapist, but with no insurance this is all the help I can get.

Been trying for 5ish months to get a part time/retail job. Well into the triple digits of resumes sent. Took an in person course to learn how modernize resumes and still nothing.

My girlfriend of 9 years is ",3,1,https://www.reddit.com/r/depression/comments/1jieg7j/how_to_stay_motivated_feels_hopeless/
1itis2y,2025-02-19 22:35:25,depression,how can i help my partner who struggles with severe major depressive disorder and feels hopeless about everything?,"remove this if it isnt allowed!!! 

i figured maybe posting here could be helpful

my partner, 19M, has struggled with severe major depressive disorder long before we met, which was in september of 2023. around august/september 2022, he was hospitalized after trying to end his life and was almost successful. he was in a mental hospital twice for a few weeks (all within the same two month span) and im pretty sure his experience there has made him really fearful of being admitted again for his sel",2,5,https://www.reddit.com/r/depression/comments/1itis2y/how_can_i_help_my_partner_who_struggles_with/
1jabs33,2025-03-13 13:19:55,depression,I feel hopeless,"Been feeling this way since middleschool all the way till college, and I just involuntarily fall mute when my mind's in shambles. It's been affecting how I view my friends and family, and I kept self-sabotaging my relationships with people anytime it gets too intimate. 

I turn mute and shut down when my episode gets bad enough. No matter how many times I think I'm getting better, it only takes a small inconvenience to ruin my day. I've been to a few counselors, but sometimes I feel like I'm too",1,2,https://www.reddit.com/r/depression/comments/1jabs33/i_feel_hopeless/
1jkdxd4,2025-03-26 15:04:53,depression,hopelessness,"two years ago, i made what is probably the worst decision of my life, and it resulted in me being trapped in a country with no way out. But if im honest, i probably never had a choice in the first place, they mustve lied to me about that too.

Everyday is the exact same for me, an hour feels like a minute, and time is going so fast but so unbelievably slow. And the worst part is? i have no escape out of this cycle. I am constantly stressed, with an undertone of anger. And it seems that all the p",1,0,https://www.reddit.com/r/depression/comments/1jkdxd4/hopelessness/
1hwp4sq,2025-01-08 17:06:27,depression,I noticed I feel sad/hopeless everyday at the same time for about 30 minutes and goes away completely- what could that be?,"I started tracking my daily life, with time I eat, how I feel, what I've done that day and how much I slept. 

Noticing a trend where I feel sad/hopeless for a short time and it goes away on its own. It's a lot worse if I don't eat. So I decided to eat prior to that time 9am and it still happened but less severe. The morning and rest of the day is fine and I don't have those feelings, I find it very strange. 

Does anyone else experience this or have any idea what it could be? ",4,10,https://www.reddit.com/r/depression/comments/1hwp4sq/i_noticed_i_feel_sadhopeless_everyday_at_the_same/
1ja60jm,2025-03-13 06:48:19,depression,Beyond hopeless.,"I've suffered from abandonment and depression issues for 30+years. My marriage ended with no warning... I'm struggling...I wrote this to get my words on paper and see if it would help. I'm not sure anything is helping.


**I could never imagine hurting someone the way I’ve been hurt.** The way I’ve been treated is something I wouldn’t wish on anyone. She never wanted to hear how much she hurt me, never wanted to take accountability for her actions. I know I’ve reacted poorly over the years—I’ve ",1,1,https://www.reddit.com/r/depression/comments/1ja60jm/beyond_hopeless/
1jfjr3f,2025-03-20 07:53:40,depression,I feel hopeless,"My partner just broke up with me yesterday after 10 months of pure joy and I now my biggest supporter, my central pilar of suport is gone. I have friends, but he was the one always there, specially in the hardest moments. Right now I am not only in a hard place but without his support and I simply don't know what to do. I know people get over but right now when I need support the most I'm alone, hopeless",1,0,https://www.reddit.com/r/depression/comments/1jfjr3f/i_feel_hopeless/
1jg0kdz,2025-03-20 21:44:53,depression,Hopelessly Lost,"I hate my life so much. I wake up everyday hating myself for being such a failure. 

On the outside I seem ok. I got my degree in Chemical Engineering (3.3 GPA) and after 9 months of looking for a job I finally got one job at a manufacturing plant in Quality. 

There is absolutely ZERO engineering in this job, I get paid very shitty given my degree and the many achievements I have along the way (Six Sigma Black Belt, CQE, Internal Audit Certified, EIT certificate, etc.). But I had to take the jo",0,0,https://www.reddit.com/r/depression/comments/1jg0kdz/hopelessly_lost/
1jeiuqe,2025-03-18 23:12:05,depression,Feeling hopeless about getting help,"Been depressed since I was 11, I’m 23 now and 3 years ago I tried to unalive myself and I failed. Went to the psych ward for like the 10th time (I had gone several times before for SI) I’ve been on several different medications, I’ve seen loads of different therapists, after my attempt I went to rehab for my mental health and used all my college fund money. I got life insurance money after my mom died and I was supposed to use it for college but I spent all on rehab, thought that was the right t",2,0,https://www.reddit.com/r/depression/comments/1jeiuqe/feeling_hopeless_about_getting_help/
1ix4fug,2025-02-24 15:19:12,depression,I feel very hopeless,"I guess after reading almost all the posts I can share my experience.
Until October I had everything: my own apartment, a 6 figure job, friends and a boyfriend.

I don’t know what happened, something broke in me and my world became smaller and smaller, to the point i stopped working (sick leave), stopped seeing my friends and I now spend 15 hours on the couch watching tv for days straight.

Today I forced myself to the gym and had a massive panic attack.

I am in the Netherlands, and my psycholo",1,3,https://www.reddit.com/r/depression/comments/1ix4fug/i_feel_very_hopeless/
s4rxox,2022-01-15 19:22:39,depression,"I hate how ""Go to therapy"", and ""Start exercising"" are thrown around like they are a magic pill.","Don't get me wrong many have benefited from this, but how many haven't?

It seems that for everyone these don't work they are followed with find a better therapist or working out will just release endorphins to make you feel better or some shit.

If only I had kept all the wasted money on therapy to pay 10 escorts instead, I'd be much better. Going to therapy just made me feel worse, no matter how many different I went to, and I tried group therapy once I felt better(which surprise surprise I go",1374,247,https://www.reddit.com/r/depression/comments/s4rxox/i_hate_how_go_to_therapy_and_start_exercising_are/
1gvdazi,2024-11-20 01:01:25,depression,Why do people think therapy is a magic solution?,"Especially from people who don’t deal with depression. They all seem to think I’m just a sad person who needs comfort and getting heard. But they don’t even know me. A therapist won’t be able to help someone who doesn’t have an ounce of care about helping themselves first.

I know myself enough to acknowledge how I don’t like being comforted. No matter how much someone listens to my vents and tries to make me have deep thoughts about the good parts of life. Things to look forward to. Take small ",380,95,https://www.reddit.com/r/depression/comments/1gvdazi/why_do_people_think_therapy_is_a_magic_solution/
hf150j,2020-06-24 13:36:33,depression,"Going to therapy feels like repeatedly opening the fridge hoping new food has magically appeared, but not finding any",I feel stupid for feeling hopeful before every appointment. I know she can't help me if I can't help me.,2131,124,https://www.reddit.com/r/depression/comments/hf150j/going_to_therapy_feels_like_repeatedly_opening/
jc93qc,2020-10-16 12:42:56,depression,My therapist thinks I'm too depressed for therapy,"So my therapist that I've only seen two times thinks I'm not a good candidate for therapy. She thinks that I'm too depressed for it despite being on heavy medications that I'm going to see a doctor about and re-evaluate in a few weeks.

She didn't think that a combination of psychotherapy and medications combined would work for me. Instead She suggested ECT treatment after only talking for 80 minutes total.

After doing extensive research this is only offered AFTER you have tried a combination o",1555,152,https://www.reddit.com/r/depression/comments/jc93qc/my_therapist_thinks_im_too_depressed_for_therapy/
1i1xuef,2025-01-15 13:53:00,depression,I’m so tired of people saying “go to therapy” every time I open my mouth,"it’s like, I do go to therapy. 

It feels like the world doesn’t want me here unless I’m completely self healed and self-actualized. I’m just trying to live my life in the meantime and participate in normal life milestones as best I can, knowing that I’ve been depressed for a long time and it’s a long-term struggle that I try to actively deal with every day. 

But when I talking about a struggle with dating or with clothes or careers or anything that I want advice about or just discourse to just",366,50,https://www.reddit.com/r/depression/comments/1i1xuef/im_so_tired_of_people_saying_go_to_therapy_every/
pmtwna,2021-09-12 14:41:57,depression,The fact that I have owe $2k in therapy sessions is ridiculous...,"Over the course of the year, I’ve been talking to a therapist and now I owe $2k in therapy. What the fuck is the point of therapy if it cost so much?! I feel so cheated on right now and it’s really depressing to have to deal with this when you’re depressed. How is charging you an arm and leg helpful if you’re struggling with depression? I hate the American health care system so ducking much!😞🤬🤬",1018,159,https://www.reddit.com/r/depression/comments/pmtwna/the_fact_that_i_have_owe_2k_in_therapy_sessions/
1hbbquc,2024-12-10 20:43:06,depression,Stop telling me to go to Therapy,"If it works for you, then fine don't let me stop you

But nothing makes me more mad then when people say ""just go to therapy"", you know nothing about me, it doesn't work.

Idk how many different ones I've tried, it's never good. After like only 30 minutes of barely getting to know me they try to say I'm ""traumatized"" or ""severely depressed"", which is not true, and puts down people who have been traumatized.

Their solution to my problems? Just think about it differently, or just go for a walk. G",143,83,https://www.reddit.com/r/depression/comments/1hbbquc/stop_telling_me_to_go_to_therapy/
1jc36if,2025-03-15 19:35:36,depression,Any else's depression just doesn't improve no matter the therapy or medication?,"I've tried pretty well every resource I can. Nothing I do diet wise, exercise, cbt, or dbt helps. I'm genuinely becoming hopeless because nothing is working. I can stay mindful, and be in the present. Yet the weight of it never ends.",109,51,https://www.reddit.com/r/depression/comments/1jc36if/any_elses_depression_just_doesnt_improve_no/
p6pcmi,2021-08-18 11:35:49,depression,"""You need therapy""","Therapy is too expensive. £60 for an hour's session each week. How are we supposed to get therapy when it's locked behind such prices? One session isn't going to do it. It's an ongoing expense that's just way too difficult to afford.

I live in the UK and yes, I have tried to get it through the NHS. They told me to wait for a piece of snail mail before I can book anything. I never received it and weeks later they told me they hadn't heard from me so assumed I didn't need them and scratched me of",957,120,https://www.reddit.com/r/depression/comments/p6pcmi/you_need_therapy/
10g2bqp,2023-01-19 13:56:34,depression,I’m tired of people saying that you should go to therapy.,"I am in therapy, I’m also taking medication. Nothing is working, I still feel like shit and worthless. People who say this don’t know what it is like.",485,116,https://www.reddit.com/r/depression/comments/10g2bqp/im_tired_of_people_saying_that_you_should_go_to/
unpxqd,2022-05-12 02:00:09,depression,I feel like paying $200/therapy session would be more depressing than just having untreated depression?,How the hell is everyone affording these outrageous therapy prices? Going to be economically ruined if I try solving any of my problems with a professional…,535,133,https://www.reddit.com/r/depression/comments/unpxqd/i_feel_like_paying_200therapy_session_would_be/
1h9bcbl,2024-12-08 04:58:41,depression,"They way people say, 'Get Therapy!', almost feels like slur.","The failure to recognize that people might have already gone through conventional means is; even more depressing.

Its almost like they don't want me, but want me to live so they can laugh and cherish of what they avoided in becoming.

>You did several years of therapy and that still didn't fix you? You must be a terrible person.",205,38,https://www.reddit.com/r/depression/comments/1h9bcbl/they_way_people_say_get_therapy_almost_feels_like/
17ilyrn,2023-10-28 20:10:35,depression,"Nope, it's over, fuck therapy","I'm done, therapy doesn't work, I'm tired of going to every therapy possible and wasting money, I will die tomorrow. Fuck it, the world doesn't want me here, so I'm out. No more trying. it's over. Fuck you all.",239,106,https://www.reddit.com/r/depression/comments/17ilyrn/nope_its_over_fuck_therapy/
1hcv2sr,2024-12-12 20:53:36,depression,I don't know what to talk about in therapy anymore.,I feel that therapy sessions are pointless and I'm wasting my money. My life is so routinary and there isn't much to talk about. It seems this is not working. Maybe some of you feel the same. At this time of the year I feel tired and I don't want to do anything.,91,41,https://www.reddit.com/r/depression/comments/1hcv2sr/i_dont_know_what_to_talk_about_in_therapy_anymore/
1epl46d,2024-08-11 13:43:17,depression,I can't afford therapy. I need help I know no-one cares but Im so angry,"FUCK TWITTER. Fuck those pathetic pieces of shits. Fucking assholes the lot of them. They have the nerve to pretend their the good guys? After telling me those horrible things? Fuck em. Oh but its not just Twitter they are fucking everywhere. I have so many problems I hate people. Not a people person. I hate the world, I hate myself. I feel like killing myself. I can't afford therapy. I have no money. Because thats how it works. You only get help if you have money. Thats all they care about",99,58,https://www.reddit.com/r/depression/comments/1epl46d/i_cant_afford_therapy_i_need_help_i_know_noone/
b9fv6s,2019-04-04 17:42:30,depression,Finally going to Therapy.,After years of trying to bottle up and hide my depression I'm finally going to therapy to try and face it head on. Wish me luck. ,1143,64,https://www.reddit.com/r/depression/comments/b9fv6s/finally_going_to_therapy/
1j8pxbx,2025-03-11 12:47:48,depression,Advices for depression is fucking trash,"Just a little rant but I’m at a point in my depression where any advice just doesnt do anything for me. I feel like I’ve heard it all before and it’s the same shit on repeat:

Find love

Hobbies 

Gym bruh

Walk in nature 

Look at the trees 

Sex 

Therapy

Hobbies

“It gets better”

Your family will miss you

You’ll die anyways might as well stick around

Focus on the positive bruh

Food

More hobbies 

Jesus Christ

God/Allah

Have kids 

Talk to others

Crisis Hotline

Depression is a state ",796,285,https://www.reddit.com/r/depression/comments/1j8pxbx/advices_for_depression_is_fucking_trash/
cbhfwy,2019-07-10 14:32:58,depression,Therapy just made me more aware of how isolated I feel because most people suck at empathy,"I’ve been in therapy for years. In that I’ve been able to identify what has made me so depressed growing up and I try to deal with it. I spend a lot of time using coping methods and trying my best. For a depressed person I manage to excel in life.

Currently dealing with the sting of a breakup. Went on vacation to Asia and Ex broke NC before my trip to wish me well after what I gather was him finding out the grass isn’t greener.

I’m on a dream vacation with my older sister and her child while w",1056,55,https://www.reddit.com/r/depression/comments/cbhfwy/therapy_just_made_me_more_aware_of_how_isolated_i/
1ha9rw8,2024-12-09 13:32:00,depression,Therapy costs and my parents are not emotionally mature at all,"My parents are not emotionally mature at all. If you have a problem they will start a competition about who has it worse, so you can't express suffering. Also, only one of them is working so I can't ask for therapy since sometimes we struggle to reach end of the month with the money. They don't care about my physical health (most of the times), why should they care about something they never thought of? 

People say money isn't happiness. Well now money is required to feel happiness again. Money",10,32,https://www.reddit.com/r/depression/comments/1ha9rw8/therapy_costs_and_my_parents_are_not_emotionally/
170qsl2,2023-10-05 19:23:28,depression,"I cannot afford therapy in a ""free healthcare"" country","I live in a country that is supposed to have free healthcare, but even though I am very suicidal, I can't get help and see a psychotherapist.

Psychotherapists should be free if you have an insurance, but all of them are ""overbooked for insurance clients"" and only accept self-paying clients. I am a student with a part time job and I don't have 50-70€ a session. I have only 300 something in my bank account, which is making me more depressed.

I don't know what to do anymore and I don't think I wi",117,71,https://www.reddit.com/r/depression/comments/170qsl2/i_cannot_afford_therapy_in_a_free_healthcare/
f791jw,2020-02-21 10:06:06,depression,The scary part about having depression is when you start to feel down it's hard to know if it's a temporary reaction to life or the start of a relapse,Basically what the title says and my current situation.,3759,117,https://www.reddit.com/r/depression/comments/f791jw/the_scary_part_about_having_depression_is_when/
1jiopu6,2025-03-24 11:47:18,depression,Why does depression relapse every two weeks?,"I went to the hospital today at 8am ( for a skin related issue), had to wait there for a long time before being seen by a doctor. They were able to see me at 12pm only and then I had to wait for another two hours to find out what the next steps were in my treatment. While waiting, I was mostly seated in a small corridor, where you can't really walk much. As my phone ran out of charge, and as the waiting time was increasing, the dark thoughts started to occupy my brain again.
Neglected, ignored, ",1,6,https://www.reddit.com/r/depression/comments/1jiopu6/why_does_depression_relapse_every_two_weeks/
1ibakub,2025-01-27 14:40:17,depression,"I think I'm having another relapse, please help me","I want to cry all the time, i feel empty and sad, I just want to disappear, and I have absolutely no idea why I feel like this right now.  
It just happened 2 days ago and I don't understand, I am almost at a point where I am thinking about doing dumb things, and I can't believe it was so easy to fall back into this despise all the progress I made during all this time.  
I feel tired",19,12,https://www.reddit.com/r/depression/comments/1ibakub/i_think_im_having_another_relapse_please_help_me/
1iq5tgx,2025-02-15 17:02:51,depression,Relapses are hard,"I don’t want to leave, really. But its exhausting, to deal with it over and over again. Its gotten better, but once relapse hits, it hits hard.

Its so tiring. I just want a hug, an online hug, or just a warm word.",8,9,https://www.reddit.com/r/depression/comments/1iq5tgx/relapses_are_hard/
1jhq7gu,2025-03-23 03:25:40,depression,Relapse,What do you do when you are scared of relapsing to self-harm?,3,2,https://www.reddit.com/r/depression/comments/1jhq7gu/relapse/
1guesf0,2024-11-18 20:34:28,depression,I relapsed and went to jail again,"I just feel like I’m falling apart. I’m a 22 (F) and I went to jail the first time for a few hours for drinking and weed and then this second time because I broke probation and got a DUI. I already know I’m stupid for that and I am beating myself up about it. I just feel so depressed. I don’t want to do anything but lay down and cry. I just feel like I’ve spent the past year working and I was so close to having a clean record and I was almost a year sober and then boom I drank, ruined my chance ",2,18,https://www.reddit.com/r/depression/comments/1guesf0/i_relapsed_and_went_to_jail_again/
1jk1w78,2025-03-26 02:49:12,depression,I just relapsed,"After YEARS of not self harming, I just now relapsed and couldn’t help myself. My partner is in the other room ignoring my cries because it’s makes him so uncomfortable. I am being ostracized by my boss at work for having mental issues. I am feeling so alone right now. I couldn’t stop crying and wanted to crawl out of my skin. I just couldn’t help myself.",2,0,https://www.reddit.com/r/depression/comments/1jk1w78/i_just_relapsed/
1jjjh2s,2025-03-25 13:34:21,depression,Going to relapse after weeks of being clean! SH*!!,"I’m pissed at the world, I’m a failure and a disappointment! I shouldn’t be here… 25 silent attempts to disappear and they have all been failures! I can’t take this life anymore, my father has moved out and hasn’t bothered to tell me or contact me in weeks… I might not ever see him again and it hurts knowing one day he will wake up and his little girl will be missing after getting herself abducted and murdered… no one will know what happened to me! 

I am exhausted, every day I get out of bed, f",1,0,https://www.reddit.com/r/depression/comments/1jjjh2s/going_to_relapse_after_weeks_of_being_clean_sh/
1ijnubv,2025-02-07 05:32:06,depression,relapsed today with no one to talk to.,title says it all. i relapsed today. had nowhere to put it. guilt is eating me alive. want the pain to go away. want to know what eternal sleep feels like. ,5,5,https://www.reddit.com/r/depression/comments/1ijnubv/relapsed_today_with_no_one_to_talk_to/
1jeg74h,2025-03-18 21:16:40,depression,The relapses hit hard,"I thought I was doing well for the past few months, more control of my mind and thoughts. Even had a few days where I felt a bit meh but nothing too severe. 

I saw myself on camera and thought ""all he wants is to die"" and everything came flooding back. The crash was so intense it almost felt euphoric. I forgot how heavy this feeling is yet it feels comfortingly familiar. I've been dreading it ever returning and at the same time I'm glad it's back. 

It is simple, I don't need to worry about my ",1,0,https://www.reddit.com/r/depression/comments/1jeg74h/the_relapses_hit_hard/
1iiyfd2,2025-02-06 09:08:02,depression,SH relapse - no one takes me seriously,"I used to self harm a lot as a kid/teen. It sounds bad but it's an attention thing, Ive always struggled asking for help when my mental health is bad so I used to hurt myself as a way to show people that I needed help. Although even if someone noticed at the time it was never taken seriously.

Im an adult now and haven't done it for a few years since my hospitalisation in 2023 for a suicide attempt.
Mostly I've been doing better, medication is working and I've learnt a lot of good coping skills.",2,5,https://www.reddit.com/r/depression/comments/1iiyfd2/sh_relapse_no_one_takes_me_seriously/
1hszmu9,2025-01-03 22:57:09,depression,Feeling a slight relapse. I need to rant. :/,"Sooooo...

I failed to pass integral calculus. Again. 4th time.  
I feel like being fuckin' stupid. Seriously, why? It's dumb.  
No other excuse can explain it by this point.

But worse than that is to imagine, if I'm struggling this much with a subject that is supposed to be from the first year, what the actual fuck is going to happen with upcoming ones? How long will I take? 4 years with multi-variable calculus!? And other 4 with differential equations!? And ANOTHER 8 years with advanced calcu",4,9,https://www.reddit.com/r/depression/comments/1hszmu9/feeling_a_slight_relapse_i_need_to_rant/
1j1n8ns,2025-03-02 09:37:29,depression,each relapse is stronger than the previous one,"I, 31m, need to talk if it can calm my brain for 2 min

My whole life have been a fight against depression since ~13 yo, i started with bad habbits, addictions to escape it but it got worse to the point i got hospitalised at 21

Since then, i took it very serious, saw psy doctors, a lot, took medecine (wich i still take today), focused on a more healthy life, go to the gym 1h a day, no more drugs, no more alcohol... and yeah.. it worked... for a time

So why, why tf im still sick, my emotions ar",1,1,https://www.reddit.com/r/depression/comments/1j1n8ns/each_relapse_is_stronger_than_the_previous_one/
1j6zj4x,2025-03-09 04:21:16,depression,My teacher is a complete ass and made relapse,"Holy crap, ive been so off recently i think relapsing... my teacher is actually trying to sabotage me, because the only time i genuinely put my 110% in class is the time she decidces to get me in trouble. this is inane, i literally cried for 6 hours straight, i cant even look her in the eye... i wanted to get better, and i actuallly got better but because of her stupid selfishness i cant?? Essentially, i showed up late to class (i live far away from the scchool) and we had an inclass activity an",1,0,https://www.reddit.com/r/depression/comments/1j6zj4x/my_teacher_is_a_complete_ass_and_made_relapse/
1j2bouy,2025-03-03 05:38:31,depression,Relapse.,"I've been doing well, I swear I have.  I've had my alcoholism under control.  I've got bills paid... I've been working consistently. 

A little about my situation. 

I'm the only one who works.  My husband is near cripple and a drunk pot head..

My mom is a widow who has always been poor with finances.

Anyone who knows me, knows that I've never wanted kids.

So there, I'm the bad guy.

I hate the fuckers.

So here I am.  Working 7 days a week, 10+ hours a day.  While I'm working,  I make sure I",1,0,https://www.reddit.com/r/depression/comments/1j2bouy/relapse/
1iufpnz,2025-02-21 02:05:40,depression,Had a relapse back in September and I can’t get out of it,"Ever since I saw my ex with someone else I just backslid into a horrible depression. I’ve managed to stay off hard substances, but I’m just miserable. I have zero motivation to do anything and I’m in college rn. People are like “you need to go out and socialize more” and I feel like that’s so easy to say when you don’t have brutal depression. Meeting people is so hard when you don’t feel like yourself. I’m just sick of running this playbook. I’m about to try TMS so hopefully that does something.",3,1,https://www.reddit.com/r/depression/comments/1iufpnz/had_a_relapse_back_in_september_and_i_cant_get/
1ex43q8,2024-08-20 19:08:43,depression,"failed my road test, want to relapse extremely bad","i (m17) just took my road test for my license and i failed it due to “verbal/physical intervention” because i asked the examiner a question about my park. that’s understandable but she circled physical intervention even though i didn’t touch her at all. my eyes are raw from weeping and i feel like i’m plummeting deeper and deeper every waking hour. 

i haven’t cut/attempted since i got out of my relationship with my ex but i really feel like i need to as a punishment, i wasted my parents money j",23,19,https://www.reddit.com/r/depression/comments/1ex43q8/failed_my_road_test_want_to_relapse_extremely_bad/
1iygjdr,2025-02-26 05:44:35,depression,Js relapsed,I fr felt like i was getting better. Idk even know why i did it. I wasn't stressed or anything I js took out the blade and cut shit fr is confusing if anyone knows why I would've done it without thinking maybe if it's something deeper i lowk don't know but any response is appreciated.,1,0,https://www.reddit.com/r/depression/comments/1iygjdr/js_relapsed/
1i7r59r,2025-01-23 00:52:37,depression,Relapsing AGAIN (:,"My (24F) first memory of clearly saying I wanted to die is me at 11yo. When I was 14 I left my toxic family and started to feel a bit better. First suicidal attempt at 15. Then it got better and better (still with a lot of lows). 

I had a major relapse 3 years ago and finally started to take anti depressants + real help from a therapist. After more than 2 years on 
antidepressants (almost highest dose) + therapy I felt so fucking better I stopped meds progressively (started to reduce in March l",3,4,https://www.reddit.com/r/depression/comments/1i7r59r/relapsing_again/
1ietor9,2025-02-01 00:18:47,depression,How do I get through a relapse?,"I'm going through one of the worst relapses of my depression right now. I'm having so many more suicidal thoughts and self-harm urges than normal, and I'm scared that I'm going down a really bad path. I've already been hospitalized twice (last one was two years ago) and can't go back. I just can't. These feelings are so all of a sudden. I was fine 2.5 weeks ago (no suicidal thoughts or urges, high motivation)... What the fuck is happening? I'm so scared.",5,2,https://www.reddit.com/r/depression/comments/1ietor9/how_do_i_get_through_a_relapse/
1gw0w63,2024-11-20 22:18:36,depression,"My search for a simpler life (TW: depression, alcohol abuse and suicide) ","My search for a simpler life (TW: depression, alcohol abuse and suicide)


This is a rather intense journal entry that i feel like i have to get out there because its eating me up. Fair warning its pretty raw so if you're just chilling and dont want your vibes to be ruined maybe dont read this.

In 26 years i have never managed to build what one would call stability.

From growing up in a broken family with mostly absent father along with my mentally ill mother to experiencing childhood bullying",0,0,https://www.reddit.com/r/depression/comments/1gw0w63/my_search_for_a_simpler_life_tw_depression/
ob0e3j,2021-06-30 16:02:56,depression,"Tw child abuse , rape, childpornographie,alcoholism and some other thinks I guess?)","I just wanted to talk about the things that happend to me as a child. Pleas be we aware of the tw at the top, I dont want to put someone feel bad :)

My parents got me when there were in there late 30s. My mother had psychological problems and my father had a drug and alcohol problem. They never were good parents in any way. We lived in a smaller city beside berlin what is the capital of germany. Until I went to school whit 6, I spend the most time in the basement beside the washing machine. I h",112,23,https://www.reddit.com/r/depression/comments/ob0e3j/tw_child_abuse_rape_childpornographiealcoholism/
15wygh2,2023-08-21 05:39:30,depression,"Too drunk to be on the depression and mental health subs, too suicidal to be on the alcoholic and substance abuse subs",I was banned from a couple subs,1,0,https://www.reddit.com/r/depression/comments/15wygh2/too_drunk_to_be_on_the_depression_and_mental/
11n7g30,2023-03-09 23:22:18,depression,"Childhood suicidal thoughts and self harm TW VENT, SUICIDAL THOUGHTS, SELF HARM, AND ALCOHOL ABUSE",I was 6 when I had my first serious suicidal thought. My father was incredibly drunk and was breaking our front door window in an attempt to get in. I genuinely considered using the rope in my mothers closet to hang myself. That week I researched on my family computer on how to do things such as tie a noose. I was 8 years old when I began self harming. I couldn't deal with it anymore so I did one of the things I saw as I was researching suicide. I wish I didn't do that. I can't stop now. I hate ,5,4,https://www.reddit.com/r/depression/comments/11n7g30/childhood_suicidal_thoughts_and_self_harm_tw_vent/
11jm3c4,2023-03-06 02:45:28,depression,"16, struggling with alcohol abuse","Hello.

I’m a 16 year old male and a sophomore in a public high school.

I’ve never been able to quite fit into anything, at least in real life. I have found friends online; and even have a boyfriend of 6 months.

I’ve had a history of depression, and had a case of a suicide plan when I was about 12. My family also has a history of depression, with a few cases of suicide.

My depression hit a peak a while ago, when I made a plan to commit suicide via carbon monoxide poisoning on the 28th of Febr",1,4,https://www.reddit.com/r/depression/comments/11jm3c4/16_struggling_with_alcohol_abuse/
jrqw1t,2020-11-10 18:50:54,depression,"Had a dream that I was a transient, abusing alcohol and drugs, and no one cared about me","This is the second dream like this I've had in the last month and I wake up crying so intensely from the dream. I live a textbook good life in real life with my own room and everything but its so hard to tell myself that it was just a dream.

Hope you all are doing ok. I genuinely hope that.",1,4,https://www.reddit.com/r/depression/comments/jrqw1t/had_a_dream_that_i_was_a_transient_abusing/
m94hf1,2021-03-20 10:38:48,depression,How to help a friend with depression and alcohol abuse?,"Hi, I have a friend that is going through a lot right now. He has pretty decent life as some might think where he has these stuff going for him:

1. He has a well paying job with great health insurance (as in he makes about 77K/year).
2. He has friends that do care about him, but he would never reach out to them.
3. He has a dog that's 2.5 years old that's super friendly and nice.
4. A boyfriend who would love him no matter what (but they recently broke up due to my friend having more of a drink",2,1,https://www.reddit.com/r/depression/comments/m94hf1/how_to_help_a_friend_with_depression_and_alcohol/
kmntmr,2020-12-29 21:49:50,depression,Lifelong depression w/ alcohol abuse,"Hi guys, so I have been struggling with depression for a long time. Sometimes I'd feel as if I've been depressed my whole life. I just can't remember ever being really happy. Lately, I've been hitting rock bottom again, also getting up my problems with alcohol again. I like to think, that I drink to just feel something.
Does anyone struggle with the same and/or has any suggestions on how to make some first steps to get out of this?",2,0,https://www.reddit.com/r/depression/comments/kmntmr/lifelong_depression_w_alcohol_abuse/
k3a1w2,2020-11-29 14:15:47,depression,"My Depression, Alcohol Abuse, Heaven on Phenibut and Struggles from Today"," Dear guys and girls, dear sufferers, dear survivers,

I'm suffering from **depression and social anxiety** since I was 15 years old (now 21). My **symptoms** are painful negative thoughts about past, present and future starting right in the morning when I open my eyes. Otherwise: huge lack of drive/motivation, anhedonia (lack of interests, almost nothing that stimulates me), lethargy, feelings of extremely painful inner emptiness and restlessness (hard to explain but somehow as being alive in a",0,0,https://www.reddit.com/r/depression/comments/k3a1w2/my_depression_alcohol_abuse_heaven_on_phenibut/
g0purh,2020-04-13 19:29:23,depression,Stuck with an alcoholic Abusive mother in lockdown.,"Me \[18yr old\] m has been leaving with my alcoholic mom ever since the lockdown. I’ve called the police on her 3 weeks ago because everytime she drinks she has a tendency to be violent. Ever since my father died a while back, she’s been a off an on alcoholic it got considerably worse since my late teens. She has these 2 month bursts where she degrades me, sometimes hits me and my mom older brothers have had enough of it however they have their own families to deal with and live far away. And si",2,1,https://www.reddit.com/r/depression/comments/g0purh/stuck_with_an_alcoholic_abusive_mother_in_lockdown/
7yr3oc,2018-02-19 23:08:22,depression,"I have been having stress-induced delusions of past sexual abuse in which I can feel my abusers surrounding me. I just wrote a suicide note and took out my stash of alcohol, including my “just for dying” vodka, and soon I’m going to start taking Valium and I just want to thank you all as a community","I have no hope left. I see a psychologist twice a week, equivalent of $100 every time. Five psychiatric inpatient stays, each one worse than the last. I just don’t care anymore. I want to die tonight. 
Thank you to the community of r/depression folk. I wish you all the best. You can do it. I believe in you.",4,8,https://www.reddit.com/r/depression/comments/7yr3oc/i_have_been_having_stressinduced_delusions_of/
8bgdo7,2018-04-11 11:39:05,depression,Alcoholic mother and christian grandmother mentally abuse me every day,"Every day there is always an issue. It's bad enough I wake up with swollen infected eyes bearly able to see and bad health. But my mother if thats what you'd even call her always has to insult me. First it usually starts of with her telling me how I smell, then she'll comment on my appearance today it was how bald/ugly/fat/old I look (she used to make fun of my weight so much I turned anorexic and almost died at one point it took a doctor to tell me to eat or my heart would stop working) She'll ",1,7,https://www.reddit.com/r/depression/comments/8bgdo7/alcoholic_mother_and_christian_grandmother/
cruupy,2019-08-18 01:16:52,depression,"I feel like I have no purpose in this world. The guy I love prioritizes alcohol over me l, my parents are abusive, I’ve been rejected from college after college, I can’t get a job, I’m just about homeless, I have no food, my house doesn’t have a shower or toilet. Where is god? :(",Hopeless,4,1,https://www.reddit.com/r/depression/comments/cruupy/i_feel_like_i_have_no_purpose_in_this_world_the/
buzid3,2019-05-30 22:31:11,depression,"Depressed, suicidal thoughts, social anxiety, alcohol abuse, can’t adjust to “the real world” please help","I am so depressed. 23F. I moved to a new city after graduating college last year and it has been awful. I miss college an unhealthy amount. It physically hurts how “homesick” I am for it. I lived with my best friend, made a name for myself, went out all the time, saw people I knew everywhere, got to wear comfy clothes, could make my own schedule, had fun. I have really bad social anxiety and I was so comfortable living with my best friend. I also had a drinking problem, but it was acceptable in ",3,1,https://www.reddit.com/r/depression/comments/buzid3/depressed_suicidal_thoughts_social_anxiety/
dc485p,2019-10-02 02:42:37,depression,A drug abusing alcoholic,I'm a frig abusing alcoholic. I drink everyday and every night. Whenever I can afford drugs I do them no matter what they are. My life is in complete shambles. I have nothing keeping me on this earth except drugs and alcohol. I have nothing to live for. Fuck this life.,1,0,https://www.reddit.com/r/depression/comments/dc485p/a_drug_abusing_alcoholic/
cnfu1x,2019-08-08 03:12:10,depression,I told my doctor that alcohol was working better than the medication and that I might be abusing it. He got mad...,"He made it seem like the resident doctor pulled the info out of me, but before the resident left I told him willingly that I was abusing alcohol by drinking a fifth every night and it was the only thing that made me happy and less depressed/panicky. The doctor he went to (family friend) got really upset and said I've had my last drink. I don't know what to do because Zoloft wasn't working and now he is prescribing buspirone to go along with it, which I have tried before and it wasn't working. In",2,0,https://www.reddit.com/r/depression/comments/cnfu1x/i_told_my_doctor_that_alcohol_was_working_better/
a2bsva,2018-12-02 08:56:26,depression,I hate this life I'm living. The suicidal thoughts only go away when I abuse my prescriptions with alcohol.,5mg of klonopin and a large amount of gapapentin that I lost count of. Plus a lot of adderall so I can stay awake and experience actually feeling content for once. Lost track of what and how much I've taken tonight. It's not going to kill me because I've already tried with a cocktail of drugs mostly opiates(80mg of oxy) and benzos(5mg) plus alcohol that I thought would end my life in peaceful bliss. Ended up in the ER from that one. It would have worked if my mom hadn't found me. Shit. I know I',3,1,https://www.reddit.com/r/depression/comments/a2bsva/i_hate_this_life_im_living_the_suicidal_thoughts/
1jhcmd4,2025-03-22 16:40:33,depression,Depression truly takes away everything,"I've been in both sides. From having nothing and no one — to building a life for myself. Nothing extravagant, but enough, better than I could have imagined from back then when I was an alcoholic who had nothing at all. The thing is I've always treated life as if it was a bucket list. If you have financial comfort, If you had a loving spouse, friends, good grades, hobbies, favourite games, a loving family — then surely you're supposed to be happy? 

I still feel nothing. Not quite sad but just no",139,12,https://www.reddit.com/r/depression/comments/1jhcmd4/depression_truly_takes_away_everything/
79c896,2017-10-28 19:59:30,depression,"Jealous of people who kill them selves, drug abusers, alcoholics, etc.","I know it sounds really dumb but I just wish I could do what they do. I want to kill myself, but I have to pay back my family and friends for all they've done for me first. I want to drown away in drugs but then I won't be able to pay them back. I want to over drink but I can't be 100% certain I won't just ""spill the beans"". There's no way to live in excess without endangering everything.",2,0,https://www.reddit.com/r/depression/comments/79c896/jealous_of_people_who_kill_them_selves_drug/
5wqno8,2017-02-28 21:58:21,depression,Was anybody else here abused by alcoholic parents?,"When I was growing up my father was (and still is) an extreme alcoholic. His idea of discipline was getting drunk and hitting me until I bled. He has left me with so many emotional scars that will never heal. I would say that he has played a huge roll in further worsening my mental illness. I wish I could start all over with new, more loving parents.",2,0,https://www.reddit.com/r/depression/comments/5wqno8/was_anybody_else_here_abused_by_alcoholic_parents/
1d0dztl,2024-05-25 15:05:20,depression,14 year old drug addict. I’m overdosing today,How do I leave my family and friends without them feeling like it’s their fault,59,117,https://www.reddit.com/r/depression/comments/1d0dztl/14_year_old_drug_addict_im_overdosing_today/
18rc3ek,2023-12-26 16:39:37,depression,Is it normal to seriously think about and consider drug overdose/ending your life every day?,"Btw, I'm 18 and no, this is not a troll, I am just a point in my life where I don't understand anything about myself and if I'm normal or what's truly wrong with me. I have overdosed a month ago on Auvelity and I had to go the hospital and go to a psych ward for it and I was on the track to be happy but when I got faced with the reality of life again I realized how terrible life is. Now, every day I think about overdosing, ending it, ceasing to exist, and just wanting the pain to end. I don't th",33,17,https://www.reddit.com/r/depression/comments/18rc3ek/is_it_normal_to_seriously_think_about_and/
htkzjq,2020-07-18 18:00:33,depression,I am a 17 year old student in korea and I am stressed overwhelmingly by academics and the SAT. Please read my story and tell my story to others. I am going to jump next week. Goodbye.,"I just finished writing my final goodbye letters to my mom, dad, and brother. Goodbye. I want to talk to someone but I don’t know who. I’m planning on overdosing on lean or some other drug. I know that my parents will just say that depression and suicidal thoughts are just common and focus on my grade and GPA. I feel hopeless. I want to know where to take my  life from. No comfort or support will help me much. I feel like I’m better off gone than having to work more and study and prepare for sch",1129,261,https://www.reddit.com/r/depression/comments/htkzjq/i_am_a_17_year_old_student_in_korea_and_i_am/
eophbs,2020-01-14 18:48:49,depression,I can’t stand it anymore. I’m committing suicide. This is my story. Being good and positive won’t help u stop suffering.,"Why does this happen to me.

Honest to god I hate my life so much. I’m a 16 year boy.I try to make every negative thing positive but it doesn’t works. So much has happen to me in the last year. My parents and sister passed away in an accident last year, I don’t if I should feel bad since they’ve tortured me mentally and physically my whole life. I never though much of it. But once my uncle raped me at 6, and told me to shut up or he’ll kill me. When I came of age I found out the truth. I reveale",983,231,https://www.reddit.com/r/depression/comments/eophbs/i_cant_stand_it_anymore_im_committing_suicide/
jm9w19,2020-11-01 20:56:34,depression,I will never understand how people can live and be happy,"Life is just objectively bad. Everything seems to be literally designed to bring you down. Even our own bodies are designed to keep us from being content. Think about drugs that make you feel good, eventually your body will reach a point where it needs more and more to reach the same effect. Until you overdose and die. You try to set up goals, you complete them and keep seeking more. You get money, you want more. People say practice graditude, for what? Why should I live a life where I constantl",1469,118,https://www.reddit.com/r/depression/comments/jm9w19/i_will_never_understand_how_people_can_live_and/
ub3lqj,2022-04-24 20:31:44,depression,Would you rather think your loved one died from a drug overdose or would you rather know that a drug overdose was the method for suicide?,"Seriously not in the mood to hear people try and talk me out of it, I’ve heard it all.  I’ve been thinking about it for years now and it’s starting to make more and more sense as I get older.  All I am is a burden to society and to my family and friends.  Either I’m gonna do it and leave no note or I’m gonna leave a note to explain myself.  Just wondering which one you’d rather experience with a loved one.  Think that your loved one just overdosed on accident or to know that they just decided to",1,0,https://www.reddit.com/r/depression/comments/ub3lqj/would_you_rather_think_your_loved_one_died_from_a/
1biesor,2024-03-19 07:45:19,depression,Dead At 18,"I'm actually gonna commit. I've worked out a date and time and plan. My entire life I've been ignored and overlooked and I've felt nothing but alone and hopeless, and this subreddit helped solidify my decision. I've made two posts prior and have received nothing. No one cared. Just like real life. I fit no where else in life so maybe it's just time to fully fade into the background. Three days after my 18th birthday I will overdose and die in my childhood home, in my childhood room. Depression h",251,110,https://www.reddit.com/r/depression/comments/1biesor/dead_at_18/
enj28l,2020-01-12 04:46:20,depression,I overdosed on drugs at age 15,"Now I'm 21, still alive, don't know why though. I don't really hsve anything going on, I have friends and go on dates but I still don't feel... Real? I feel like I'm trapped in my own mind. I don't really know how to describe it but it feels like my consciousness has been shoved to the back of my brain and I'm on autopilot. Like a worker bee. 

Sometimes I feel hopeful and content, but recently there's been like, a cloud of anhedonia. That sounds like edgy teenage poet shit but that's how it fee",45,5,https://www.reddit.com/r/depression/comments/enj28l/i_overdosed_on_drugs_at_age_15/
lwy5sv,2021-03-03 16:38:40,depression,drugs? overdose?,"can someone honestly explain drugs to me like what the point of doing drugs to hurt? bc it doesn't seem like they've ever helped someone considering how much people do them and keep doing them till they die. 

i posted this on a overdoes subreddit and never got a response just a bunch of dislikes so i thought hmm ill post it here since yall seem to be druggy and depressed.",1,4,https://www.reddit.com/r/depression/comments/lwy5sv/drugs_overdose/
eu35qu,2020-01-26 06:19:02,depression,What medicinal drugs can i use for a quick overdose that can lead to death?,Can i use paracetamol? advil? anyone please give me suggestions. i want to end my life already. i've had enough bullshits in life :),1,3,https://www.reddit.com/r/depression/comments/eu35qu/what_medicinal_drugs_can_i_use_for_a_quick/
hz88eo,2020-07-28 04:42:51,depression,Drug overdose fantasies,"What state og depression am I in if I think about trying heroin for first time so I can feel good, but then also want to overdose so I can just end it",1,0,https://www.reddit.com/r/depression/comments/hz88eo/drug_overdose_fantasies/
ffgock,2020-03-08 18:29:17,depression,"Tw: drug use, overdose, death","Last night i got a call from my dad telling me my sister was at the hospital, after she found her fiance dead in their bathtub from an overdose. He had been clean for three years, and was so fucking proud of himself. We have no idea how long hes been using again, but when i was doing a sweep of his basement, i found a pipe, 2 needles (one loaded) and three baggies. I used to use, but ive been clean for 7 months now. I always thought if he could do it so could i. But thats not the point i guess. ",2,1,https://www.reddit.com/r/depression/comments/ffgock/tw_drug_use_overdose_death/
aqcho5,2019-02-13 22:34:36,depression,Got no sleeping pills so is there any other household drug to lethally overdose on?,Can i use painkillers or antidepressants to overdose on? what household pills are lethal?,2,3,https://www.reddit.com/r/depression/comments/aqcho5/got_no_sleeping_pills_so_is_there_any_other/
dszymf,2019-11-07 16:19:49,depression,Thinking about buying some drugs and overdose instead of killing myself!,"Over a year of therapy,  my psychiatrist told me he can no longer help

My supplementary insurance ran out this month and my choices are to go back to work, which I failed to do so miserably a few months ago or take a sick leave termination of contract.

I am too chicken to kill myself but I really have no interest in living

The only thing that has been keeping me going is my kids living with my ex, who is dependent.on my monthly payments. Which I no longer can provide.

An overdose will give t",6,0,https://www.reddit.com/r/depression/comments/dszymf/thinking_about_buying_some_drugs_and_overdose/
5hjevc,2016-12-10 09:31:20,depression,just took an overdose drug,really hope i could die soon... peaceful eternally,3,7,https://www.reddit.com/r/depression/comments/5hjevc/just_took_an_overdose_drug/
9003ol,2018-07-18 22:28:51,depression,Fastest and easiest OTC drugs to overdose on?,"I am fed up, people don't like me (it's really true in my case). I've given up. They say that ""all life has a purpose"" well mine doesnt! I just want to find the fastest and most painless way to go....",1,3,https://www.reddit.com/r/depression/comments/9003ol/fastest_and_easiest_otc_drugs_to_overdose_on/
8hef9w,2018-05-06 10:39:05,depression,If you ever overdosed accidentally or purposely your drugs what happened to you? (Does anyone experimented Neuroleptic Malignant Syndrome?),"I'm under fluoxetine 40 mg and Efexor (venlafaxine) 150 mg per day. During the switch period in order to replace Brintellix (vortioxetine) 20 mg with Efexor I accidentally took a double dose. And it happened again when I bought Efexor 75 mg instead of 37.5 mg capsules.

I was kinda fine, actually two weeks went almost well. I talk to my doctor about it, explained how it happened and that I chose actually to went on with the double dose. As I was quite fine (capable of studying, sorta sleeping) h",1,0,https://www.reddit.com/r/depression/comments/8hef9w/if_you_ever_overdosed_accidentally_or_purposely/
6sh9e0,2017-08-08 22:51:39,depression,My brother died of a drug overdose on Saturday night and it's just now hit me tonight.,,5,1,https://www.reddit.com/r/depression/comments/6sh9e0/my_brother_died_of_a_drug_overdose_on_saturday/
1i7vu0a,2025-01-23 04:55:47,depression,Don’t want to do this anymore,"I’m so fucking tired of living. I don’t enjoy anything anymore, I pretty much hate everything about existence. I can barely get hours at work and honestly fuck it, I’d rather lay in bed all day. When I run out of money I’ll just kill myself. Shits fucking stupid. Life is literally so fucking stupid and pointless and I fucking hate everything about it. There’s nothing on this fucking planet I like and I want to disappear. Even if I could find another job and make enough money, what’s the fucking ",166,18,https://www.reddit.com/r/depression/comments/1i7vu0a/dont_want_to_do_this_anymore/
3f1rnm,2015-07-29 16:57:42,depression,My father died of a drug overdose a year and a half ago [26/M],"I feel like I carry this up front in my mind. It coats everything I think about and I often end up bringing it up in conversation because I think it effects every aspect of my life. I feel like I push people away with it and cannot figure out how to deal with it. I want to grow as a person but I feel like i'm wilting away, too wounded and living in a different world than everyone around me. Nobody understands or knows what to say, this pain is all my own and it's crushing me from it's weight. Wh",4,3,https://www.reddit.com/r/depression/comments/3f1rnm/my_father_died_of_a_drug_overdose_a_year_and_a/
1j9tmrj,2025-03-12 20:12:47,depression,Any tips to fix burnout?,Im so burnt out on life that i stared at a wall for 6 hours today because i couldnt get my brain to want to exist,1,1,https://www.reddit.com/r/depression/comments/1j9tmrj/any_tips_to_fix_burnout/
1j7y9v8,2025-03-10 13:12:20,depression,major burnout during the most important part of my life,"i love my job, my degree program, my amazing partner, supportive friends, and family. i’m getting married soon and i’m months away from finishing my masters. but i feel so fucking empty inside lately. nothing brings me joy, i dread going to work or having to be responsible for getting my taxes in order, cleaning, doing this for my wedding, etc. i’m also having a hard time expressing these thoughts to my loved ones or asking for help. i don’t even know how someone could help. just wanted to vent ",1,0,https://www.reddit.com/r/depression/comments/1j7y9v8/major_burnout_during_the_most_important_part_of/
1ijquwr,2025-02-07 09:05:09,depression,Pushed beyond my breaking point; autistic burnout,"I don't want to go back to work anymore. Every day when I go, I burn out from sensory overload, and when I come home, I have no energy left to cook or do anything that makes me happy. I pass out asleep just to wake up the next morning and go through everything all over again.

Now, when I was really looking forward to the weekend, a coworker asks me to cover their shift for them. I could've said no and I should've, but I was so surprised by the request I just kind of agreed. Now that's even less",1,2,https://www.reddit.com/r/depression/comments/1ijquwr/pushed_beyond_my_breaking_point_autistic_burnout/
1io6uf9,2025-02-13 00:50:50,depression,"i’m experiencing burnout as a college student, what do i do ?","i’m a junior in college. the past 3 years i’ve had majority asynchronous classes (classes where professors post homework/lectures, and you can do them whenever, there’s no meet time). asynchronous classes are super easy and gave me a lot of free time since i didn’t even do the readings, but would somehow still pass.

now, i have 2 in person classes and 2 zoom classes + 3 hour internship daily. on top of that, i work on the weekend. i am actually beat and exhausted. it is only one month into the ",1,0,https://www.reddit.com/r/depression/comments/1io6uf9/im_experiencing_burnout_as_a_college_student_what/
1i2snar,2025-01-16 16:21:48,depression,What are the signs of burnout?,"I have been training in catering cooking for over 6 months, and I can't take it anymore.
I have to manage the stock and production of an entire shift alone, which means I have to be constantly focused on my work. It didn't bother me, I was passionate about it and it made me happy because I felt like I was achieving something in my life. 
But for the past 2 months, following an accumulation of rather dramatic events and traumas that have resurfaced, I have no longer been able to manage my positio",3,3,https://www.reddit.com/r/depression/comments/1i2snar/what_are_the_signs_of_burnout/
1igmdw2,2025-02-03 10:47:26,depression,"I was diagnosed with burnout, and I keep lashing out on everybody. Is this a symptom? Sometimes over small things or nothing","I know it’s not the same as depression, but I couldn’t find help anywhere else

So for context I’m known by how calm I am. However I do not reconcile myself anymore after two months with burnout (and trying to keep the job at the same time, that’s the thing). I get irrationally angry and I say very offensive things for things that I perceive are insulting me or my job. I lost any filter. I also have adhd which I think makes this symptom easier but this is another level. I even got physical with ",1,0,https://www.reddit.com/r/depression/comments/1igmdw2/i_was_diagnosed_with_burnout_and_i_keep_lashing/
1i698y9,2025-01-21 03:19:23,depression,Is it depression or burnout?,"Lately I have not been able to get my self interested in anything, don't want to even get up in the morning.. But I still do it, get to work then same thing next day.  Just had a decent break during Christmas but that doesn't seem to have solved it.  
  
How do I cope, I don't think anyone close to me will understand or care what I am going through.  

To anyone that has talked to mental health professionals, did it help? or has there only been generic advice like take a hobby, goto gym, get out",5,1,https://www.reddit.com/r/depression/comments/1i698y9/is_it_depression_or_burnout/
1i8dlyd,2025-01-23 20:48:32,depression,Burnout tips,"How would you spend a week recovering from burnout?


If you were:

🔘Physically and emotionally exhausted (from stress, illness, trauma, etc.),

🔘Out of “spoons” (no energy or life left in you),
…and had just one week to recover, rest, and reset before returning to an intense schedule (like studying or a busy daily life):

⁉️⁉️⁉️What would you do to recover as much as possible in that week? Where would you be? What activities or strategies would help you the most?

My situation (for context): I ",1,1,https://www.reddit.com/r/depression/comments/1i8dlyd/burnout_tips/
1i8e25b,2025-01-23 21:07:02,depression,Losing to Burnout,"I’ve been finding myself checking the time more often, just waiting for the day to end. I’ve been putting the bare minimum effort into everything, and I’m tired all the time. My sleep’s been off for weeks now, and I’m guessing it’s either seasonal depression or anxiety. My school assignments feel like they drag on forever, and I’m not enjoying anything anymore—I'm just doing it to get through the motions. Video games are just a way to pass time rather than for enjoyment. I’ve been crying more th",6,0,https://www.reddit.com/r/depression/comments/1i8e25b/losing_to_burnout/
1i7yeo0,2025-01-23 07:51:39,depression,Autistic Burnout,"Hi, 

I’m going through a burnout or depression and I feel less motivated than usual. I went from being very productive to not wanting to do anything now. I feel like I just wanna leave everything behind even if it’s a dangerous decision. Sometimes, I just wanna live on the streets and be off the grid. Any advice? Please be kind. ",1,0,https://www.reddit.com/r/depression/comments/1i7yeo0/autistic_burnout/
1i0dwnz,2025-01-13 13:27:20,depression,Trying to break out of burnout and depression,"So, not gonna lie, the last year hit me hard and the election was the final straw. I do a lot of medieval stuff (SCA armored and fencing, as well as performing in the Renn faire). In 2023, I thought I had broken out of a lot of depression, more exercise and medication I should have started years ago.

Then 2024 started with me pulling my shoulder during armored combat practice, and no matter how long I let it just heal, it never seems to be healed enough. My wife and I started doing independent ",1,0,https://www.reddit.com/r/depression/comments/1i0dwnz/trying_to_break_out_of_burnout_and_depression/
1hxzvtm,2025-01-10 08:24:59,depression,I’m a junior in high school with severe burnout,"Hi. Im an American junior in high school and as the title says, I’m having a serious problem with academic burnout. Ever since last year in the start/middle of sophomore year I have been experiencing an extreme academic burnout that has strained the relationship with my mother, given my mentally abusive sister more ammunition against me, and personally harmed my view of myself. It all began whenever I became apathetic about my grades. It just felt like I was no longer feeling any personal benefi",1,0,https://www.reddit.com/r/depression/comments/1hxzvtm/im_a_junior_in_high_school_with_severe_burnout/
1haszs3,2024-12-10 03:54:08,depression,Fifth-life crisis and burnout (maybe???),"I'm a sophmore in highschool, but I've already started to lose hope kinda. I used to just do everything I could to better my chances into getting into a good college (honors societies, sports, student coucils). But lately I've been in a sort of burnout.

I used to be motivated to do things for my future, yet now I just feel it would be far easier and better to not have a future at all. This had led me down a rabbit hole of sh, eating disorders, suicidal thoughts, and just all around feeling mise",2,3,https://www.reddit.com/r/depression/comments/1haszs3/fifthlife_crisis_and_burnout_maybe/
1hmu141,2024-12-26 18:05:30,depression,Holiday Burnout/Blues,"I’ve been feeling extremely sad the past couple of weeks, and I don’t really feel like I’m in a position to be. I have a very good paying job that I don’t hate coming to every day, which is hard to come by in today’s work force. I like the people I work with, and I just keep to myself and try to stay out of trouble. I usually do very good work and I’m on top of everything. I might just be burnt out from the holidays, but I have no motivation to work and I’m exhausted all the time. I’ve always go",2,1,https://www.reddit.com/r/depression/comments/1hmu141/holiday_burnoutblues/
1h53g4z,2024-12-02 19:31:00,depression,Burnout,"I’m a 28 year old female with a 10 year old son. I have worked at my job for the last 8 years and I can’t do it anymore. I work remotely and on the weeks my son is with his father, I sometimes don’t roll out of bed until 11 am. I won’t even work full days anymore. I can only do 4 hours at a time bc I’m so exhausted 24/7. I’ve become lazy, unrecognized, flakey. I don’t know who I’ve become and I don’t know how to get out of this rut I’ve been in for the last year and a half. I have zero motivatio",0,3,https://www.reddit.com/r/depression/comments/1h53g4z/burnout/
1h0r3fg,2024-11-27 00:14:07,depression,Struggling with burnout and fear of being perceived as lazy/incompetent — how do i navigate this situation?,"I’ve been dealing with severe burnout for a while now, and it’s really starting to affect every aspect of my work and life. I’ve always been highly motivated, eager to get things done, and never afraid to put in extra effort. But now, I feel like I’m losing myself in a way. I’m struggling to articulate my thoughts and express myself clearly. In meetings, I stumble over words and forget the simplest things, to the point where I question if I can even speak my native language (English) properly. B",3,2,https://www.reddit.com/r/depression/comments/1h0r3fg/struggling_with_burnout_and_fear_of_being/
1iseyk9,2025-02-18 15:15:53,depression,The slightest inconvenience makes me want to kill myself.,"I can't find my W-2 form and instead of just being slightly annoyed and figuring out how to get a new copy, I just wish I were dead. If I were dead, I wouldn't have to do taxes. Or go to work. Or deal with multiple chronic illnesses. And I just keep spiraling until I have more evidence that death would be preferrable to life. Then, I launch into mentally planning my death until something distracts me enough to stop me from offing myself.",800,92,https://www.reddit.com/r/depression/comments/1iseyk9/the_slightest_inconvenience_makes_me_want_to_kill/
1ghwjjl,2024-11-02 13:33:42,depression,How to recover from burnouts?,"I have been experiencing frequent burnouts, maybe say 1 per 2 weeks and I still don't know how to recover from it. Sleeping helps but I can't just sleep all time, unless I am tired and exercising helps but worsen it too sometimes. I feel so trash during this period and when it's over I don't get time to just analyse what just happened and get to work. Lifes just too fast paced to even take a moment to sit and relax. Its like I work hard, burnout happens, I sleep all day, and next day get back on",1,3,https://www.reddit.com/r/depression/comments/1ghwjjl/how_to_recover_from_burnouts/
1gve4s4,2024-11-20 01:41:35,depression,Burnout has ruined my life ,"I’m a 28 year old female that has been suffering from habitual burnout for the last 1.5 to 2 years. I’ve hit rock bottom so many times and have told myself it couldn’t get worse. Then life proved me wrong again and again and humbled me. I’m seeking literally any kind of advice from anyone. I had a son young, got married young and also found myself divorced very young. I’ve always prided myself on having good work ethic like my father. My favorite thing about me was how giving and kind I was to e",3,1,https://www.reddit.com/r/depression/comments/1gve4s4/burnout_has_ruined_my_life/
1glrsgp,2024-11-07 14:32:53,depression,Burnout,"I have MDD that is currently controlled (I think). But I am suffering from severe burnout. I work for a large company as a remote employee, and things have gotten so bad. I came into my office this morning, put my head on my arm on my desk, and couldn't lift it for more than 30 minutes, and only then because my arm went to sleep. I'm a really good employee, but I've been sucked dry. I have so much work to do, and I JUST. CAN'T. I don't know what to do. I've started looking for other jobs, but th",2,0,https://www.reddit.com/r/depression/comments/1glrsgp/burnout/
own79d,2021-08-02 20:33:09,mentalhealth,Get support for yourself or other people,"If you’d like to talk to someone, confidential mental health support is free and available 24/7.

**Inside the U.S.**

* Crisis Text Line: Text CHAT to 741741
* Suicide & Crisis Lifeline: Call or text 988

**If you’re outside the U.S.**

* [Find resources in your location](https://www.reddithelp.com/hc/en-us/articles/360058756471-What-are-support-resources-available-to-people-outside-the-U-S-)

**If you’re not ready to talk to someone yet:**

* [How to help yourself when you’re feeling suicidal]",306,2,https://www.reddit.com/r/u_RedditCareResources/comments/own79d/get_support_for_yourself_or_other_people/
blxcj7,2019-05-07 22:40:26,mentalhealth,I made a suicide scale. Hoping it could help others.,"[suicide scale](https://emmengard.com/2019/05/07/suicide-scale/)



Edit: We have turned off notifications for this post and will no longer be replying to or reading comments for this post. Post replies have become a persistent and painful reminder that is interfering with our ability to grieve and move on. Furthermore, we are not equipped to be suicide counselors. 

If you want to continue talking here and sharing your struggles, that is fine, but we will  not be participating in that conversat",1958,187,https://www.reddit.com/r/mentalhealth/comments/blxcj7/i_made_a_suicide_scale_hoping_it_could_help_others/
jttphp,2020-11-14 02:08:38,mentalhealth,"To anyone suicidal tonight, look up the Rappper NF. All he raps about is how to face mental health. He's saved my life many times.","He has been a true life safe for me.
Edit: I’d recommend starting with “Mansion”",1020,203,https://www.reddit.com/r/mentalhealth/comments/jttphp/to_anyone_suicidal_tonight_look_up_the_rappper_nf/
z90bxu,2022-11-30 19:17:03,mentalhealth,people who survived a suicide attempt is your life better now?,..,268,324,https://www.reddit.com/r/mentalhealth/comments/z90bxu/people_who_survived_a_suicide_attempt_is_your/
wlx8jc,2022-08-11 17:34:40,mentalhealth,Why haven’t you personally chosen suicide?,Why is living “worth it” to you and how do you personally determine why that’s important for yourself? What’s you’re reasoning and why is it important/resonate with you specifically?,223,428,https://www.reddit.com/r/mentalhealth/comments/wlx8jc/why_havent_you_personally_chosen_suicide/
12lz7fz,2023-04-14 14:31:39,mentalhealth,My mom just committed suicide,"I haven’t talked to her in a while, and now I’m beating myself up about it. My mom had bipolar disorder. My dad just last month told me that she had been acting crazy. That’s when I started getting voice messages from her saying she will never see me again. She would go on these tantrums breaking dishes and such. Eventually she just never came out of bed and my dad had to watch her 24/7 to ensure she didn’t try and hurt herself. She ended up staying with my uncle and one night she decided to swa",518,104,https://www.reddit.com/r/mentalhealth/comments/12lz7fz/my_mom_just_committed_suicide/
ywrr2m,2022-11-16 12:13:06,mentalhealth,"Asking those who are suicidal, what are your biggest reasons to stay alive?","Besides the obvious (like family, friends)?",126,301,https://www.reddit.com/r/mentalhealth/comments/ywrr2m/asking_those_who_are_suicidal_what_are_your/
1j614cs,2025-03-07 21:42:29,mentalhealth,My words drove my girlfriend to a suicide attempt,"I (20f) had an argument with my (21f) gf yesterday and I ended up saying some very mean things to her out of anger, I told her i was sick of her and basically implied i would leave her. I realized what I had done and went to apologize 20minutes after i said these things. However it seemed like she had been drinking heavily during the argument and when I texted her again she wasn't spelling anything correctly,  I pretty much couldnt make out anything she was saying , but i was able to make out th",51,39,https://www.reddit.com/r/mentalhealth/comments/1j614cs/my_words_drove_my_girlfriend_to_a_suicide_attempt/
fqib8w,2020-03-28 11:18:38,mentalhealth,"COVID-19 Is a bitch. If anyone during this time is having a hard time coping, anxious, suicidal, just bored or depressed. Please vent to me and I will do my best to help you and your feelings/thoughts!",Any age + any gender 🙏🏼❤️ #letsworktogether,518,205,https://www.reddit.com/r/mentalhealth/comments/fqib8w/covid19_is_a_bitch_if_anyone_during_this_time_is/
xpqjlj,2022-09-27 19:42:26,mentalhealth,"instead of being put into a mental health ward and restrained for being suicidal, people who are at risk of suicide should be allowed to go to a place where they can eat free ice cream while talking to social workers",and then depending on how they feel they can sleep there and eat more ice cream the next day. can go back home anytime after that.,601,79,https://www.reddit.com/r/mentalhealth/comments/xpqjlj/instead_of_being_put_into_a_mental_health_ward/
o68usc,2021-06-23 08:46:38,mentalhealth,Anyone been depressed for so long ur not even suicidal or anything anymore ur kinda just vibing lmao,:D,692,93,https://www.reddit.com/r/mentalhealth/comments/o68usc/anyone_been_depressed_for_so_long_ur_not_even/
y5w8zc,2022-10-17 00:15:56,mentalhealth,"If someone says they're wanting to commit suicide, are the really considering since they're talking about it?",How serious do you take those comments if they say it several times? I don't want to do the wrong thing.,157,193,https://www.reddit.com/r/mentalhealth/comments/y5w8zc/if_someone_says_theyre_wanting_to_commit_suicide/
vkyv5m,2022-06-26 07:04:48,mentalhealth,My cat stopped me from committing suicide.,"Today something very weird happened. I began to have very suicidal thoughts, but my cat stepped in. You may think i’m making this up but i’m not i swear.
Tonight I held a knife to myself, and my cat ran to my side. At first I thought he was just trying to cuddle or get me to pet him, but I then noticed instead of rubbing into my hand, he was pushing the knife away. I broke down into tears and he immediately climbed into my lap. I moved and he laid beside me, and now refuses to let me out of his ",832,58,https://www.reddit.com/r/mentalhealth/comments/vkyv5m/my_cat_stopped_me_from_committing_suicide/
12w98bl,2023-04-23 13:46:18,mentalhealth,My friend says he’ll never forgive me because I called the authorities for a welfare check after he told me he was contemplating suicide,"

This morning, one of my best friends called me and was in tears. He spoke about frustration and suicidal ideation. As someone who suffers bipolar disorder, I completely  understood his pain and where he was coming from. I tried to calm him down but then he hung up on me. The last thing he said was “I’m really sorry. You won’t hear from me again very soon. Thank you for everything”
And then for thirty minutes, I tried to reach out to him but I couldn’t. I travelled out of the state for the week",283,102,https://www.reddit.com/r/mentalhealth/comments/12w98bl/my_friend_says_hell_never_forgive_me_because_i/
zkipxp,2022-12-13 01:47:20,mentalhealth,"This article suggests that white men have the highest rates of suicide because of their ""entitlement."" This is NOT how we should discuss mental health!","[https://www.laprogressive.com/elections/suicide-among-white-men](https://www.laprogressive.com/elections/suicide-among-white-men)

Even the header picture is pretty fucked up. It appears that white men have had high suicide rates for as long as suicide rates have been recorded.",216,139,https://www.reddit.com/r/mentalhealth/comments/zkipxp/this_article_suggests_that_white_men_have_the/
mkoer7,2021-04-05 16:16:58,mentalhealth,I found a suicide note my bf wrote last night and I don’t know what to do,"I’ve been worried about my bf. We’ve been together for almost 11 years now. I monitor his search history because he doesn’t share his true feelings so this is how I know what he’s feeling. I went through his searches this morning and noticed him searching last night for “painless and effective methods of suicide” among other things. I went through his phone and found a suicide message written in it. 

I’ve found them before but always months after the fact. The last time he wrote something it wa",494,124,https://www.reddit.com/r/mentalhealth/comments/mkoer7/i_found_a_suicide_note_my_bf_wrote_last_night_and/
aio39n,2019-01-22 15:47:42,mentalhealth,I hate when people say suicide is selfish,"They say people who commit suicide are selfish for not caring about everyone around them being sad. When you commit suicide usually you believe with all your heart that everyone in the world would be better off without you or that they don't care. It is the most unselfish thing I can think of. Not saying its a good idea, but being able to give up your own life just to make everyone a little happier (even if it doesn't actually, but just in the person's head) is not selfish. It's horrible, tragic",519,162,https://www.reddit.com/r/mentalhealth/comments/aio39n/i_hate_when_people_say_suicide_is_selfish/
10011mg,2022-12-31 18:59:38,mentalhealth,Why suicide is bad?,"Maybe no one will see this question, but I'm left with taking the risk of asking. I have researched on the internet, reading books among other things. What I'm trying to find out is why suicide implies something bad for the person who commits it, leaving aside that we know the basics, like for example that they shouldn't do it because there is a solution and all that.
 But what I see is that the consequences only cover what their close social circle feels, despite this it is not clear to me why ",113,171,https://www.reddit.com/r/mentalhealth/comments/10011mg/why_suicide_is_bad/
1iw4nnb,2025-02-23 07:23:22,mentalhealth,My girlfriend’s friend committed suicide. I feel lost.,"Hi. I just need to talk somewhere. I’m having a hard time. As the title says my girlfriend’s friend ended her own life a few days ago. She says they weren’t really close and we don’t live that close so i’m not with her. I never knew this friend at all. Never even heard her name. 

I hate to say this but it’s how i feel- i don’t care. I’m more annoyed she even cares about it. It’s life it happens- and you weren’t that close. I’ve always had a bit of a hard time with death since i lost people when",11,24,https://www.reddit.com/r/mentalhealth/comments/1iw4nnb/my_girlfriends_friend_committed_suicide_i_feel/
zphs1x,2022-12-19 04:23:45,mentalhealth,Can we please stop normalizing and agreeing with suicidal people in this sub?,"It is actually starting to hurt my heart with the amount of people in this subreddit who agree with OPs. I understand most of us feel suicidal, myself included, but why go out of your way to agree with someone and give them further reason to end it?? This is literally a support page for people who feel suicidal. At one point in time THIS WAS MY LAST RESORT and I guarantee if I didn’t have someone that actually gave a fuck I would’ve done it. Some of you need to look in the mirror and realize tha",369,66,https://www.reddit.com/r/mentalhealth/comments/zphs1x/can_we_please_stop_normalizing_and_agreeing_with/
16kwyh0,2023-09-17 10:13:18,mentalhealth,People with depression what does it feel like?,Im curious to what it is like. I mean there are a lot of articles online about it but i haven't met and talked with someone who's been diagnosed with depression,190,255,https://www.reddit.com/r/mentalhealth/comments/16kwyh0/people_with_depression_what_does_it_feel_like/
1bbljf4,2024-03-10 21:24:02,mentalhealth,What are the symptoms of depression nobody tells about?,I'm interested if there's any depression symptoms you don't commonly mention when talking about it.,479,381,https://www.reddit.com/r/mentalhealth/comments/1bbljf4/what_are_the_symptoms_of_depression_nobody_tells/
1jc4649,2025-03-15 20:19:48,mentalhealth,Deep cleaned my room after like a 4 month depressive episode!!!,"Wish i had gotten a before picture :( but its okay!!! Im super proud of myself and it smells so nice now, and you can actually see the floors lol",1537,101,https://i.redd.it/kc1g3y5hwwoe1.jpeg
1dkfanw,2024-06-20 16:03:50,mentalhealth,What’s your depression whispering in your ear?,"I’m curious to know what that little voice in y’all’s head is telling you when you’re in a depressed state. 

Mine has recently been telling me what a disappointment I am and how I know I’d rather be sleeping in my cozy bed than being with friends.",300,435,https://www.reddit.com/r/mentalhealth/comments/1dkfanw/whats_your_depression_whispering_in_your_ear/
1d1izdc,2024-05-27 04:03:53,mentalhealth,What would you say is your major cause of depression?,"Mine is my mom, god she’s so selfish, narcissistic and ignorant…i just want to get out of the house. Every time im starting to get better she comes and fucks up everything in my life. i am so lost.",291,296,https://www.reddit.com/r/mentalhealth/comments/1d1izdc/what_would_you_say_is_your_major_cause_of/
1j2b1sl,2025-03-03 05:00:10,mentalhealth,How long have you guys had depression and anxiety,Well as of now I've had it for 7 years. Well the worst part is I'm 16,73,157,https://www.reddit.com/r/mentalhealth/comments/1j2b1sl/how_long_have_you_guys_had_depression_and_anxiety/
1gry7it,2024-11-15 14:59:04,mentalhealth,What TV show or movie comforted you during the worst of your depression?,"A decade ago I was living across the country from all my family and friends. I had just had a baby and had postpartum depression.

My baby would only sleep in my arms due to severe reflux so I decided to put in some headphones and watch a ""random"" show I had heard a friend mention.

That show was Doctor Who(2005). The Doctor became my companion that day during one of the most lonely periods of my life. Now, safely on the other side of depression, Doctor Who still brings me so much comfort. 

Wha",112,218,https://www.reddit.com/r/mentalhealth/comments/1gry7it/what_tv_show_or_movie_comforted_you_during_the/
1ba156j,2024-03-08 22:21:12,mentalhealth,What are y’all’s telltale signs that you’re in a depressive episode?,"Sometimes the signs can be subtle, but I feel like a lot of people have one big thing that clues them into the fact they are definitely in a depressive episode. 

For me, I think it’s probably not caring enough to even have 2 full meals in a day, and keeping the light off for almost the entire day without opening my blinds. 

I feel like sharing these can also help other depressed people maybe realize what their signs are and help them deal with it as best they can once they recognize the signs.",340,255,https://www.reddit.com/r/mentalhealth/comments/1ba156j/what_are_yalls_telltale_signs_that_youre_in_a/
1escpln,2024-08-14 21:04:38,mentalhealth,What is the true cause of depression? ,What is the true cause of depression ?,162,227,https://www.reddit.com/r/mentalhealth/comments/1escpln/what_is_the_true_cause_of_depression/
149ah8y,2023-06-14 15:15:05,mentalhealth,I did it. I graduated. I didn’t let depression win.,Depression took over but I won.,821,137,https://www.reddit.com/r/mentalhealth/comments/149ah8y/i_did_it_i_graduated_i_didnt_let_depression_win/
17kckvj,2023-10-31 04:07:29,mentalhealth,What makes people depressed when there's no reason to be sad?,"My life is good and I'm young, I don't know why I'm not happy. 

Why can't I just be happy? I'm very grateful for everything I have but I do not want to live.

I was diagnosed with depression but there's no reason for me to be depressed.",358,237,https://www.reddit.com/r/mentalhealth/comments/17kckvj/what_makes_people_depressed_when_theres_no_reason/
1j4vacl,2025-03-06 13:20:46,mentalhealth,My wife cheated now I'm depressed and she just yells,"I (33f) had 7 miscarriages. After each one my wife (31f) screamed at me she'd cheat on me since I can't give her a kid. She would scream it's my fault, corner me as I cried, never hugged me never comforted me. I begged for a break from trying to get back to us. She refused which lead to my tubes rupturing and now cannot try again. 
She stopped talking to me after that. I almost died but she only cared about getting a kid. So she tried to carry. 
It worked the first round. She started getting sup",127,86,https://www.reddit.com/r/mentalhealth/comments/1j4vacl/my_wife_cheated_now_im_depressed_and_she_just/
1f0mr6w,2024-08-25 03:03:25,mentalhealth,Can 10 year Olds have depression? ,I watch a little girl who is going through a lot. She's experienced trauma. Her mom is trying her best. I can't give a lot of details On the situation. She gets angry and sad over anything. Everyone is saying she's just spoiled. Idk. She opened up to me today. When I told her it's not her fault she broke. She's hurting and nobody is listening to her. I'm trying to get her to open up to her mom. Her mom is more than frustrated.,198,158,https://www.reddit.com/r/mentalhealth/comments/1f0mr6w/can_10_year_olds_have_depression/
1cvagi0,2024-05-18 23:35:52,mentalhealth,What is your depression snack?,"By depression snack, I mean what is something you can stomach when you are having a depressive episode/can’t bring yourself to eat much or anything. For me, I can usually stomach a green apple, a banana, or a piece of butter toast. Asking because it’s been weeks and my appetite isn’t getting better and I’m tired of my 3 snacks but can’t bring myself to each much. 
",147,227,https://www.reddit.com/r/mentalhealth/comments/1cvagi0/what_is_your_depression_snack/
1d9n3w8,2024-06-06 16:59:06,mentalhealth,Are men allowed to be depressed or sad,"it's so confusing because sometimes even i feel hopeless or sad, but then there's ppl who think men being depressed is a sign of weakness 
or it seems CRINGE
people say 'oh im there for u always' 'i'll always listen to u' and shit, but when i as a man is sad sometimes i can't be for long as it seems weak. 'bro it's not that deep'
like im supposed to be cold showing no emotions.
like shd i jst say f*ck it to all my problems, show no emotions and carry on with life or what.
so actually what do i d",153,204,https://www.reddit.com/r/mentalhealth/comments/1d9n3w8/are_men_allowed_to_be_depressed_or_sad/
10126hf,2023-01-02 03:35:26,mentalhealth,"This sub is depressing as fuck. I get it's a mental health sub but every post that pops up in my feed is ""I'm going to kill mysef""","Is this a sub for people to post that they're going to kill themselves and this is their last place to go to? It's crazy the amount of posts I see like this and I get it, the world is in a very dark time right now but god damn I thought this was a place had more variety to it....",523,221,https://www.reddit.com/r/mentalhealth/comments/10126hf/this_sub_is_depressing_as_fuck_i_get_its_a_mental/
1iysfs3,2025-02-26 17:06:20,mentalhealth,"People who overcame depression, what worked?","I have tried meds, they numb me and make it harder to enjoy life, not to mention shitty side effects. Marijuana is the only thing that has been effective but it's not a cure, I just up my tolerance and always need more. I can't enjoy life and am stuck in a rut, I feel like im running out of options. Dr won't help me and brush me off, the psychiatrists either don't accept me as a patient or are unreachable. I really need some hope please 

Edit: just wanna say thank you for all the replies, the s",98,80,https://www.reddit.com/r/mentalhealth/comments/1iysfs3/people_who_overcame_depression_what_worked/
1jemrlg,2025-03-19 02:22:03,mentalhealth,Are there really people who aren't depressed?,"I find it hard to imagine there are people who aren't depressed the vast majority of the time. As far as I can remember, it's been very hard for me to experience happiness. I live a very good life on paper. I have a husband, kids, and I am a stay at home mom. Two parents. I've always had a lonely feeling. I have glimpses of happiness. It feels guilty that I can be depressed when I've been dealt a good hand in life. 
It feels like it goes beyond circumstance and it feels like my brain does not pr",83,56,https://www.reddit.com/r/mentalhealth/comments/1jemrlg/are_there_really_people_who_arent_depressed/
1d8bekx,2024-06-04 23:23:18,mentalhealth,What helps you out of a depressive episode?,"I felt one coming on, so I canceled everything I had planned. I hurriedly did my skincare, shower, etc. I don’t feel like eating or engaging in my usual reading ritual. I’m not in the mood to talk to anyone either, not even my therapist. I just feel like isolating. What’s the best thing to do in this case? What helps you out of a depressive episode?",246,101,https://www.reddit.com/r/mentalhealth/comments/1d8bekx/what_helps_you_out_of_a_depressive_episode/
1dxhz1l,2024-07-07 14:37:12,mentalhealth,"If you’d describe depression in 1 sentence, what would it be?",That’s it,57,168,https://www.reddit.com/r/mentalhealth/comments/1dxhz1l/if_youd_describe_depression_in_1_sentence_what/
1995edu,2024-01-17 19:33:16,mentalhealth,"Can't Shake Severe Phone Addiction, NEED HELP","Struggling with a severe mobile phone addiction here. I've tried resisting it and even left my phone in the kitchen, but it's challenging, especially since I'm dealing with post-platfuss surgery in Switzerland(so I can't go outside and distract myself from the digital world). Before the surgery, I successfully overcame the addiction and excelled academically. Currently attending a good high school, but my grades occasionally take a hit due to this ongoing battle with addiction. Any advice or sha",57,58,https://www.reddit.com/r/mentalhealth/comments/1995edu/cant_shake_severe_phone_addiction_need_help/
1jbm5bk,2025-03-15 03:24:47,mentalhealth,Helping addicted people dealing with homelessness,"I want to help people struggling with anxiety and depression. I did a year in rehab for alcohol, and have experienced a lot of hallucinating drugs. Im still dealing with issues but it's much better.
You're not going to get an answer from someone who doesn't get you, I will open my mind and listen. I was homeless for a year and I just want to give you support from someone you can talk to.

  
Please dm me and I will listen to you",1,0,https://www.reddit.com/r/mentalhealth/comments/1jbm5bk/helping_addicted_people_dealing_with_homelessness/
1j8dfw3,2025-03-10 23:58:28,mentalhealth,Phone addiction it's been really killing me and i need help...,"( |TW:depression| I know for these kinds of things you would hire a psychiatrist or something, but sadly that isn't an option for me for reasons i cannot really share.I just want to find alike experienced people and what was their way out.)

Phone addiction it's been really killing me for EXTREMELY long time, and i feel like i mentally just can't keep up with myself and neither with this.It started when i was young and it developed as more time passed throughout my life,and since i was pretty lo",1,0,https://www.reddit.com/r/mentalhealth/comments/1j8dfw3/phone_addiction_its_been_really_killing_me_and_i/
1isgqi2,2025-02-18 16:30:24,mentalhealth,Help me understand my addiction.,"Hey there I don't think my issues that big but I still think that I should get some advice. 
I recently turned 16 and for the last 2 months the best time of the day was the time at which I went to sleep because before sleeping I used to think of imaginary scenarios which should play out in my head in the half sleepy state and it would give me immense joy and then I would dose of to sleep. Initially it happened randomly but then it's started happening regularly because I really wanted it to happe",1,0,https://www.reddit.com/r/mentalhealth/comments/1isgqi2/help_me_understand_my_addiction/
1icyns7,2025-01-29 17:03:46,mentalhealth,Phone addiction help,"I am a 18 year old male and I have a bad problem with doom scrolling and being on my phone in general I’ve found it’s hard to enjoy things like nature because my attention span is terrible and I just get bored easily unless it’s reels or TikTok I went to the lake the other day and was only amused for at most 20 minutes, and other things like just being able to cuddle with my girlfriend. I also realize after getting off of my phone real life just seems less real if that makes sense.",2,0,https://www.reddit.com/r/mentalhealth/comments/1icyns7/phone_addiction_help/
1fl88ho,2024-09-20 09:51:39,mentalhealth,my autistic dada  is addicted to drugs who do help him?,my dad  started using at the age of 15 do to his mothers death. i belive the drugs hes addicted to are heroin weed alcholal and one more i do not know the name of. im just looking for guidens on how to help him get clean. let me know if any more information is needed. i have no cofirmation that my dad is autistic it is just a educated gues. sorry if messd anything up in the post first time posting(sorry for my bad english not my fist languats) my father is quite antisoicel do to not being so flo,4,12,https://www.reddit.com/r/mentalhealth/comments/1fl88ho/my_autistic_dada_is_addicted_to_drugs_who_do_help/
1hgdd82,2024-12-17 15:41:51,mentalhealth,I helped my drug-addicted friend turn his life around and be much happier,"The last few years have been super tough for my childhood bestfriend. His dad left early in his life and it affected him badly. He turned to drugs and got in with the wrong crowd, which left him in a really tough place. He randomly messaged me after around 8 years of no contact.

I've had my challenges too, but he reached out to ask me if I could help him and give him some advice on 'how to be happy again'.

I told him getting help for his drug addiction was the first step, but he said he alread",3,0,https://www.reddit.com/r/mentalhealth/comments/1hgdd82/i_helped_my_drugaddicted_friend_turn_his_life/
ufv62z,2022-05-01 08:07:16,mentalhealth,WE ARE IN A OPIOID CRISIS the day that we start treating addiction like the mental disorder is will be the day millions of people will get help in their battle,First of all if you’ve never been addicted to opioids you could never understand. After a certain amount of time it changes your brain chemistry and you no longer think the same. Your brain significantly loses dopamine and serotonin adding even more so to the mental disorder . Would you say “just be normal” to a person with autism? Then don’t say “just stop using” to an addicted person. It is a disorder a physical and mental disorder. Unless you’ve ever experienced it you will never understand j,6,65,https://www.reddit.com/r/mentalhealth/comments/ufv62z/we_are_in_a_opioid_crisis_the_day_that_we_start/
1fy549l,2024-10-07 11:15:46,mentalhealth,Help shoplifting addiction,I'm suffering from this and due in court. Has anyone had this? ,1,0,https://www.reddit.com/r/mentalhealth/comments/1fy549l/help_shoplifting_addiction/
1fi4v18,2024-09-16 13:38:02,mentalhealth,Helping addiction process,"Put this in a comment, though it is useful for others to see! 

First off, nothings wrong with you. Let’s get that out of the way.

Big issue today, however most “treatments” don’t work as well as we would like.

To break addictions you have to know how the brain works. It seeks out more and more of what brings pleasure (dopamine hits), hence more extreme porn, more drugs, more video games, etc.

The brain doesn’t distinguish between good or bad, we do that socially and individually.

Addiction ",1,0,https://www.reddit.com/r/mentalhealth/comments/1fi4v18/helping_addiction_process/
1fdb7o6,2024-09-10 06:17:43,mentalhealth,This week is suicide prevention awareness week. Don’t be afraid to ask for help. Don’t suffer in silence from mental health issues. Get help for the addiction issues. Get your meds under control. Get into therapy. If you’re needing help you can txt 988 or 741741. Those are crisis lines you can text.,This week is suicide prevention awareness week. Don’t be afraid to ask for help. Don’t suffer in silence if you suffer from mental health issues. Get help for the alcoholism & drug use. Get your meds under control. Get into therapy. If you’re needing help you can text 988 or 741741. Those are suicide lines &  you can ask for help thru text.,1,0,https://www.reddit.com/r/mentalhealth/comments/1fdb7o6/this_week_is_suicide_prevention_awareness_week/
1fa8pru,2024-09-06 06:41:50,mentalhealth,"Eating has become an addiction to me, pls help","It has gotten to the point I hate my body so much, Im even embarased to go out, I weight 36 Kg more than I should, and just noticing that my clothes slowly become tighter and tighter, Belly grows More and More, I know want I have to do, but anytime I think about it or spend a number of hours without eating I start feeling bad and DEEPLY anxious.


I've even thouht I don't deserve being alive, like, I don't deserve having a body and a life because Im not doing things right, I wouldn't commit suic",1,0,https://www.reddit.com/r/mentalhealth/comments/1fa8pru/eating_has_become_an_addiction_to_me_pls_help/
190tlck,2024-01-07 14:43:10,mentalhealth,Can a psychiatrist help me with porn addiction?,"Good afternoon, everybody. Lately I've been having anxiety attacks everytime I get too happy or too excited. I feel excited or happy too much that I can't seem to control it and thus, I get anxious about the thought that I will just pass out or have a heart attack from being overwhelmed by the feelings of excitement or happiness. I'm having a difficult time controlling my emotions sometimes. I'm also currently struggling with maladaptive daydreaming, porn and masturbation addiction. Can a psychi",7,16,https://www.reddit.com/r/mentalhealth/comments/190tlck/can_a_psychiatrist_help_me_with_porn_addiction/
1efcyuf,2024-07-29 22:30:05,mentalhealth,Advice on helping GF with her mental health/addiction,"I’m looking for help on deciding how to help my GF with her mental health and substance abuse issues. She’s struggled with depression and anxiety her whole life. She used to be medicated for it but has since stopped. Recently she has consumed by alcohol addiction. She says that she uses it to cope and as a sleep aid. She drinks nearly every night and will call me crying and making no sense. She will also show up events at 9/10 AM completely drunk.

I’m one of the only people who know about her p",1,0,https://www.reddit.com/r/mentalhealth/comments/1efcyuf/advice_on_helping_gf_with_her_mental/
1cphyla,2024-05-11 13:51:20,mentalhealth,Any hacks or advice that has helped you get out of phone addiction?,"Instagram, Reddit, or any other addictive app is making my life difficult. 
I’ve noticed that I feel more sad and depressed over the last few weeks and as a result I am spending much more time doomscrolling, this keeps me occupied while I actually feel like shit. 
It’s almost as if I’m internally screaming at myself to stop doing this but I still continue to scroll. 

I have some goals defined that I want to achieve but I keep falling back into the rut of sleeping long hours and literally wastin",1,1,https://www.reddit.com/r/mentalhealth/comments/1cphyla/any_hacks_or_advice_that_has_helped_you_get_out/
18zmdtj,2024-01-06 00:26:56,mentalhealth,Im addicted to porn on Reddit help,Im a minor and i am addicted help,1,7,https://www.reddit.com/r/mentalhealth/comments/18zmdtj/im_addicted_to_porn_on_reddit_help/
1bnsnpm,2024-03-25 23:28:44,mentalhealth,"Is there anyway to get help with work productivity, internet addiction, and perfectionism? ","I've been struggling pretty much ever since starting full time (and working from home more since covid) with productivity at work. It's at the point where it affects almost every aspect of my life, since I'm never fully comfortable/unstressed since there's always the looming feeling there's more work to do, and the constant guilt of procrastination.

Every work day is pretty much the same, where I want to get stuff done but always end up spending hours on YouTube or other internet browsing, and ",1,1,https://www.reddit.com/r/mentalhealth/comments/1bnsnpm/is_there_anyway_to_get_help_with_work/
1bhnahz,2024-03-18 10:16:48,mentalhealth,How to help a friend that has suicidal thoughts and crippling drug addiction?,The title explains it all.,1,0,https://www.reddit.com/r/mentalhealth/comments/1bhnahz/how_to_help_a_friend_that_has_suicidal_thoughts/
18kqb0i,2023-12-17 20:23:52,mentalhealth,"NEED HELP, PORN AND MASTURBATION ADDICTION","I am a 26 years adult, I have been addicted to porn and masturbation for years now. I need help but I am in such a bad state that I need professional help, trying to find some help but couldn't find helpful advice online.

Please give some advice to overcome my addiction.",2,0,https://www.reddit.com/r/mentalhealth/comments/18kqb0i/need_help_porn_and_masturbation_addiction/
sfqcsm,2022-01-29 20:02:01,mentalhealth,Just had a drink I'm scared I may get addicted because it helps so much with my mental health,"So I've been starting to drink. Just regular beer. I just had a few rn as I am typing this. And I never really thought I would like it until I tried it. I feel so well like all my anxiety just stops for a moment and I get to just relax. The thing is, this feeling doesn't last very long. Once the effect passes I'm back to my overthinking feeling shitty all day self. Should I just deal with it as I've always have or is drinking a genuine way to deal with this? I feel like it just has much more sid",14,26,https://www.reddit.com/r/mentalhealth/comments/sfqcsm/just_had_a_drink_im_scared_i_may_get_addicted/
1f7634w,2024-09-02 12:58:53,mentalhealth,Does anyone else crave connection but feel overwhelmed when you're actually around people?,"I often find myself longing for connection and the warmth of being around others, but when I’m actually with people, it doesn’t take long before I feel completely overwhelmed. It’s like this intense push and pull—I want to be close to others, but at the same time, I can’t handle the intensity of social interaction for too long.

It’s frustrating because I genuinely want to be around people, but my mind and body just start to shut down after a while, leaving me feeling drained and sometimes even ",131,48,https://www.reddit.com/r/mentalhealth/comments/1f7634w/does_anyone_else_crave_connection_but_feel/
1jezywl,2025-03-19 15:41:57,mentalhealth,"Managing Unread Messages Without Feeling Overwhelmed - Any Tips?""","Seeing 50+ unread messages instantly makes me freeze up, and then I end up avoiding it even longer. Are there any apps or features that make sorting through messages easier, like snoozing less urgent ones or batch replying when you’re ready? How do you all stay on top of this without burning out?",2,6,https://www.reddit.com/r/mentalhealth/comments/1jezywl/managing_unread_messages_without_feeling/
1j3uwwc,2025-03-05 04:28:59,mentalhealth,"Am I failing as a husband? I feel overwhelmed, lost, and alone.","
I don’t know if I’m failing as a husband. I’m the provider in my household—I take care of all the financial responsibilities, I help my mother-in-law, and I support my wife. I work hard to make sure they have everything they need.

But my father-in-law passed away in December, and my mother-in-law’s health has been declining ever since. We even moved to a new city just to be closer to her.

Today, my wife had an emotional breakdown, and I feel guilty. I feel like I should be able to support her",7,7,https://www.reddit.com/r/mentalhealth/comments/1j3uwwc/am_i_failing_as_a_husband_i_feel_overwhelmed_lost/
178elbk,2023-10-15 12:44:15,mentalhealth,Overwhelming my husband,"I am diagnosed with PTSD among a few other things. My husband has known and I have been very straightforward about my mental health from the beginning of our relationship. He is the kindest man and handles it very well as far as I could tell, but after living together for almost a year I can tell it’s wearing him down. He started to see a therapist on his own, and keeps trying to reassure me that it’s not my fault, even though he only started seeking therapy after I had a particularly bad breakd",99,54,https://www.reddit.com/r/mentalhealth/comments/178elbk/overwhelming_my_husband/
1j6x35b,2025-03-09 02:04:33,mentalhealth,How do I keep the voices from overwhelming her?,"This is all new to me and my gf, it's been about 2 months. 2 horrible, sad, terrifying, hopless months with the voices. Recently my gf found out she has bipolar II and that it's what's causing her to auditory hallucinations. For the most part she's able to keep the voice to the back of her mind during the day, but at night, night is when it can get down right scary for her. 95% of the time the voices take on the sound of the parents. The voices could sound muffled like it's happening from the ot",1,5,https://www.reddit.com/r/mentalhealth/comments/1j6x35b/how_do_i_keep_the_voices_from_overwhelming_her/
1jh0nxo,2025-03-22 04:39:19,mentalhealth,Mental paralysis/overwhelm from too many interests - what to do?,"Hey all. This post is mental health related from the standpoint of stress/anxiety/overwhelm and impulsivity. I have bipolar and cPTSD, also diagnosed w GAD. I have a lot of different interests and want to pursue them all. The problem is, is that I have so many that I get overwhelmed/paralyzed and shut down completely… And then I either don’t do any of them. Or I will start many many things and will not fully follow through with any of them. In the process of starting those many many things I wil",2,3,https://www.reddit.com/r/mentalhealth/comments/1jh0nxo/mental_paralysisoverwhelm_from_too_many_interests/
1i9ov4a,2025-01-25 15:07:02,mentalhealth,So overwhelmed because my Tinder match becomes professional,"My tinder match with whom I talked for 7 months now hired me for a job. The problem is that through our talking stage he flirted with me and I caught feelings for him. He even invited me for a trip together before it goes too professional. However he has not asked me to be his girlfriend yet.  

So I am so overwhelmed thinking that we will be working together now and our relationship is going to be so professional

Is it normal that I feel this way?",1,11,https://www.reddit.com/r/mentalhealth/comments/1i9ov4a/so_overwhelmed_because_my_tinder_match_becomes/
1jjmoq5,2025-03-25 15:54:38,mentalhealth,"Easily overwhelmed by relatively short work hours, anyone else?","Is anybody else easily overwhelmed by things that most people cope with?

You hear about the people that work normal/long hours and you hear about the people that don't work, but I'm that in-between where I try to work between 3-5 hours a day 5 days a week. I run my own business so can schedule my own clients and I know I could take on more and earn more and have tried it but when I do, my mental health takes an absolute battering. If I have more than 3 client sessions a day (they all last an ho",2,2,https://www.reddit.com/r/mentalhealth/comments/1jjmoq5/easily_overwhelmed_by_relatively_short_work_hours/
1ivjad0,2025-02-22 13:57:26,mentalhealth,I feel overwhelmed and i wanna cry,"Hi
I’m 28F and i have rough day. I wanted to clean my house, because it became a mess. I was 2 weeks ago sick with heavy flu and I couldn’t do nothing. 
Today is my day off from work and i wanted to clean just a little my house. I became overwhelmed. 
Now i wanna curl up with my music and just cry. I can’t start to clean. My mind is just struggles. 
",2,6,https://www.reddit.com/r/mentalhealth/comments/1ivjad0/i_feel_overwhelmed_and_i_wanna_cry/
1jcmcda,2025-03-16 14:13:35,mentalhealth,How do you stay mindful when life feels overwhelming?,"Lately, I’ve been struggling to stay present when life feels overwhelming. My mind races, my to-do list never ends, and even when I try to slow down, stress keeps creeping in.

I know mindfulness is supposed to help, but sometimes, it feels impossible to just ""be in the moment"".

For those who practice mindfulness or are working on it, what’s one simple habit that helps you stay grounded during stressful times?",1,3,https://www.reddit.com/r/mentalhealth/comments/1jcmcda/how_do_you_stay_mindful_when_life_feels/
1jkf28v,2025-03-26 15:53:22,mentalhealth,What do you currently do when you feel overwhelmed at work?”,Share your go-to coping move (even if it’s unhealthy),1,1,https://www.reddit.com/r/mentalhealth/comments/1jkf28v/what_do_you_currently_do_when_you_feel/
1jignyf,2025-03-24 02:34:20,mentalhealth,"Life is so overwhelming, need reassurance","Hello, I am going through so much right now and I just need to hear from someone that it isn't all bleak. Everything feels like it is insurmountable, I am not thinking of anything drastic but typing out my feelings and hearing from others would really help, lots of love to you all, I admire everyone's strength 🫂",1,1,https://www.reddit.com/r/mentalhealth/comments/1jignyf/life_is_so_overwhelming_need_reassurance/
1j6ktoh,2025-03-08 16:29:44,mentalhealth,How do I stop getting easily overwhelmed?,"I try and do simple tasks like finding where a file is or getting something prepared for my girlfriend but I get so incredibly nervous I start stuttering and can barely get my mind to figure out what to do. It's like it freezes and goes in loops, like it's scared. I have asd and most likely ADHD. ",2,3,https://www.reddit.com/r/mentalhealth/comments/1j6ktoh/how_do_i_stop_getting_easily_overwhelmed/
1jeubej,2025-03-19 10:59:48,mentalhealth,"Maybe we're not actually ""tired"" all the time, we simply have types of stress and emotions we can't identify, because we spent our developmental years hearing adults tell us that we were tired almost every time we got really overwhelmed or built up.","I get in a certain state often as an adult. Is not really tiredness but it's a daze.  I find myself  in a state where I have these feelings I can't identify.  I have begun to realize that during this state i have things going on in the background, whether bad or just unfamiliar/requiring time. 

Often I feel unsatisfied about something, or I feel loaded and I'm not sure what to do. Often it's a form of excitement or anxiety. Something builds and the response is to just resort to ""I'm tired"" or “",5,1,https://www.reddit.com/r/mentalhealth/comments/1jeubej/maybe_were_not_actually_tired_all_the_time_we/
1jgbbzt,2025-03-21 07:31:24,mentalhealth,I‘m so overwhelmed and I don‘t know what to do anymore,"Heyyy guys,

I don‘t even know how to start this. So first a little background info: I am currently in high school, near graduation and have a history with mental health problems, but not with self harm. I was never diagnosed with anything, even though I had two therapists who were more focused on discovering why smth was wrong and not how they could actively help me with my problems (there weren’t other types of therapists in my area). Last year I was doing a lot better (I don‘t know why), so I",1,1,https://www.reddit.com/r/mentalhealth/comments/1jgbbzt/im_so_overwhelmed_and_i_dont_know_what_to_do/
1jg4kxw,2025-03-21 00:46:50,mentalhealth,Overwhelmed with diagnosis,"I found I have 2 forms of AFRID-sensory and lack of interest, OCD, ADHD and a history of physical, sexual and emotional abuse. Is healing possible? It sounds exhausting 
",1,1,https://www.reddit.com/r/mentalhealth/comments/1jg4kxw/overwhelmed_with_diagnosis/
1jkkysh,2025-03-26 19:54:22,mentalhealth,Getting overwhelmed with my situation / bad habits coming back,"Hi, 

I am 21, female. I have always struggled with not feeling like I am enough as I am, as a person. My family has always been supportive and loving, but because we are immigrants and have been poor for most of my life (the situation is a little better now, or rather stable, but still far from ""good""). I am the eldest daughter. I have been working since I was 14 (I wanted to work to help my family since I can remember, but obviously nobody wanted to hire a 12 yr old), and used to work 8 hours ",3,0,https://www.reddit.com/r/mentalhealth/comments/1jkkysh/getting_overwhelmed_with_my_situation_bad_habits/
1jkfbcd,2025-03-26 16:03:27,mentalhealth,What is the name of this? My mind is randomly making a memory loud and overwhelming,"I have had this before, I think it is usually in dreams - but not always. But the contents itself don't matter. Its a clip/video/memory in my head and it is quiet and or far away, but randomly it is MASSIVE, LOUD, and FAST and it is freaking me out so much - almost to tears. Why can't I control it, why can't I stop thinking about it, why are these memories in my head going from borderline underwhelming to overwhelming and back, like it's flashing between the two in my head. I'm not sure if intru",2,0,https://www.reddit.com/r/mentalhealth/comments/1jkfbcd/what_is_the_name_of_this_my_mind_is_randomly/
1jkjx1s,2025-03-26 19:11:07,mentalhealth,Work overwhelms me so much,"I have been working on a zero hour contract job in retail the past 2-3 years after graduating uni. I’m lucky in the fact that I get the same shift and regularly get 15-20 hours a week unlike a lot of people on zero hour contracts. 

I don’t think I’m bad at the job (I’m definitely not good at it) I don’t work above my pay, it’s never appreciated when I do and if I show I care about something I’m told ‘it’s not that deep’ not to worry about it, someone else brings it up suddenly it’s number 1 pri",1,0,https://www.reddit.com/r/mentalhealth/comments/1jkjx1s/work_overwhelms_me_so_much/
1jke1cd,2025-03-26 15:09:38,mentalhealth,So overwhelmed,"I really just needed to vent- I'm so overwhelmed and just run down. I feel like my body is falling apart from work, i dont like my job, my life is moving at 2000mph, and everything is just insane. I recently bought a house with my gf, and then we started fighting bc she wasn't helping out as much at home while I'm the only one working to pay for everything- mortgage, 2 cars, utilities, groceries. We got into a huge fight not too long ago over me going out with friends to hang out, despite me giv",1,0,https://www.reddit.com/r/mentalhealth/comments/1jke1cd/so_overwhelmed/
m1p609,2021-03-10 04:19:21,mentalhealth,"Anyone else procrastinate going to sleep because they don’t want the next day to come, but then also get anxious about how many hours they have left before they need to get up?",This is always a struggle for me. I just want the world to freeze at night time so I can have some peace,1761,116,https://www.reddit.com/r/mentalhealth/comments/m1p609/anyone_else_procrastinate_going_to_sleep_because/
fqib8w,2020-03-28 11:18:38,mentalhealth,"COVID-19 Is a bitch. If anyone during this time is having a hard time coping, anxious, suicidal, just bored or depressed. Please vent to me and I will do my best to help you and your feelings/thoughts!",Any age + any gender 🙏🏼❤️ #letsworktogether,516,205,https://www.reddit.com/r/mentalhealth/comments/fqib8w/covid19_is_a_bitch_if_anyone_during_this_time_is/
1irn36v,2025-02-17 15:58:03,mentalhealth,Why do I feel anxious the morning after liking someone? 25F here.,"I've noticed a pattern in myself—whenever I start liking someone, I feel excited at first, but by the next morning, I wake up with a strong sense of anxiety, like something isn’t right. This has been happening for years, no matter who the person is. It’s not necessarily about them but more about how I feel in general when it comes to relationships.

I lost my father when I was 13 and was raised by my mother (I am a single child). My uncle, aunt supported my education. I tried to date but broke u",10,15,https://www.reddit.com/r/mentalhealth/comments/1irn36v/why_do_i_feel_anxious_the_morning_after_liking/
1jie9i7,2025-03-24 00:31:02,mentalhealth,How do I become a good man and stop feeling so anxious about making women uncomfortable?,"Hi,
I'm a 20 year old guy. I want to be a good guy who's an ally to women but I'm constantly worried about making women uncomfortable.  
I'm worried I'm looking at women funny. I know I objectify women and I hate myself for it. I asked for advice on another sub and I was told that I fear being a creep because I am a creep, and that I need to leave women alone. I want to not make women uncomfortable but I also don't wanna have to spend life alone. I also see stuff about how male feminists are wol",0,8,https://www.reddit.com/r/mentalhealth/comments/1jie9i7/how_do_i_become_a_good_man_and_stop_feeling_so/
1ht4dgr,2025-01-04 02:41:05,mentalhealth,Too anxious to do anything,"My OCD and anxiety/panic attacks have gotten out of control. I can’t do anything anymore. I want to play a video game or something but the thought of doing so is too overwhelming and anxiety provoking. I don’t have medication that works, and I haven’t seen my therapist in weeks because of the holidays. All I want to do to is lay in bed and ruminate. Even when I do do something, I can’t focus because the anxious thoughts don’t stop looping in the back of my mind. Does anyone have any tips to help",7,17,https://www.reddit.com/r/mentalhealth/comments/1ht4dgr/too_anxious_to_do_anything/
ywk704,2022-11-16 04:53:47,mentalhealth,Tips For Sleeping When Feeling Anxious?,Does anyone have any tips for sleeping while feeling anxious? I've been so stressed and anxious over family issues that I have hardly slept in the past few weeks. Someone please guide some quick tips.,193,66,https://www.reddit.com/r/mentalhealth/comments/ywk704/tips_for_sleeping_when_feeling_anxious/
c1gaod,2019-06-16 23:11:42,mentalhealth,"I’m almost 24 and feel like I’ve wasted my life overthinking, being anxious or depressed, having no direction in life, wanting to cut or commit suicide, being emotionally isolated from family, having no social life, feeling angry all the time, wasting money on a useless degree…",Yay… I hate life so much.,425,87,https://www.reddit.com/r/mentalhealth/comments/c1gaod/im_almost_24_and_feel_like_ive_wasted_my_life/
1h33vyr,2024-11-30 03:51:31,mentalhealth,I'm so anxious,"I literally feel like I just came out of a cartoon and now everything is too real. Like, if my life 15 minutes ago was a cartoon rn I just walked through the tv screen into the real world.
 I hate it everything feels so fake and looks so real it looks fake if that makes sense??? 
And I want to cry and I want to get up but I can't MOVE",3,18,https://www.reddit.com/r/mentalhealth/comments/1h33vyr/im_so_anxious/
1j1qtqc,2025-03-02 13:27:39,mentalhealth,Off of sertraline for 2 months and feeling depressed and anxious,I’ve been off of sertraline for 2 months. Is it normal to feel depressed and anxious? I have these symptoms for about a week now. I dont know if this could be considered discontinuation syndrome or relapse. I’ve tappered off under supervision of my psychiatrist.,1,5,https://www.reddit.com/r/mentalhealth/comments/1j1qtqc/off_of_sertraline_for_2_months_and_feeling/
1ji6o2g,2025-03-23 18:55:09,mentalhealth,Anyone have any advice on how to deal with anxious thoughts? theyre tiring.,"I have really anxious thoughts, mixed with intrusive thoughts im not sure hoe comparable they are.
Examples are:
""I dont like my partner"" (not true at all, i love him more than anything and believe he is the love of my life.)
""I'll lose interest in everything im interested in"" (My interests are very important to me, some of them also because my partner and i are very close because of)
""I love discrimination (racism, homophobia, transphobia etc)"" Wtf no?? I respect every human being the way they ",1,2,https://www.reddit.com/r/mentalhealth/comments/1ji6o2g/anyone_have_any_advice_on_how_to_deal_with/
1bun5im,2024-04-03 08:09:10,mentalhealth,I wanna terminate my pregnancy ASAP cuz Im super anxious ,"After finding out I(28f) was pregnant 18 days after unprotected sex, I was really shocked since it was my first time. I got emotional and lost at the same time and went to a gynecologist who advised waiting three more weeks for an ultrasound. Now this waiting period is making me anxious, constantly overthinking, and having palpitations which is also affecting my studies. One thing I'm 100% sure that I'm not ready to have a kid. Since I stay with my parents, I'm super worried about my mother find",25,46,https://www.reddit.com/r/mentalhealth/comments/1bun5im/i_wanna_terminate_my_pregnancy_asap_cuz_im_super/
1iwuucb,2025-02-24 05:39:14,mentalhealth,Why am I depressed and severely anxious when I don’t have a reason to be?,"Im anxious and sometimes depressed but not for any good reason. Even on Reddit there are people who have trauma from very reasonable things and yet I have no trauma which makes me think that im just weak or being a little bitch. Also I hate myself not for any particular reason, I guess I just really dislike myself. Compared to a lot of other people I have a pretty good life so am I just a bitch baby or ungrateful? I don’t really know what this post is anymore I’ll delete it if mods want me to. ",7,5,https://www.reddit.com/r/mentalhealth/comments/1iwuucb/why_am_i_depressed_and_severely_anxious_when_i/
1j5igo0,2025-03-07 07:59:31,mentalhealth,How to not get anxious?,What do you do/ how do you get calm when you're anxious?,1,4,https://www.reddit.com/r/mentalhealth/comments/1j5igo0/how_to_not_get_anxious/
1jk53xo,2025-03-26 06:03:41,mentalhealth,OCPD and anxious all the time,"I am 29F from Bangalore India and engineer plus mba . I have switched 4 companies in 4 years post my mba . I have joined a company last month and I am not able to adjust here. I was always a top performer in places wherever I worked but had to leave because of culture issues. I deliver the work given to me and go beyond as well but it takes a lot of emotional toll on me. As part of my work, I have to present in meetings, public speaking and all is common. Since childhood i am very scared of publ",2,1,https://www.reddit.com/r/mentalhealth/comments/1jk53xo/ocpd_and_anxious_all_the_time/
1j8zouw,2025-03-11 19:45:33,mentalhealth,i've became a very anxious and skeptical person,"so hello,i don't really know if this is the right sub but i really think that i need advice(sorry if my english is bad,it's not my first language.)

i've been interested in like every kind of things and i try to improve myself in every chance particularly in art and music. but especially in school,most of my classmates CONSTANTLY mock with everything i do. i stopped being friends with a girl who specially mocked me because i was sick of it but everyone kept mocking with me and underestimate me. ",1,3,https://www.reddit.com/r/mentalhealth/comments/1j8zouw/ive_became_a_very_anxious_and_skeptical_person/
1je35pc,2025-03-18 11:53:51,mentalhealth,What's making me anxious about every situation?,"I'm trying to understand some recent change in my behaviour. Here's the background 

I was fired from my job in Jan 2025. Ever since that I have been feeling anxious and confused about future. Lately what I've observed is that any uncomfortable situation is making me feel anxiety. I've never felt this before and always have been very composed in any situation. 

For eg - I've a visa interview scheduled and I'm almost certain I'll be rejected because I need to be employed and that fear of rejecti",1,2,https://www.reddit.com/r/mentalhealth/comments/1je35pc/whats_making_me_anxious_about_every_situation/
1jj7njs,2025-03-25 01:14:25,mentalhealth,Advice for dealing with anxious thoughts of being disliked,"How does everyone deal with thoughts that everyone dislikes them? I feel like everyone hates me, from strangers on the street to my closest friends. I assume everyone I meet will be cruel to me until proven otherwise. I can't shake the constant thoughts that there's something inherently unlikeable about me, that I'm nothing but an annoyance to even my closest friends, and that the only reason they don't cut me off is because of pity. As a result, I'm very needy and constantly ask for reassurance",1,1,https://www.reddit.com/r/mentalhealth/comments/1jj7njs/advice_for_dealing_with_anxious_thoughts_of_being/
1j5tixr,2025-03-07 16:59:53,mentalhealth,How can i stop anxious attachment in my relationship?,"I feel as though im too clingy and need of constant reassurance in my relationship and lately I feel as though im draining myself and my partner in doing so, how can i stop this.",2,3,https://www.reddit.com/r/mentalhealth/comments/1j5tixr/how_can_i_stop_anxious_attachment_in_my/
1izpjss,2025-02-27 20:25:56,mentalhealth,How to stop your mind by having negative thoughts and getting anxious?,"How can I stop my mind by being so negative? I hate how I feel this way. It’s mostly because of work. I see how everyone is with me and I just stay in my own lane and distract myself with something so I won’t let it phase me but then I still feel like their is a “cloud” over my head and I start feeling anxious and I hate this feeling. I don’t know what to do, I feel like I’m always drowning in my own thoughts and I just want to stop feeling this way. I truly want to be a careless person when it ",2,4,https://www.reddit.com/r/mentalhealth/comments/1izpjss/how_to_stop_your_mind_by_having_negative_thoughts/
1jg7glj,2025-03-21 03:16:55,mentalhealth,"Too Skinny, Too Broke, Too Anxious - Need Someone to Kick My Ass Into Gear Drowning in Procrastination and Pushing Everyone","I am feeling stuck in a cycle of procrastination, avoidance, and self-doubt. Despite knowing what I need to do—growing my business, improving my health, and becoming more disciplined—I keep falling back into bad habits like doom-scrolling, gaming, and delaying important work. I have financial stress, as I barely make ends meet, and my physical health is declining (I’m 20, 5’7, and 50kg). I also struggle with avoidance attachment, pushing people away and isolating myself. I want to break free fro",1,1,https://www.reddit.com/r/mentalhealth/comments/1jg7glj/too_skinny_too_broke_too_anxious_need_someone_to/
1hiniai,2024-12-20 16:27:16,mentalhealth,I had a mental breakdown at universal studios. My insurance won’t pay for an emergency Telehealth. ,"I’m here with my wife for her dream vacation. I have employment times that I hate theme parks but to be supportive I tried to come along. I got separated and started freaking out. I ended up getting lost, hyperventilating, and having a panic attack. After hiding in the corner and calming down I found a staff member to lead me out. I walked to the hotel and am sitting at the pool trying to calm down. 

Any one that can just chat would be nice as I’m pretty defeated at the moment",88,36,https://www.reddit.com/r/mentalhealth/comments/1hiniai/i_had_a_mental_breakdown_at_universal_studios_my/
1ex34n6,2024-08-20 18:29:28,mentalhealth,Have you ever had a mental breakdown?,I'm curious about if anyone has ever had a mental breakdown where they got sent to a psych ward and what the experience was like?,28,47,https://www.reddit.com/r/mentalhealth/comments/1ex34n6/have_you_ever_had_a_mental_breakdown/
1ietecl,2025-02-01 00:05:13,mentalhealth,How to balance keeping up with the news and not suffering major mental breakdowns?,"I don’t even know how could I possibly elaborate on this question. The more you follow the news, the more you probably know what I’m talking about.",6,23,https://www.reddit.com/r/mentalhealth/comments/1ietecl/how_to_balance_keeping_up_with_the_news_and_not/
ow4i9g,2021-08-02 01:11:59,mentalhealth,Is it pathetic of me to have moved back in w mom and dad after mental breakdown (26yoF),"I feel like a failure. Idk how long it will take for me to get my shit together. Is living with parents at my age normal?

[View Poll](https://www.reddit.com/poll/ow4i9g)",181,151,https://www.reddit.com/r/mentalhealth/comments/ow4i9g/is_it_pathetic_of_me_to_have_moved_back_in_w_mom/
16uox8v,2023-09-28 19:21:56,mentalhealth,Is it pathetic that I still have mental breakdowns at age 25?,"I’ve always had mental breakdowns, I figured maybe I’ll grow out of them one day but it doesn’t seem to be the case. 

I feel pathetic because my parents witness me having them. Which mainly is me just crying uncontrollably and trying to stay away from others/hide it, but I’m not good at hiding crying. 

I want to hide it because everyone always asks “can I do anything to help” which the last thing I want when this is happening is any sort of attention. I cannot think rationally when I’m in this",44,98,https://www.reddit.com/r/mentalhealth/comments/16uox8v/is_it_pathetic_that_i_still_have_mental/
1j9b3hh,2025-03-12 04:34:20,mentalhealth,Funny: Had a mental breakdown and shaved my hair,FK how long will this take to grow back ,2,13,https://i.redd.it/auvx92e2t6oe1.png
1izclfq,2025-02-27 10:18:37,mentalhealth,"I never cry, my pet died and i had a mental breakdown (25F)","As i said in the title i have problems crying (letting emotions out in general, expect anger probably - i am in therapy) and yesterday my cat died.

I came home from cinema with a friend and i found my dad awakein the kitchen at like 2am, i was worried cause he never stays that late up but i thought maybe he woke up and was drinking some water ecc.

Btw i asked him ""why are you up?"" and he told ""i was waiting for you"", double weird for him but i didnt say anything and then i asked ""where is \*ca",5,9,https://www.reddit.com/r/mentalhealth/comments/1izclfq/i_never_cry_my_pet_died_and_i_had_a_mental/
1ipzg37,2025-02-15 11:28:40,mentalhealth,Did I experience a mini-mental breakdown?,"Male, 33. I've been dealing with a lot lately. I've had a lot of stress in my life in general, with a history of depression and anxiety, but a year and a few months ago, my country got swept into a war, and I got called to serve as a reservist fighter. I've had a few combat deployments since, and while I didn't reach the critical mass of PTSD, I did spend close to 200 days in combat or combat-related situations, while simultaneously trying to get accepted into psychology grad school (which is ve",1,6,https://www.reddit.com/r/mentalhealth/comments/1ipzg37/did_i_experience_a_minimental_breakdown/
1iv76i3,2025-02-22 01:29:45,mentalhealth,"Someone cleaned my room without my permission. Now I'm having a mental breakdown, crying, and messing everything up again. Why am I like this?","For context, my room have been so messy for almost a month now. But during this past 2 weeks, though the process is very small, I am cleaning my room bit by bit. Today, I left my room almost nearly cleaned, just the clothes I folded, and my things to be organized (they are on the bed, my chair, my desk) . But when I came home later at night, I found that they had cleaned my room, but just dumped everything on the desk messily (really just put it there on with no organization ) when I already pla",2,4,https://www.reddit.com/r/mentalhealth/comments/1iv76i3/someone_cleaned_my_room_without_my_permission_now/
1jied0e,2025-03-24 00:35:49,mentalhealth,9 months pregnant and having a mental breakdown,"I am 9 months pregnant and have severe health anxiety, which I’ve struggled with since I was a kid. This pregnancy has been incredibly hard because of constant fears that something could go wrong, either with me or the baby. There hasn’t been a single minute of happiness—just overwhelming fear of diseases or conditions.

About six days ago, I noticed a few scratches on my stomach, which I didn’t remember getting. I quickly spiraled into a panic, convinced I had low platelets. This went on for a ",1,0,https://www.reddit.com/r/mentalhealth/comments/1jied0e/9_months_pregnant_and_having_a_mental_breakdown/
1jgsuwx,2025-03-21 22:03:22,mentalhealth,Mental breakdown,"My dog is sick, meeting was cancelled due to a no show and my parents wouldn't respond to my serious text. I don't know what happened but I started screaming at myself about everything, this turned into uncontrollable laughing which brought me to tears and then I started crying then back to screaming at myself. Everything I was saying was bad things about myself and how I'm so stupid for thinking I could be anything more than a pathetic alcoholic. I questioned myself for certain events and would",2,0,https://www.reddit.com/r/mentalhealth/comments/1jgsuwx/mental_breakdown/
1j4gru7,2025-03-05 22:59:11,mentalhealth,MENTAL BREAKDOWN,"A few days ago, something happened that felt like the last straw. An ex—who was toxic—randomly messaged me to tell me to ""leave her alone,"" even though I hadn’t done anything except check her LinkedIn profile. That was it. That tiny thing sent me over the edge.

I lost it. Not in public, not in front of anyone—just me, alone in my room. I started yelling, talking to myself, basically arguing with myself. It felt like years of bottled-up anger, frustration, and resentment all came out at once.

T",1,1,https://www.reddit.com/r/mentalhealth/comments/1j4gru7/mental_breakdown/
1j96t9i,2025-03-12 00:53:56,mentalhealth,I think I'm on the verge of a mental breakdown,"I feel like I've been missed out on training opportunities at work and it's been weighing down on me for weeks, now I've brought it up with work it's only made things worse.

My workplace has previously said that I was next in line for site manager training, but now they've put in everyone's training dates up, I can see I've got nothing while staff with less experience are getting said training.
I was told that they didn't have space in the planner to put me in because I was needed on other jobs",1,0,https://www.reddit.com/r/mentalhealth/comments/1j96t9i/i_think_im_on_the_verge_of_a_mental_breakdown/
14qxqga,2023-07-05 02:22:56,mentalhealth,I think my sister is having some kind of mental breakdown.,"This may not belong here but here goes nothing. My sister's pretty smart she's helping to take care of our grieving cousin has her own place went to college and is a certified nurse but she's 100% confident the Titanic implosion was a conspiracy. She is 100% sure they went on the sub completely faked their deaths fled to a spaceship and went to Mars to live there completely free with the help of the government because she is 100% sure of the world is ending very soon.
No troll no joking she's de",69,60,https://www.reddit.com/r/mentalhealth/comments/14qxqga/i_think_my_sister_is_having_some_kind_of_mental/
1gjx4y8,2024-11-05 03:08:11,mentalhealth,HELP MENTAL HEALTH BREAKDOWN (I THINK SO),I think I am having a metal helath breakdown  because I have been experiencing bullying from school coaching and also home too I get bullied daily at home for any reason possible (mostly casuse of study) to tell the truth I just had a plastic surgery for gynocomestia before that I was constantly bullied for 6 years from my mother and sister too but at last my father considered a surgen for surgery but now I am bullied again saying that my father wasted his money on a worthless thing like me and ,1,15,https://www.reddit.com/r/mentalhealth/comments/1gjx4y8/help_mental_health_breakdown_i_think_so/
1igj6r3,2025-02-03 06:49:46,mentalhealth,I feel like I’m about to go insane. Is this a mental breakdown?,"I’ve been feeling this way for at least the past few weeks: 

1. Extreme exhaustion: sleeping more than half the day 

2. Extreme dissociation 

3. Overstimulation

4. Feeling like I’m going crazy

5. Feeling like something is just wrong with my brain- impending psychosis?

6. Isolation/withdrawal from people 

7. Seeing little things out of the corner of my eye  

8. Irritable- snapping at coworkers or family (out of character) 

9. Sensitive 

10. Overthinking 

11. Racing thoughts 

12. Poor ",2,3,https://www.reddit.com/r/mentalhealth/comments/1igj6r3/i_feel_like_im_about_to_go_insane_is_this_a/
1iqxl67,2025-02-16 17:37:44,mentalhealth,Is my friend truly in danger or is she having a mental breakdown?,"I have an old friend from high school, we graduated about 30 years ago. We haven't really kept in touch until recently. I saw that she created a YouTube channel and was uploading videos describing a group of people where she lived who were harrassing her. She eventually stopped uploading the videos and began messaging me via Instagram. She was in our home state a while ago, but now she's staying in a hotel in another state about 600+ miles away. She says the group harrassing her is there, too. H",2,1,https://www.reddit.com/r/mentalhealth/comments/1iqxl67/is_my_friend_truly_in_danger_or_is_she_having_a/
1i8t7pa,2025-01-24 11:22:18,mentalhealth,Had a mental breakdown and cried for 2+ hours. First time I cried in 5 years,"I was laying in bed venting to my wife because life has been mad stressful lately. Been having panic attacks a lot the past month and I started having one in bed. She noticed, gave me a hug, and just said it's okay to cry and I had a real proper breakdown. I'm talking crying and screaming into the pillow. Full on sobbing. I didn't realize how much I was holding in because once the tears started they wouldn't stop. I say all that to say that I'm happy I could finally cry though I had been trying ",14,2,https://www.reddit.com/r/mentalhealth/comments/1i8t7pa/had_a_mental_breakdown_and_cried_for_2_hours/
1hun5fy,2025-01-06 01:23:38,mentalhealth,Is this a mental breakdown or? ,"Hi… I’m a 23 f and I don’t know what it is but like the overwhelming feeling of need for change is consuming me. It’s like there’s a war in my brain. I would say I’m a very logical person. I need logic and reason for nearly everything. I guess I also cope with logic. Anyways I feel like buzz cutting my hair and quitting my job. I’ve been changing a lot in my personal life lately. Not anything drastic I would say. I’ve just been deep-cleaning, reorganizing and rearranging my house. I’ve been cons",2,5,https://www.reddit.com/r/mentalhealth/comments/1hun5fy/is_this_a_mental_breakdown_or/
1inm9c2,2025-02-12 08:15:42,mentalhealth,Mental breakdown,"Hello everyone.
So where do I begin. Last year was a trainwreck for me regarding career life, I was not satisfied with salaries and jobs so I switched and switched, because of that I couldn't go to vacation because you have to work 6 months in one company to get vacation. Now I am on a job where half of things are illegal, like half of salary is paid in cash and part on bank account. This is just the tip of the iceberg. I am in a relationship which is nice but my girlfriend sometimes naggs about",1,0,https://www.reddit.com/r/mentalhealth/comments/1inm9c2/mental_breakdown/
own79d,2021-08-02 20:33:09,mentalhealth,Get support for yourself or other people,"If you’d like to talk to someone, confidential mental health support is free and available 24/7.

**Inside the U.S.**

* Crisis Text Line: Text CHAT to 741741
* Suicide & Crisis Lifeline: Call or text 988

**If you’re outside the U.S.**

* [Find resources in your location](https://www.reddithelp.com/hc/en-us/articles/360058756471-What-are-support-resources-available-to-people-outside-the-U-S-)

**If you’re not ready to talk to someone yet:**

* [How to help yourself when you’re feeling suicidal]",300,2,https://www.reddit.com/r/u_RedditCareResources/comments/own79d/get_support_for_yourself_or_other_people/
dkgcw0,2019-10-20 07:12:42,mentalhealth,It’s been 2 months to the day since I last self harmed. I just want someone to be proud of me.,,2026,160,https://www.reddit.com/r/mentalhealth/comments/dkgcw0/its_been_2_months_to_the_day_since_i_last_self/
1j973f5,2025-03-12 01:07:31,mentalhealth,Self harm free,Yup. I barely even think about it now. ,359,24,https://i.redd.it/fppkc5x5s5oe1.jpeg
1fn0770,2024-09-22 18:36:58,mentalhealth,I am officially free of Self Harm :),I have had a hard time stopping but i eventually got over it and now im 1 month clean and my mental state is pretty well again :),227,70,https://www.reddit.com/r/mentalhealth/comments/1fn0770/i_am_officially_free_of_self_harm/
1hk069d,2024-12-22 15:03:17,mentalhealth,Ive been self harm free for over 2 months,Trust me it hasent been easy at all but at least its a start right?,135,38,https://www.reddit.com/r/mentalhealth/comments/1hk069d/ive_been_self_harm_free_for_over_2_months/
1abd5m8,2024-01-26 07:52:07,mentalhealth,My boyfriend said he will break up with me if I self harmed again. I did and he is about to find out.,"He said that years ago and I cant make the wounds heal faster. Im staying at his house for two days and he will suspect why i dont want to have sex and bathe with him (the scars are in my tummy and hips). We have been dating for four years and he is the only stable thing I have right now. I think he should be understanding, but when he said that he said ""if you cut yourself again that means i cant make you happy, so whats the point of dating me?"". Im dying of guilt, but Im too scared to tell him",157,100,https://www.reddit.com/r/mentalhealth/comments/1abd5m8/my_boyfriend_said_he_will_break_up_with_me_if_i/
1jc6av4,2025-03-15 22:01:52,mentalhealth,"my boyfriend got admitted to the psych (hospital?ward?) for self harm (his first time struggling with this), i’m very concerned and was wondering if anyone who’s been through similar situations on his side can answer some questions?","(PAGE ABOVE IS WHAT I BELIEVE WOULD APPLY TO HIM IN HIS STATE) So around 11pm on the 12th my boyfriend (18) cut himself and had to go get stitches (he accidentally cut himself way deeper than usual which scared him) he was in the e.r. all night, he saw a psychologist and then sometime between 1pm-5pm on the 13th, he was transferred to a “community hospital” that treats mental health patients as well as other people who aren’t suffering with mental health issues, i was wondering what’s going on f",7,30,https://i.redd.it/xxbcf4uoexoe1.jpeg
keb0r8,2020-12-16 15:16:49,mentalhealth,Today marks 3 months safe from self-harm. ♥️,Don’t be ashamed of the past—celebrate all victories.,892,73,https://www.reddit.com/r/mentalhealth/comments/keb0r8/today_marks_3_months_safe_from_selfharm/
1hww2fz,2025-01-08 21:53:10,mentalhealth,"Why do some mentally ill people, no matter how bad it gets, are immune to self harm?","Hi. This is me (or at least used to cause im better now). I will not dump my entire history, but yes, it has gotten pretty bad for me, worse than some people (very subjective but easily arguable), and yet, I seem to have never really went and did any sort of self harm. I did have tried in my lowest thinking « what’s wrong with me for not experiencing what everyone else like me does », and went to take the blade. Just the act of getting up and search for it numbed it completely (and not in a good",13,40,https://www.reddit.com/r/mentalhealth/comments/1hww2fz/why_do_some_mentally_ill_people_no_matter_how_bad/
b06ps6,2019-03-12 11:32:08,mentalhealth,i’ve been clean from self harm for one year!!,"today marks exactly one year since i’ve self harmed. I can’t believe I made it so long!! it’s so hard, but so worth it. ",703,97,https://www.reddit.com/r/mentalhealth/comments/b06ps6/ive_been_clean_from_self_harm_for_one_year/
845g11,2018-03-13 16:23:48,mentalhealth,TODAY I AM 5 YEARS SELF HARM FREE,,952,75,https://i.redd.it/p7v2qin64kl01.jpg
irem55,2020-09-12 15:29:28,mentalhealth,i’m one month clean of self harm :’),the title says it all,995,49,https://www.reddit.com/r/mentalhealth/comments/irem55/im_one_month_clean_of_self_harm/
hcilcr,2020-06-20 08:34:13,mentalhealth,150 Days today without self harming!,It’s been 150 days since I last self harmed and I’m really proud of myself. Thank you for the support here!! 💕,565,90,https://www.reddit.com/r/mentalhealth/comments/hcilcr/150_days_today_without_self_harming/
i7wvx0,2020-08-11 18:14:38,mentalhealth,Y’all I am ONE MONTH SELF HARM FREEEEEE!,HELL YEAH FOR YEARS IVE DEALT WITH THIS AND THIS IS MY RECORD! Yeeeeeee!,775,61,https://www.reddit.com/r/mentalhealth/comments/i7wvx0/yall_i_am_one_month_self_harm_freeeeee/
10gbmrk,2023-01-19 20:03:03,mentalhealth,Ive been clean from self harm for over a month,Ive been clean from self harm for over a month and its been going good but the past week has got me thinking of doing it again what are some ways to get youe mind off it bc nothing seems to work for me,196,85,https://www.reddit.com/r/mentalhealth/comments/10gbmrk/ive_been_clean_from_self_harm_for_over_a_month/
au9ps0,2019-02-24 16:47:13,mentalhealth,2nd day without self harm,"I didn’t self harm yesterday and I’m challenging myself to not self harm today. Gl to me I guess.
Edit: I HAVE MADE ANOTHER POST ABOUT MY 3RD DAY, I WILL POST MORE AS THE DAY PROGRESSES! https://www.reddit.com/r/mentalhealth/comments/aueovu/an_update_3rd_day_without_self_harm/?st=JSJLXLOR&sh=6259593c",474,109,https://www.reddit.com/r/mentalhealth/comments/au9ps0/2nd_day_without_self_harm/
1eu5y6h,2024-08-17 01:34:16,mentalhealth,Is this a form of self-harm? (CW: mention of pedophilia),"For context, I'm a non offending pedophile. I'm seventeen, soon to turn eighteen. And before anyone asks, I don't watch CSEM.

In spite of not wanting to feel terrible about it, I cannot help looking for videos and posts involving a negative view on people like me. Stuff like people wishing harm on non offenders, or talking about how we should live miserably.

I already feel pretty bitter about it, and I feel a bit isolated due to believing that no one in my life would love me if they knew. But ",3,47,https://www.reddit.com/r/mentalhealth/comments/1eu5y6h/is_this_a_form_of_selfharm_cw_mention_of/
k1y8b2,2020-11-27 09:40:34,mentalhealth,Yesterday I became 7 years clean from Self Harm! I’m so proud,"It hasn’t been an easy ride but I fought the urges and managed to reach a 7 year milestone! On other posts I’ve done, I’ve just said about my clean streak but I’d like to say here that I still struggle so much mentally. I’ve had times when I haven’t in these 7 years. Though the biggest thing is I’m 7 years clean and I’m working on my mental health.

Edit* if you you’re struggling then don’t hesitate to reach out!",645,60,https://www.reddit.com/r/mentalhealth/comments/k1y8b2/yesterday_i_became_7_years_clean_from_self_harm/
1j4h3it,2025-03-05 23:12:55,mentalhealth,I checked off the self harm box on a paper last psych visit. WHAT DO I DO????,"I've been better for the last few years and the worst it's ever gotten is scratching. I would never actually commit but because of a recent crash out I had I marked the box. I DON'T WANT OR NEED THE WARD, I'VE FOUND STRATEGIES TO HELP MYSELF, SOMEONE GIVE ME ADVICE PLEASE!!! ;-;",2,9,https://www.reddit.com/r/mentalhealth/comments/1j4h3it/i_checked_off_the_self_harm_box_on_a_paper_last/
myg238,2021-04-25 19:51:17,mentalhealth,I’m two weeks free from self harm!,"I know it’s not a lot, like one year, but I’m really proud of myself. For the longest time I didn’t think I could get to 2 hours let alone 2 weeks.",600,50,https://www.reddit.com/r/mentalhealth/comments/myg238/im_two_weeks_free_from_self_harm/
1akat06,2024-02-06 14:18:43,mentalhealth,What do you do when you feel lonely?,"Lately, I’ve been struggling with feelings of loneliness, and I’m sure many of you have been there too. I’m curious to know how everyone here copes when they’re feeling lonely.",94,97,https://www.reddit.com/r/mentalhealth/comments/1akat06/what_do_you_do_when_you_feel_lonely/
kcwpp4,2020-12-14 12:26:16,mentalhealth,Today is my birthday and I feel so lonely.,Edit: Thank you kind strangers for the birthday wishes. It means a lot to me.,578,211,https://www.reddit.com/r/mentalhealth/comments/kcwpp4/today_is_my_birthday_and_i_feel_so_lonely/
1izachv,2025-02-27 07:29:55,mentalhealth,How do you guys stop feeling lonely and depressed at night? Please let me know!!,Any tips and to relax and hopefully fall asleep or feel less lonely at night would be helpful. I'm mostly just in bed suffering all night on my phone. Also please something that is simple and easy to do as I have very low motivation ,22,38,https://www.reddit.com/r/mentalhealth/comments/1izachv/how_do_you_guys_stop_feeling_lonely_and_depressed/
1gvbyot,2024-11-19 23:59:04,mentalhealth,Lonely on my birthday ,"It’s my birthday today (23F), and so far, I’ve spent it in bed crying. I’ve been in a rut for months now. I have a few productive days here and there, but most days feel like a struggle. I recently moved to a new country and have a job interview this week, but I feel no motivation to prepare for it. On top of that, I’m dealing with relationship issues, and I just want this day to be over. Every time I get a birthday message from a friend or family member, I end up in tears. I don’t even feel lik",69,44,https://www.reddit.com/r/mentalhealth/comments/1gvbyot/lonely_on_my_birthday/
1ja74po,2025-03-13 08:15:35,mentalhealth,Crying after masturbating/lonely,"So lonely every time I (31 nb) masturbate, I cry afterwards, sometimes a lil sometimes a LOT. All I can think abt is how I don't have anyone to do those things w, and also I deeply crave the intimacy of aftercare and cuddles and ✨️talking✨ Where I'm at now I just want that initial getting to know someone vibe. The bigger problem is I'm in a place in life where I shouldn't and am not trying to date for a while while i work on some things, so I can't find those connections. So that leaves me in a ",9,21,https://www.reddit.com/r/mentalhealth/comments/1ja74po/crying_after_masturbatinglonely/
qm1yoi,2021-11-03 19:19:42,mentalhealth,Could anyone just talk to me in this post or just ask me random questions? i feel really lonely,"ive been struggling lately and i feel alone

edit: thank you guys so much, I didn't expect so many people to reply
edit 2: also I'm a bit uncomfy with dms so I probably won't reply, but thank you.",221,138,https://www.reddit.com/r/mentalhealth/comments/qm1yoi/could_anyone_just_talk_to_me_in_this_post_or_just/
1j25e7a,2025-03-03 00:00:25,mentalhealth,I feel extremely lonely.,I feel extremely lonely all the time. I have a great support system but the absence of a partner brings an immense amount of pain in my life. Loneliness is something I am struggling with a lot right now. I find it hard to go on dating websites and I work from home. Things look bleak. ,15,17,https://www.reddit.com/r/mentalhealth/comments/1j25e7a/i_feel_extremely_lonely/
1fl9wzy,2024-09-20 11:41:18,mentalhealth,How do you live a lonely life? ,"
I’m 37M. No parents, siblings, cousins, partner or kids. 
Few close friends who are scattered across the globe. None in my city.
Fairly social person. Moved to a new city a couple of years ago. No friends as such here and I don’t think it’s even possible at this point. People around my age group are busy with their own families and life. Have some short term romantic interests now and then but I’m scared of getting entangled in a long term marriage. 

I realized that my life is ultimately just ",48,41,https://www.reddit.com/r/mentalhealth/comments/1fl9wzy/how_do_you_live_a_lonely_life/
1gckbxz,2024-10-26 12:48:41,mentalhealth,Feeling lonely,"I am 19yrs female and I feel so lonely. 
I see so many of my friends having their boyfriends and always out with them. I want to have a boyfriend so badly... but I feel no guy looks at me that way. If a guy talks to myle they only do so because they want smthg from me or they are not into girls in general. I don't know why I feel so alone and sad about this. I dont wven think it will happen at any point anyways. I dont know. ",17,39,https://www.reddit.com/r/mentalhealth/comments/1gckbxz/feeling_lonely/
1btylmt,2024-04-02 13:21:47,mentalhealth,Are there Lonely Millennials (the 30somethings?),"Curious if millennial aged people have felt isolated recently as researchers and the media are distracted with teenagers and mid 20s ( Gen Z or folks born after 1996 ) and I wonder if they’re missing another group too..

I'm a male in my mid 30s can I think I can relate a lot to Gen Z’s struggles but don't think no one is interested ",88,59,https://www.reddit.com/r/mentalhealth/comments/1btylmt/are_there_lonely_millennials_the_30somethings/
1g1398z,2024-10-11 06:11:26,mentalhealth,I’m so fucking lonely,"19, M, single by choice all my life.

Every night I go to bed I just want someone to hold man, it’s really started taking a toll on my mental recently. Just needed to share somewhere:/",39,33,https://www.reddit.com/r/mentalhealth/comments/1g1398z/im_so_fucking_lonely/
1g8gl7n,2024-10-21 03:29:38,mentalhealth,just want to say i’m very lonely ,it’s hard being socially anxious i’m so lonely yet don’t want people so close to me either ,47,29,https://www.reddit.com/r/mentalhealth/comments/1g8gl7n/just_want_to_say_im_very_lonely/
1i2lq9f,2025-01-16 10:07:24,mentalhealth,I am lonely and wasting my life,"I’m 27f and I just spent the last 2 days, my days off, in bed doing nothing. 

The only social interactions I had in the past months have been with my coworkers. I work solely evening shifts (not by choice but because someone has to and oh well it fell onto me) and finish at midnight everyday. I don’t have the energy to do anything on mornings, and even less on my days off. But even if I did, no one reaches out to me. The few friends I have close by are always busy, and since we don’t have the s",17,17,https://www.reddit.com/r/mentalhealth/comments/1i2lq9f/i_am_lonely_and_wasting_my_life/
1iw4qf3,2025-02-23 07:29:01,mentalhealth,I feel lonely,"As the title says, I feel lonely. Basically, I feel like my group of friends at school dont like me. I think this because tbh theres a lot of proof. Like for example, one of them had a bday party and everyone was invited EXCEPT me and I didnt know about it until 5 months after the fact. They tend to talk about events and stuff that they're doing right in front of me, and I'm not invited.   
  
Also, I tend to feel upset, jealous and almost mad whenever I see another group of friends having fun w",1,12,https://www.reddit.com/r/mentalhealth/comments/1iw4qf3/i_feel_lonely/
1iuh48c,2025-02-21 03:16:30,mentalhealth,Feeling lonely so here is my vent,"Lately I've been feeling very lonely, it's just that I see loads of people together and happy that I wish there was someone who could fill the void I've been feeling for a long time. It's progressively gotten worse 🥲

Even though I have friends, once I get home I feel suffocated and isolated, and feeling that there is no hope - nothing ever changes and my world feels small and confined...

I'm not even sure if I want to be in a relationship, because then that will distract me from my goals and w",2,12,https://www.reddit.com/r/mentalhealth/comments/1iuh48c/feeling_lonely_so_here_is_my_vent/
1idum2d,2025-01-30 19:04:05,mentalhealth,"I'm (33/m) Really feeling depressed, lonely, miserable and upset. I have a good paying job, caring parents, friends, hobbies, and things going for me. I just feel horrible.","Hi all, hope people could be honest but nice at the same time. I Do suffer from depression, anxiety since I was 13, taking meds and seeing a Psychiatrist. I am a Physician making good money and achieving my lifelong dream of practicing as a doctor. I just feel really lonely, miserable, and just upset. I never had a relationship before and a lot of that was due to not really trying until I was like 20 years old and I've sorta been trying from age 20-32 and I've been trying much harder recently. I",3,14,https://www.reddit.com/r/mentalhealth/comments/1idum2d/im_33m_really_feeling_depressed_lonely_miserable/
1j2tvd6,2025-03-03 21:23:59,mentalhealth,I feel so incredibly lonely,"
I don't know where to get this off my chest, but  it's becoming to hard to carry.

I feel so incredibly lonely. Yes, I have friends (and family), but I’m never anyone’s first choice. I have people I love and care for deeply, yet they never truly consider my feelings. I have never felt this alone.
 
 One of my best friends, the person I imagined sharing a lifelong, genuine friendship with, has suddenly grown distant. I reach out, but they don’t. It feels like I’ve lost something precious, despit",5,9,https://www.reddit.com/r/mentalhealth/comments/1j2tvd6/i_feel_so_incredibly_lonely/
h88taa,2020-06-13 14:44:04,mentalhealth,I want friends. I’m lonely," Edit: I’m crying right now people actually voted 🥺
Edit (2): to anyone who’s saying I’m “needy” for friends well, no. I’m sorry, but I disagree I’ve just never had real friends before. They all tend to do horrible things towards me and I just want someone to actually share their feelings with me,,and like me for who I am :) 

And anyway I rather sometimes be alone than having someone beside me bc I know it won’t last long ^^

[View Poll](https://www.reddit.com/poll/h88taa)",253,123,https://www.reddit.com/r/mentalhealth/comments/h88taa/i_want_friends_im_lonely/
1jhsynd,2025-03-23 06:22:16,mentalhealth,I feel so lonely,I'm in a LDR and my bf makes me feel so lonely. He's one of the only people I talk to and I love him so much but it doesn't feel like he loves me,1,4,https://www.reddit.com/r/mentalhealth/comments/1jhsynd/i_feel_so_lonely/
1jjzlq3,2025-03-26 00:55:41,mentalhealth,I lost all my friends for dressing like a girl and feel lonely,"Hi, I am a guy but I have so many problems with being male, like... I really hate being male. I like to wear dresses and feminine stuff and wear makeup and when I told that to my friends they all left me bc they are ashamed of me and now I feel so lonely, I have no friends. I'd like to have some fem friends to talk with about girly things but who wants someone like me in a girls group? I feel so wrong, like I feel an error, I'd like to be treated like a girl also if I'm not one and being called ",8,2,https://www.reddit.com/r/mentalhealth/comments/1jjzlq3/i_lost_all_my_friends_for_dressing_like_a_girl/
1701l93,2023-10-04 23:00:37,mentalhealth,What are ya'll taking for panic attacks and anxiety?,"I have GAD and panic attacks almost daily.

Nothing I've tried has worked. I think my psychiatrist either hates me or thinks I'm fibbing about medication outcomes.

Every anti-depressant I've tried either has no effect or negative effect.

So I'm curious what's working for everyone else.",82,264,https://www.reddit.com/r/mentalhealth/comments/1701l93/what_are_yall_taking_for_panic_attacks_and_anxiety/
1gebte9,2024-10-28 20:08:58,mentalhealth,"Quite literally just said ""no"" to a panic attack lol","Had so many panic attacks today that when I felt this one coming on I got so frustrated and just said ""no. No. I refuse. I'm not doing this."" And just.. didn't have it. 

Anxiety hates this one weird trick, lmao",192,53,https://www.reddit.com/r/mentalhealth/comments/1gebte9/quite_literally_just_said_no_to_a_panic_attack_lol/
1h9q92z,2024-12-08 19:11:49,mentalhealth,Has anyone else called 911 because of panic attack (anxiety attack),"I (21F) have been having anxiety attacks that sometimes escalate into panic attacks for a while now (like 6months ish). Last friday i had a panic attack again and it got REALLY bad i thought i was going to die so i called 911.

I was sure something was wrong with me and that i was going to die. My heart was going so fast, i had a horrible headache, my whole body was shaking, i had extreme dizziness and i couldnt see straight (everything was blurry/blacked out). It took me about 15 minutes to act",47,47,https://www.reddit.com/r/mentalhealth/comments/1h9q92z/has_anyone_else_called_911_because_of_panic/
1e38nip,2024-07-14 18:00:06,mentalhealth,"From Gaza, having panic attacks ","Hi, I am (24y.o- female). I left Gaza during the war two months ago. Recently, I started having panic attacks. I try to calm myself down by deep breathing and focusing on my breathing and other things. What should I do to recover?  I do not want to go to Therapest due to lack of understanding and reliance on medications in treatment, not cognitive behavioral Therapy ",122,48,https://www.reddit.com/r/mentalhealth/comments/1e38nip/from_gaza_having_panic_attacks/
1hdawnj,2024-12-13 12:13:41,mentalhealth,panic attack showers,"hey! i was thinking about this and i’m curious to know if anyone else does the same. 
when i have panic attacks, particularly bad ones, my first thought is “i need to get in the shower”
i’m not sure why, but getting in the shower seems to calm me down pretty fast. in a way it’s become a safe spot for me. (at one point, i was sort of dependent on it. you can bet i was clean but at the cost of the water bill 😭.) does anyone else do the same, or have an odd place they go during panic attacks? would",33,33,https://www.reddit.com/r/mentalhealth/comments/1hdawnj/panic_attack_showers/
131cdwd,2023-04-28 00:25:34,mentalhealth,"Had a bad day, panic attacks a lot. What are some good movies you guys like that I can distract myself with?",Just curious :),105,112,https://www.reddit.com/r/mentalhealth/comments/131cdwd/had_a_bad_day_panic_attacks_a_lot_what_are_some/
1hh2f1v,2024-12-18 14:12:07,mentalhealth,I HATE MY PANIC ATTACKS,"I FUCKING HATE THESE ATTACKS

They're ruining EVERYTHING. My panic attacks are ruining EVERYTHING.


They're making school and exams more difficult, BECAUSE I CAN'T TAKE ONE WITHOUT HAVING A PANIC ATTACK. I'm not anxious before exams because I study; but then, HERE THEY COME.


I've just failed a very easy exam. I'm feeling shitty. I hate everything and everyone and I just want to sh.",31,25,https://www.reddit.com/r/mentalhealth/comments/1hh2f1v/i_hate_my_panic_attacks/
1j6p2mh,2025-03-08 19:38:52,mentalhealth,"Face went completely numb with tingles and I was unable to speak, did I just have my first panic attack or do I have a medical issue?","Was this an panic attack or a serious medical illness? All of a sudden I started feeling extremely nauseous and had abdominal cramps. Then the rest followed: fatigue, complete arms and hands tingles, legs and feet tingles, extreme lower face tingles and difficulty talking/moving my mouth, disoriented, unable to walk, feels like my legs are giving in and I'll collapse, low body temperature at 34.8, arm pain.

All of the symptoms happened within 30 minutes to an hour. I thought I was having a stro",5,14,https://www.reddit.com/r/mentalhealth/comments/1j6p2mh/face_went_completely_numb_with_tingles_and_i_was/
1iz6dse,2025-02-27 03:25:34,mentalhealth,I'm having a panic attack,I'm so scared i don't know what to do help me,2,14,https://www.reddit.com/r/mentalhealth/comments/1iz6dse/im_having_a_panic_attack/
1ityqic,2025-02-20 13:41:46,mentalhealth,Did i suffer panic attacks?,"Recently i ve had a prior event reoccur. I dont know know if this is the place to ask but i really am desperare for some answers. Some time ago i had an incident and ran from the police, i was actually losing them when suddenly pain came in waves trough my body and I started seeing sudden black across my whole vision, like a blink but without the physical action. My breathing started breaking down and so did my mental state. It took me a while to calm back down and even received some helps from ",3,12,https://www.reddit.com/r/mentalhealth/comments/1ityqic/did_i_suffer_panic_attacks/
1fb6c5p,2024-09-07 12:58:22,mentalhealth,"After you have one of your episodes (depression, anxiety, panic attacks, psychosis, etc) what songs comfort you?",Mine is Breathe by Anna Nalick. Silence by Marshmallo and No Regrets by MAGIC. Was listening to it endlessly after a major depressive episode and psychosis. I am good now 7 years later but I had to start from -100000000.,17,34,https://www.reddit.com/r/mentalhealth/comments/1fb6c5p/after_you_have_one_of_your_episodes_depression/
1jiinuq,2025-03-24 04:28:19,mentalhealth,anxiety/ panic attacks in social areas,"I have POTS which whenever I stand up/walk make me dizzy but it's not really bad. The thing that makes everything a lot worse is my anxiety when I am in public places. I live in a city where you usually stay inside your house every day and there's no where really to go outside. I don't socialized much with people and even though it's considered a city I would describe it more of a town. There are not many lights, buildings, etc. The downtown area is very boring and there's a drug problem. One th",2,6,https://www.reddit.com/r/mentalhealth/comments/1jiinuq/anxiety_panic_attacks_in_social_areas/
1jbimoc,2025-03-15 00:20:38,mentalhealth,My parents don't know that my doctor has referred me to a neurologist and therapy because for some reason I keep having panic attacks when I try to nap. What should I do?,Recently I get the feeling that pins are going through my eyes and brain and hear faint voices in my head when I try to nap. I start shaking and can't focus. This anxiety can last for mins or hours. I don't know what this is. I think the closest thing it could be is a panic attack so I called it a panic attack in the title but my doctor and I didn't really know. I don't really have severe anxiety and depression. I think I have the usual amount that most people have and I usually am pretty good a,3,6,https://www.reddit.com/r/mentalhealth/comments/1jbimoc/my_parents_dont_know_that_my_doctor_has_referred/
1jkroyd,2025-03-27 00:47:42,mentalhealth,Randomly developed a panic attack disorder last week?,"To make this super short, last week after I hung out with my friends, I noticed all the symptoms of a panic attack, which I've never had in my 24 years of being alive. Why is this?",1,4,https://www.reddit.com/r/mentalhealth/comments/1jkroyd/randomly_developed_a_panic_attack_disorder_last/
1gnmsbx,2024-11-09 23:18:20,mentalhealth,I'm constantly having panic attacks at night about Death and it's burning me.,"I'm a 21 year old male. Since I was a kid I was pretty conscious about life and everything. I've been always curious about life. About what we don't know. Even from the earliest days of my life I can remember I didn't wanna grow up. My mom used to say when she feed me, ""eat this last bite otherwise u won't grow up quick"" always my respose was I don't wanna grow up because I end up dying eventually.

This concept of dying had in me for so long. I can remember there was a time when I was at grade ",11,21,https://www.reddit.com/r/mentalhealth/comments/1gnmsbx/im_constantly_having_panic_attacks_at_night_about/
1ipy660,2025-02-15 09:53:20,mentalhealth,My panic attacks are crippling,"Hi,
I’m 20f and have struggled with anxiety for years. I’m medicated and have been through therapy but nothing helps. I’m currently away in Rome with my boyfriend for a valentine’s day holiday but I’m flying home tomorrow and am terrified. I cannot handle planes. The fear isn’t crashing, I know the chances of that are stupidly slim. My fear is becoming ill on the flight because what am I supposed to do? I’m stuck in this steel container surrounded by people. Everytime I go on a flight it’s all I",1,8,https://www.reddit.com/r/mentalhealth/comments/1ipy660/my_panic_attacks_are_crippling/
jx7dxk,2020-11-19 17:48:21,mentalhealth,"I hate being told to ""relax"" while having a panic attack","I think being told to “chill out” or to try and “relax” while I’m having a panic attack discredits how I feel in that moment. Remember, meet people where they are at. Sit with them in there emotions and make them feel seen.

Try saying: You are not alone, we will get through this together.",481,61,https://www.reddit.com/r/mentalhealth/comments/jx7dxk/i_hate_being_told_to_relax_while_having_a_panic/
1jfe3le,2025-03-20 01:54:26,mentalhealth,Idk what to call this: but it's panic/anxiety attack related?,"I don't know if people have felt the same way about it as me, but for some reason, certain types of images like liminal spaces, and especially the frutiger astetic images (like of themed rooms, not items or wallpapers, just like general rooms in the style), I imagine myself in those areas, and I would feel like crying and screaming, just full blown yelling. I feel so distraught seeing those images I want to cry. I have maladaptive daydreaming, so I would really quickly imagine myself in those lo",1,3,https://i.redd.it/iaxpniut3rpe1.jpeg
1ji77uo,2025-03-23 19:17:58,mentalhealth,i called out of work due to a massive panic attack,"hi everyone. today i called out of work due to a massive panic attack, and im feeling down about myself and guilty.

for context, i’ve struggled with depression and anxiety my whole life, but i tend to bottle up my emotions and not show them. that leads to things like today happening, where i cry for hours and hours on the floor until i fall asleep. 

this past year, i lost my grandma, my dream job, my leg gave out and had to have a surgery that failed and i am struggling to walk with the knee p",2,2,https://www.reddit.com/r/mentalhealth/comments/1ji77uo/i_called_out_of_work_due_to_a_massive_panic_attack/
j1r59r,2020-09-29 03:07:01,mentalhealth,I DIDNT HAVE A PANIC ATTACK TODAY!!,"I know this isn’t a big deal, but today is the first day in a long time I haven’t had a panic attack! Usually I’d have 1-2 a day but today, after about 2 and a half weeks of taking meds I feel normal and I haven’t had a single panic attack today!!!",707,40,https://www.reddit.com/r/mentalhealth/comments/j1r59r/i_didnt_have_a_panic_attack_today/
17ihrf4,2023-10-28 16:46:27,mentalhealth,Movies or documentaries to watch when you feel hopeless,Any recommendations ?,334,196,https://www.reddit.com/r/mentalhealth/comments/17ihrf4/movies_or_documentaries_to_watch_when_you_feel/
1bebkqh,2024-03-14 03:28:49,mentalhealth,Question for users 40+. Has America always been this fucked up? I feel hopeless. ,"Question because I’m feeling very hopeless. 

Maybe it’s because I haven’t been around long enough as I’m only 24. But looking at American politics, society itself, economics, and the fucking climate. 

Have we always been this fucked? I can’t believe we as a country live like this. It’s making me feel so depressed and like there’s no reason to do anything. 

It feels like both political parties are ready to go to war, presidential election is a nursing home, everything is expensive and 9-5 “gri",155,75,https://www.reddit.com/r/mentalhealth/comments/1bebkqh/question_for_users_40_has_america_always_been/
1j0q728,2025-03-01 03:28:36,mentalhealth,"Derealization for 3 years, hopeless","I’ve had derealization for the past 3 years. I’ve seen people on the internet describe it as more occasional, but I‘ve been having it 24/7, I stop disassocating on completely random moments without an actual pattern, I just know that I‘m more vulnerable to disassociating whenever I think too hard about something like school work or socializing. On top of that I also have some crazy anxiety issues, as my heart is beating fast almost all the time (or it’s something completely unrelated). It has ru",3,7,https://www.reddit.com/r/mentalhealth/comments/1j0q728/derealization_for_3_years_hopeless/
1jbpmsv,2025-03-15 07:14:45,mentalhealth,feeling pretty hopeless after recent doctors appointment,"i, 20f, have been struggling with major depressive disorder, anxiety, and OCD since i was about 13. i started sertraline when i was 14 and am currently on 50mg

ever since i was 16, i have developed some kind of sleep disorder, a mix between insomnia and hypersomnia. i can sleep for 30 hours +, and then have times where i can’t sleep for three nights straight.

my doctor knows about this and has prescribed me amitriptyline to help me get to sleep, which works great, but when i’m in a really bad ",2,4,https://www.reddit.com/r/mentalhealth/comments/1jbpmsv/feeling_pretty_hopeless_after_recent_doctors/
1iti4pu,2025-02-19 22:08:19,mentalhealth,My Situation is Begining to feel Hopeless,"For a bit of context I (20 F) posted this anonymously on my local Facebook page and on some other Reddit pages. But I wanted to post it here too because this is so much more than a financial issue. I have been struggling with my mental health through all of this and need a different perspective. 

""I am so embarrassed to make this post but I would just really appreciate some advice. I am a full time student working as much as I can. However, due to medical issues I have been dealing with the bes",2,7,https://www.reddit.com/r/mentalhealth/comments/1iti4pu/my_situation_is_begining_to_feel_hopeless/
1j4hy0h,2025-03-05 23:52:37,mentalhealth,"Estranged, Jobless, and Out of Options—Feeling Hopeless Right Now","Hi,

I was adopted by a family that didn’t understand the trauma I had experienced. When I was seven, I went through an earthquake, and it was really hard for me to process everything. I would lash out because I didn’t know how to handle my emotions, and instead of recognizing that I needed help—or even just a hug—my parents labeled me as the “problem child.”

All my life, I was raised to be the scapegoat. My mom, who was my biggest bully, turned everyone against me, including my siblings. I fel",9,4,https://www.reddit.com/r/mentalhealth/comments/1j4hy0h/estranged_jobless_and_out_of_optionsfeeling/
1jfg6hf,2025-03-20 03:45:40,mentalhealth,My friend is hopelessly depressed and only has me to rely on. I feel like he's not trying and I can't handle it anymore. What do I do?,"I *really* need help and advice here. I know this is quite long, so if you read it, thankyou so much.

I (29F) love my friend (29M) but I can't handle his hopelessness anymore, and I'm starting to feel really resentful towards him (which makes me feel horribly guilty). We've been friends for 9 years, throughout which he has struggled with depression and trauma. I have too, deeply, so I get it, and through hard work I have healed a lot. I've always been there to support him, but over the last yea",1,2,https://www.reddit.com/r/mentalhealth/comments/1jfg6hf/my_friend_is_hopelessly_depressed_and_only_has_me/
1jk8c6a,2025-03-26 10:10:10,mentalhealth,Feeling hopeless and directionless,"Feeling lost &hopeless 
Recently I've been very depressed with my life , who I am  ,things I've achieved and not achieved  feeling like a failure and that everything  I do or say will never  be enough I barely get out of bed most days , I'm disabled and have no way of leaving the house without someone joining me I have my partner but hw works alot and is barely home due to travel tomes to work and back I've been. Feeling directionless and hopeless and I need a win I need to feel like my life act",1,0,https://www.reddit.com/r/mentalhealth/comments/1jk8c6a/feeling_hopeless_and_directionless/
1jdv26f,2025-03-18 02:39:45,mentalhealth,My effort to change feel useless and i feel so hopeless and unseen,"Im 23 male. i was a really smart kid all my life up until high school (age 17) in malaysia there’s a huge exam that decides which university you’ll be able to go to. i scored really well and got straight A’s. i have never not gotten straight A’s in any important exam. i was also active in co curriculum in high shcool and so with good results and my achievements in co curriculum activities in high school, i was able to secure a scholarship to study in the UK. 

When i got to the UK, i changed. I ",1,0,https://www.reddit.com/r/mentalhealth/comments/1jdv26f/my_effort_to_change_feel_useless_and_i_feel_so/
1j1midr,2025-03-02 08:44:39,mentalhealth,I've messed up my second chance at my relationship and I'm completely hopeless.,"I (25m) have just found out my partner loves me, but is no longer in love with me, and her passion for me and the relationship is gone. She's tired and doesn't trust me to remain committed to working on my mental health. I don't blame her, because I always fall off the wagon.

I have ASD and ADHD, as well as anxiety and depression. I was woefully unprepared for our first child to be born and struggled to adapt to family life. I have a pitiful social battery, and mask all week for my fulltime job",1,2,https://www.reddit.com/r/mentalhealth/comments/1j1midr/ive_messed_up_my_second_chance_at_my_relationship/
1jcagm6,2025-03-16 01:28:13,mentalhealth,Hopeless and afraid of my own body,"Lately, I have been in a dark place since my mom was diagnosed with breast c***. I'm glad my mom is doing well since her biopsy and I think she's in the clear. It might sound stupid but I have been afraid of getting anything like that. It wreaks me and I feel like I'm being a hypochondriac maniac in the doctors office. I'm even getting a mammogram soon and I'm 27. I'm afraid and I feel like I'm a prisoner in my own mind and body. ",1,0,https://www.reddit.com/r/mentalhealth/comments/1jcagm6/hopeless_and_afraid_of_my_own_body/
1i7g4iz,2025-01-22 17:10:19,mentalhealth,"For those like me, who suffer depression and uncertainty, quick to defeatism mindset when things seem to be hopeless… here’s a prayer for us.","Individual Prayer for despair, desperation: 

 Almighty God (or whatever higher power) do not let me sink into the depths of depression and sorrow. Give me a glimpse of hope, and grant me the strength to seek help. You know that I live in fear and dread. Sometimes I do not even know if I have the courage to face tomorrow. Rescue me through your Spirit. Motivate me to seek help, guidance, and comfort from others, so that I may continue with renewed hope, trusting in your unending mercy and love. ",5,4,https://www.reddit.com/r/mentalhealth/comments/1i7g4iz/for_those_like_me_who_suffer_depression_and/
1ivcyz0,2025-02-22 07:00:44,mentalhealth,A Magnet Of Bad Luck. Should I Seek Help? I Feel Hopeless.,"I reflect on 2025 as one of the worst years of my life so far, plagued by relentless challenges. It began with a drive from Ohio to Georgia, where I passed out in a hotel bathroom due to dehydration, badly injuring my tongue. A sudden snowstorm then turned the drive into a nightmare—my car struggled on icy rural roads, and I got stuck multiple times. Upon finally reaching Savannah, I fell severely ill with a cold that spiraled into bronchitis (possibly pneumonia), forcing me to miss classes and ",2,2,https://www.reddit.com/r/mentalhealth/comments/1ivcyz0/a_magnet_of_bad_luck_should_i_seek_help_i_feel/
1j4hxyr,2025-03-05 23:52:32,mentalhealth,"Estranged, Jobless, and Out of Options—Feeling Hopeless Right Now","Hi,

I was adopted by a family that didn’t understand the trauma I had experienced. When I was seven, I went through an earthquake, and it was really hard for me to process everything. I would lash out because I didn’t know how to handle my emotions, and instead of recognizing that I needed help—or even just a hug—my parents labeled me as the “problem child.”

All my life, I was raised to be the scapegoat. My mom, who was my biggest bully, turned everyone against me, including my siblings. I fel",1,0,https://www.reddit.com/r/mentalhealth/comments/1j4hxyr/estranged_jobless_and_out_of_optionsfeeling/
1ix4k2v,2025-02-24 15:24:15,mentalhealth,"Lost, hopeless, and miserable. Need advice.","

I am 24f studying PhD in thr US as an international student. Ever since I have been here things have been terrible for me. I have always had anxiety, but now I have gone into depression. I am taking mental health support, yet my condition is not that well. I am away from all the support system and feel extremely miserable here. Also, the current situation in the country has added to my stress. I don't want to give up on my PhD, but I can't stop thinking about going back home. Life feels so poi",1,1,https://www.reddit.com/r/mentalhealth/comments/1ix4k2v/lost_hopeless_and_miserable_need_advice/
1izrgbr,2025-02-27 21:47:32,mentalhealth,Hopeless Chronic depression," a good friend who has been chronically depressed for about five years and hasn’t left his apartment since. He can’t go out because of his irritable bowel syndrome. He’s seen many doctors, has been in two psychiatric hospitals, and has consulted four or five psychologists. He himself sees it as hopeless, and so do we, his friends. We no longer know how to move forward. No one can take care of him anymore. He is an adult, but it feels like there is no hope left. The psychologists have also given ",1,0,https://www.reddit.com/r/mentalhealth/comments/1izrgbr/hopeless_chronic_depression/
1i9s56y,2025-01-25 17:32:02,mentalhealth,Struggling and feeling hopeless,"I’m feeling really lost right now and don’t know where else to turn. My life feels like it’s going nowhere, and I’m stuck in a cycle that I can’t seem to break.

Every day feels the same: I wake up, go to the gym, do the bare minimum at work, watch TV, and sleep. I feel like a zombie just going through the motions. I want to feel alive, enjoy life, and care about people, but it feels like I’m incapable of doing that right now.

On top of that, my social life is nonexistent. I’m scared to try and",2,4,https://www.reddit.com/r/mentalhealth/comments/1i9s56y/struggling_and_feeling_hopeless/
1irmo6d,2025-02-17 15:40:00,mentalhealth,How to grow past bitterness and hopelessness ?,"Tl:Dr; at bottom!!!!! !!!


i everybody hope you are well ❤️ I'm really struggling with my feelings and beliefs. On one hand I know that life is a gift, part of me feels really optimistic and happy to be alive. The sun is shining, I get to enjoy the human experience, there's so many things to create and do. On the other hand though I feel super hopeless. Which to me is pointless like logically I know anything is possible and life can be great and I can make it awesome . But Ive really hurt all m",2,1,https://www.reddit.com/r/mentalhealth/comments/1irmo6d/how_to_grow_past_bitterness_and_hopelessness/
1iw4323,2025-02-23 06:44:09,mentalhealth,Need help as I feel done /hopeless,"I have some things to say like my childhood was rough with toxic parents , always fighting and external forces controlling it and now as I have grown up like I feel lost in career with cLarotyy and inaction and loneliness and severe overthinking and procrastination like every time I feel motivated and think of changing my life , i end up in that dangeorus ""spiral"" which I fear like it is like panic or anxiety attack where my brain get fogged and i can't make decision 
Like I am 20 M and feel lif",1,0,https://www.reddit.com/r/mentalhealth/comments/1iw4323/need_help_as_i_feel_done_hopeless/
1iojecm,2025-02-13 13:47:45,mentalhealth,I feel so hopeless,"I am in therapy right now, but it does not help me at all despite going there for 2 years. I wanted to switch my therapist and also get to a psychiatrist to get on antidepressants. The problem is, none of them want to take me because they are overfilled and they also won't put me on the waiting list for the same reason. I cannot pay for therapy myself, so I rely on whatever the state has the offer. The German health care system has failed me so many times. It feels like everyone wants me dead an",2,1,https://www.reddit.com/r/mentalhealth/comments/1iojecm/i_feel_so_hopeless/
1azwk2p,2024-02-25 19:31:05,mentalhealth,What's your opinion on therapy?,"**Disclaimer:** This post isn't bait and I'll respect any reasonable opinion. 

I used to be all for it \[therapy\], now it mostly seem scam-ish and pointless. I'm mostly talking about talk therapy, but I must say that most psychiatry also looks like a case of ''throw it at the wall and see what sticks''. 

Most of this so-called science isn't replicable and the more I think about it, the more it feels like other pseudo sciences meant to keep you sitting in that god damned chair for as long as p",109,142,https://www.reddit.com/r/mentalhealth/comments/1azwk2p/whats_your_opinion_on_therapy/
1ep01gh,2024-08-10 18:34:30,mentalhealth,I'm sick of being told to try therapy,"I understand that when people say that, they mean well and they're only trying to help. But oh my god. Do they really think it's never crossed my mind as an option? Do they really think I've never tried to seek help before? I'm 32 years old. The first time I spoke to a mental health professional, I was four. Four years old. If you were to tally up the amount of time I've spent in therapy, it would probably amount to at least eight years in total. I've never gotten any kind of benefit from it, al",214,173,https://www.reddit.com/r/mentalhealth/comments/1ep01gh/im_sick_of_being_told_to_try_therapy/
1egb2l4,2024-07-31 01:42:46,mentalhealth,"Why do men refuse to go to therapy, yet use women as therapists?","Raise your hand if you've ever been the guy who vents to his girlfriend/female friends but refuses to go to therapy 🙋‍♂️

I'll be the first to admit, I've been there. But why is this such a common thing?

Is it the fear of appearing weak or vulnerable? The idea that therapy is just for ""crazy"" people? Maybe we're just more comfortable unloading on someone we're close to, even if it puts an unfair burden on them.

I'm genuinely curious about what other guys think. ",210,151,https://www.reddit.com/r/mentalhealth/comments/1egb2l4/why_do_men_refuse_to_go_to_therapy_yet_use_women/
kwiwdx,2021-01-13 15:40:23,mentalhealth,My doctor asked “Do you even want to get better?” in response to me saying I’m not in therapy because I can’t afford it,"I’m fuming. She told me I need to tighten my belt and sacrifice other things (like what? Food? Rent?) so I can go to therapy. She (a fucking well-paid *doctor*) told me a story about how was told she needed to see the chiropractor every week for $45 a session, and while she felt that was too much, she just had to ‘move things around’ to make it work.

Last time I was in therapy it cost me $150 a week *with insurance*. The session I just had with her cost me $100, not to mention the cost of all m",1303,170,https://www.reddit.com/r/mentalhealth/comments/kwiwdx/my_doctor_asked_do_you_even_want_to_get_better_in/
1fgrrzl,2024-09-14 17:48:15,mentalhealth,What has helped with your mental health the most? (Don't say therapy/meds... what else?),"Therapy is expensive, and finding a good therapist is hard. Seeing a psychiatrist is expensive, the diagnosis might be inaccurate, and finding the right medication usually requires time-consuming titration and one might experience possible side effects. Basically, working with a mental health professional is costly and takes a LOT of patience... at least from personal experience: over 9 years, I've seen 6 therapists, 2 psychiatrists, received 3 different diagnosis and am regularly on meds - they",53,188,https://www.reddit.com/r/mentalhealth/comments/1fgrrzl/what_has_helped_with_your_mental_health_the_most/
1bgdbi0,2024-03-16 18:57:55,mentalhealth,Is therapy pointless? If all they do is listen?,"I had one session and nearly walked out, the ""therapist"" had no clue ",167,212,https://www.reddit.com/r/mentalhealth/comments/1bgdbi0/is_therapy_pointless_if_all_they_do_is_listen/
1cf0zrz,2024-04-28 07:53:29,mentalhealth,People who can't afford therapy but need it - what do you do?,"I can't afford therapy.

What are my options?

I tried an online therapy, BetterHelp, but even after financial aid it is costing me 1/3rd of our monthly income. 

I am currently reading self-help books and trying to work on myself but I am at a point where I need help.

I used to go for therapy but because of the cost, I had to stop. I need to go back. What are my options?

Edit: wow - I didn’t expect this much support and love. Thank you all so much. I’m sorry I can’t respond to each one of you",191,167,https://www.reddit.com/r/mentalhealth/comments/1cf0zrz/people_who_cant_afford_therapy_but_need_it_what/
112w1l1,2023-02-15 11:38:30,mentalhealth,"I hate that the ONLY advice anyone will ever give you is ""go to therapy""","Yes, I understand that therapy can be an amazing thing for some people. I understand that for some of this community it's been the absolute cure to so many of their problems, or helped them work through things. I get how it works and can be good. 

But therapy isn't for everyone. And I'm tired of being shamed and judged for not wanting it or not being able to get it. 

Some people just can't get therapy, no matter how bad they want it. Many insurance plans cover a very low percentage of the cost",282,276,https://www.reddit.com/r/mentalhealth/comments/112w1l1/i_hate_that_the_only_advice_anyone_will_ever_give/
13mo21z,2023-05-20 10:17:18,mentalhealth,Do people not realize therapy expensive as fuck?,"$300+ dollars for an hour and they be trying to fill that shit up talking about some so last time we talked insert 20 minutes of shit talked about last conversation. Then the fact they love to push the meds that's another almost $100 shit coming out to $400 a month. That's $4000 a year to talk to someone whose trying to get you to answer your own questions. Shit I can talk to myself for free. 

Shit at least on Reddit you can get multiple opinions for free and see different view points.",450,156,https://www.reddit.com/r/mentalhealth/comments/13mo21z/do_people_not_realize_therapy_expensive_as_fuck/
1j1hm0h,2025-03-02 03:30:46,mentalhealth,People don’t talk about how damaging therapy can be,"People always say if you’re struggling then see a therapist but not only did seeking therapy not make my mental health better, it made it worse. I feel pain and cringe when I think back to the awkward conversations I had with my therapist, and how I was completely invalidated with ‘low mood’, (camhs people will know)therapists are also extremely close minded and don’t actually hear out or understand what you say to them and just try to gaslight you instead.plus it’s extremely difficult to tell s",73,67,https://www.reddit.com/r/mentalhealth/comments/1j1hm0h/people_dont_talk_about_how_damaging_therapy_can_be/
1h1jbqi,2024-11-28 00:25:44,mentalhealth,Ways to improve your mental health without therapie?,"Whats your ways to improve your mental health instead of going to therapie?

I start working with cows and this little fellows boosting my mental health like nothing other.",80,86,https://www.reddit.com/r/mentalhealth/comments/1h1jbqi/ways_to_improve_your_mental_health_without/
1e8kkwa,2024-07-21 11:52:09,mentalhealth,Boomers and Gen Xers of Reddit: How did you deal with your trauma before therapy was normalized?,"In 21st century North America atleast, I’ve noticed that mental illness and therapy is less stigmatized than in the past. More and more people are now open to seeking mental health services. However, i’m sure that when Boomers and Gen X was growing up, they had virtually no way of seeking help for their trauma, mental health concerns , anxiety etc. So what did you or your generation do to deal with those issues?",112,116,https://www.reddit.com/r/mentalhealth/comments/1e8kkwa/boomers_and_gen_xers_of_reddit_how_did_you_deal/
17vqxfe,2023-11-15 10:38:28,mentalhealth,What helped you guys with your anxiety that didn’t require therapy or meds?,Give me some tips that helped you guys. I’ve been struggling with mine for as long as I can remember,99,211,https://www.reddit.com/r/mentalhealth/comments/17vqxfe/what_helped_you_guys_with_your_anxiety_that_didnt/
1ffekws,2024-09-12 21:55:58,mentalhealth,It’s stupid af that therapy is so expensive when the people who need it most make little/no money ,It seems like everyone is so concerned with mentally ill people being able to work and contribute to society and make money and be independent- and one of the only tools to permanently get us there is therapy/psychiatry/mental health care. People with severe mental health issues are often on disability or homeless or make no money at all. So why TF is mental healthcare so damn expensive???? ,236,53,https://www.reddit.com/r/mentalhealth/comments/1ffekws/its_stupid_af_that_therapy_is_so_expensive_when/
1ijilu3,2025-02-07 00:53:27,mentalhealth,Being kicked out of my therapy and denied medication because i have a marijuana dependance???,"I don't even know what to say or what to think about this?? I'm deeply upset and hurt, also struggling to understand even though they explained. They said it's because they aren't licensed to council people with dependencies and it could just be making my anxiety or whatever issues worse so they don't know how to properly prescribe me medication here. What are your guys thoughts on this? It doesn't feel fair to me.",21,54,https://www.reddit.com/r/mentalhealth/comments/1ijilu3/being_kicked_out_of_my_therapy_and_denied/
1j36arq,2025-03-04 08:32:10,mentalhealth,Men - what keeps you from going to therapy?,"I think there's a lot of misunderstanding about why men don't go to therapy, or have dropped out of therapy. Especially in group therapy situations. Curious if you've tried to go and dropped out, or if you don't want to go therapy, what are the reasons?",22,45,https://www.reddit.com/r/mentalhealth/comments/1j36arq/men_what_keeps_you_from_going_to_therapy/
1icq56l,2025-01-29 09:35:58,mentalhealth,Does therapy work even if i dont want to get better,I dont think i can say the alternative option but i dont want to pretend like i want to try. is there even much point of going? ,7,56,https://www.reddit.com/r/mentalhealth/comments/1icq56l/does_therapy_work_even_if_i_dont_want_to_get/
1jffm9e,2025-03-20 03:14:30,mentalhealth,"HOT TAKE:  Reddit is not therapy… honestly, it’s the opposite sometimes.","I don’t know who needs to hear this, but be careful coming here when you’re really struggling. Reddit can feel like the only place to vent because it’s anonymous, but let’s be real—people here are *cruel*. Cold. Dismissive.  
It’s easy to forget there are actual human beings behind the screen, but it feels even easier for people to forget *you’re* a real human when you post.

You open up about your worst thoughts, just hoping for someone to say, “Hey, I’ve been there too”... and instead you get ",118,23,https://www.reddit.com/r/mentalhealth/comments/1jffm9e/hot_take_reddit_is_not_therapy_honestly_its_the/
1je9mmq,2025-03-18 16:51:30,mentalhealth,“Appreciate what you have” most unhelpful therapy advice and here’s why,"Ok so I’ve recently had a bad spurt of mental health. I have always been a goal oriented person but I currently have no goals. Anything I want is unreachable now. I have a lovely life and I’m grateful for it. My issue is when the world is dark and you have zero motivation. It’s not easy to appreciate what you have and just live in the moment. 

I’ve had a rough life and I always saw my past as a gift and was proud of how well I’d done considering the abuse I’d been through. But it was hard to se",136,21,https://i.redd.it/tutqffs1ahpe1.jpeg
1ef40zy,2024-07-29 16:33:18,mentalhealth,Can you heal without therapy?,"I' have been in therapy twice for several months and stopped for financial and other reasons. most of the development I achieved was self work, videos, books, support groups, but it keeps getting complicated. what other means did you use? Can someone actually heal without therapy?",84,70,https://www.reddit.com/r/mentalhealth/comments/1ef40zy/can_you_heal_without_therapy/
8msp9v,2018-05-28 19:31:47,mentalhealth,Mental Health Awareness Month: I have schizoaffective bipolar type and I just graduated with my BA in English (Magna Cum Laude) at age 28 after dropping out of high school and having intermittently relapsed into psychosis for a duration of 8 hospitalizations. With loving support success is possible,,3172,178,https://i.redd.it/rvjzbrtzen011.jpg
1jctg5r,2025-03-16 19:25:38,mentalhealth,"Relapsed on my mental health, fucked up my future.","Been suffering from mental health issues for a good few years, why I get better then worst and repeat the cycle is something I have yet to work out. It on my radar for my next therapy sessions, but it seems today the old me appeared.

I woke up feeling off and I couldn’t sort myself out like usual and it snowballed into just throwing things out that mean a lot to me, like my first ever 10k I ran the other week I threw my medal out and a lot of my clothes. Then I proceeded to clam up to my partne",1,0,https://www.reddit.com/r/mentalhealth/comments/1jctg5r/relapsed_on_my_mental_health_fucked_up_my_future/
1iccwdz,2025-01-28 21:29:46,mentalhealth,I’m so close to relapsing again.. (Support+Vent),"So for some quick context: I’m currently 437 days clean since my last ‘harming’.And recently, many things have almost caused me to relapse. I won’t go into all of it to keep this short but, one of the main reasons is because my nan was seriously ill and nearly passed away.She’s had a lot of trauma and due to that her personality has changed rapidly.. and she’s not as nice as she was, we got into a major argument a few hours ago and.. I’ve decided that im not hiding my mental issues anymore. I’ve",3,5,https://www.reddit.com/r/mentalhealth/comments/1iccwdz/im_so_close_to_relapsing_again_supportvent/
1izpjbk,2025-02-27 20:25:22,mentalhealth,People who got off antidepressants after 5ish years and never relapsed? What's the average time most people go off their AD's?,"I want to hear from people who got off their AD's within 5ish years and never faced a relapse, can you please share your story? I know many people take AD's for life but what of those who weaned off and eventually lived successfully off their AD's, how's it going for you? Not just for depression but for all things antidepressants treat like anxiety, ocd, panic, etc, share your experience :)",1,0,https://www.reddit.com/r/mentalhealth/comments/1izpjbk/people_who_got_off_antidepressants_after_5ish/
1imr46v,2025-02-11 05:10:47,mentalhealth,Relapse of my depression,"I constantly feel a cloud of sadness and anxiety engulfing me. It doesn't happen all the time. But when it does, it's tough to get out of it. I seem to be living more in my head than in the present. It has impacted all aspects of how I'm operating. I thought I was feeling better. And I was. When I am around few of my closest people, I feel better but when that's not the case then I go back to my shell. I don't want to take pills to manage this. But I want to be more in the present. 
Yesterday, I",2,1,https://www.reddit.com/r/mentalhealth/comments/1imr46v/relapse_of_my_depression/
1i0vimj,2025-01-14 02:17:24,mentalhealth,I'm afraid I'm relapsing into an old addiction,"I'm not gonna detail what it is. And you'll never find out no matter how many tries you make because this is too specifc. This is just a vent, I have to let this out. I'm afraid of that, I hate that addiction, it sucks, it's disgusting, I feel dirty as trash. Afterwards I hate myself even more than the usual. Idk why I'm saying this here if I'm not revealing what this is about. I don't want ro relapse into that addiction again 😭 It is not a wrong thing, not at all, but the thing is it hurts me, ",3,3,https://www.reddit.com/r/mentalhealth/comments/1i0vimj/im_afraid_im_relapsing_into_an_old_addiction/
1ietrcn,2025-02-01 00:22:14,mentalhealth,How do I get through a sudden depression relapse?,"I'm going through one of the worst relapses of my depression right now. I'm having so many more suicidal thoughts and self-harm urges than normal, and I'm scared that I'm going down a really bad path. I've already been hospitalized twice (last one was two years ago) and can't go back. I just can't. These feelings are so all of a sudden. I was fine 2.5 weeks ago (no suicidal thoughts or urges, high motivation)... What the fuck is happening? I'm so scared.",1,0,https://www.reddit.com/r/mentalhealth/comments/1ietrcn/how_do_i_get_through_a_sudden_depression_relapse/
1iakgi1,2025-01-26 17:27:24,mentalhealth,"Total relapse, I try to bear it.","I don't know if I should label this as suicide, I have a lot of control on that issue, but that doesn't take away the fact that I have these thoughts, I really don't want to go through this again but it's my day to day, I put up with everything the world throws at me, I try to move on, I try to work as much as my body allows me to so I can move on and protect my health, but... everything goes back to the beginning, the hallucinations, the voices, the fear, the paranoia take over me, I try to con",2,0,https://www.reddit.com/r/mentalhealth/comments/1iakgi1/total_relapse_i_try_to_bear_it/
1i7q394,2025-01-23 00:03:38,mentalhealth,Relapsed after 2 months; Feeling hopeless TW/SH,"After seeking help, starting antidepressants and therapy, I finally started to feel like I was getting my life together, and feeling almost normal, though still struggling with intense anxiety. I relapsed to self harm today after 2 months clean, I feel like everything I’ve worked on is down the drain. I’ve had a pretty good week, got back from a great trip with friends, managing work and assignments well, then everything fell apart this evening after a stressful conversation about my classes wit",1,0,https://www.reddit.com/r/mentalhealth/comments/1i7q394/relapsed_after_2_months_feeling_hopeless_twsh/
1hpxzky,2024-12-30 21:27:46,mentalhealth,Random relapse ,"So my friend who I absolutely love so much and that I look up to so much and is my favorite person ever was ranting to me last night and the things he said about himself made me (I know it sounds so dramatic and ridiculous) but it made me relapse ,

because Idk why but I got so angry and overstimulated because of the things he called himself and I would never want him to say those things about him, and that caused me to throw a few slashes on my thigh.  

Can anyone tell me what the hell happene",1,0,https://www.reddit.com/r/mentalhealth/comments/1hpxzky/random_relapse/
1hocl59,2024-12-28 19:01:55,mentalhealth,I may just relapse,"Hello everyone,

Today or the last few weeks in general haven't been too kindly to me. 

I actually managed to become a somewhat stable Person these last 2 years where I have gone to therapy and the first few months after Therapy ended (Last day was on World Mental Health day what a coincidence) have been nothing short of calm.

However lately I've been bombarded with current world news and my country is now facing new elections. All of the hate, the bending of objective truths, the fear mongeri",1,0,https://www.reddit.com/r/mentalhealth/comments/1hocl59/i_may_just_relapse/
1hn7duc,2024-12-27 04:59:00,mentalhealth,Is it bad to use the word relapse when recovery from a breakdown?,"This will take some nuance and thought. I know someone currently reaching the end of their over month long stay at a mental hospital and he has used the term relapse when telling me about what he and his health team discuss etc. I feel uneasy about how they use that term since this is his second time there and I feel like it sets him up with the idea that he *has to go back* if he experiences an extremely rough time again. Of course that's not entirely the case, but he gets stuck in certain mind",1,0,https://www.reddit.com/r/mentalhealth/comments/1hn7duc/is_it_bad_to_use_the_word_relapse_when_recovery/
1haw1qa,2024-12-10 06:57:50,mentalhealth,I relapsed- i don't remember ,"Hello, I've been doing fine for the last couple of months but a few days ago I relapsed. I don't know what's wrong with me, and I also don't even know how I relapsed?? my mind went blank and I found myself with cuts on myself with a box cutter near me.

I'm just very confused about what happened. ",1,1,https://www.reddit.com/r/mentalhealth/comments/1haw1qa/i_relapsed_i_dont_remember/
1gmtz5t,2024-11-08 21:44:17,mentalhealth,"I don't feel like dying, but I don't feel like doing anything else either. I've had a severe relapse in my mental health","Hey everyone, I'm 28f and suffered with depression, anxiety, and ptsd my whole life from csa. It hit me the hardest after I had my third kiddo and my ppd was at its worse. That was the first time I reached out and got help and went to therapy. I would go until things got better then stop. This year things really sparked up again and I went back and found a new therapist and really opened up to her and reached out to friends and family for support like I never had before. It was amazing at first,",10,2,https://www.reddit.com/r/mentalhealth/comments/1gmtz5t/i_dont_feel_like_dying_but_i_dont_feel_like_doing/
1gqvky9,2024-11-14 03:21:44,mentalhealth,might relapse,I’ve been clean for 4 months and 19 days but trumps win is really making me spiral. i’ve thought about going to my gods for support but I’m new and scared to mess up or offend I’m so scared that i might relapse and throw all this away for a worthless old man who just happened to win an election idk i feel a little insane… Im really scared that i might relapse and all ive got going for me right now is my school what do i do?,1,1,https://www.reddit.com/r/mentalhealth/comments/1gqvky9/might_relapse/
1gt3pjq,2024-11-17 02:37:57,mentalhealth,IED relapsed? ,"I had a brawl with my dad since 2018 and since then, I became more angry and always thinking of not only harming people once they trifle with me but also, multilate them HARD. 

Back in college, there was one instance that I was just walking straight and the guy thought that I'm looking at his GF. He was about  to charge towards me but he was stopped. Had he not been stopped, I could've pushed him on the stairs and violently maul him with a fire extinguisher! 🙄

There was also one instance last ",0,0,https://www.reddit.com/r/mentalhealth/comments/1gt3pjq/ied_relapsed/
1glgyhn,2024-11-07 03:12:01,mentalhealth,"Stress at work drove me to my first real suicide attempts in 8 years, and two relapses","I didn't know where else to turn at this point. Work (My dream job, ironically) has gotten me to a low enough point that I genuinely planned out how to commit suicide. Twice. None of my coworkers know, and I would probably be fired if they found out. My last attempt was when my last real relationship imploded, around 8 years ago. My contract expires in December, but it renews in mid January for an even longer period. This job will take me international, if I can stick it out, but I almost lost m",1,0,https://www.reddit.com/r/mentalhealth/comments/1glgyhn/stress_at_work_drove_me_to_my_first_real_suicide/
1g7cs90,2024-10-19 16:33:02,mentalhealth,Feeling extremely frustrated after relapsing with self-esteem,"I know process isn’t linear, but I just need advice regarding how to get rid of the frustration and shame after I relapse with depression and my self-esteem. From being comfortable to myself to back to not even considering myself as a person. The frustration just makes me want to have a meltdown, because I was doing so well now I’m back to this pathetic fucking state. Please help.
",1,1,https://www.reddit.com/r/mentalhealth/comments/1g7cs90/feeling_extremely_frustrated_after_relapsing_with/
1g73bpk,2024-10-19 07:02:12,mentalhealth,Relapse of sex addiction,"I am falling back to the same pattern of getting Grinder, meeting with guys every other day and not focusing on more important parts of my life. 

What can I do if I get the urge to download Grinder. And meet people not out of hornyness but out of sex addiction. ",1,1,https://www.reddit.com/r/mentalhealth/comments/1g73bpk/relapse_of_sex_addiction/
1fv72tk,2024-10-03 12:56:34,mentalhealth,im done with this - mentions of relapse,"everybody is so draining and i wanna ghost everyone i dont know why -- ever since I got ghosted (again, 5th time) ive been so drained and honestly suicidal + i relapsed. i dont wanna live like this",1,2,https://www.reddit.com/r/mentalhealth/comments/1fv72tk/im_done_with_this_mentions_of_relapse/
x2yvhz,2022-09-01 05:06:07,mentalhealth,Happy birthday to me I guess...TW: DRUGS/ALCOHOL/PHYSICAL ABUSE,"I have a headache... My brother needs to no longer be invited to things, I don't give a fuck if it's our birthday today, he didn't need to be there.

He turned the whole thing into one big argument between him and my mom and I, him and my mom agreeing with each other, about my dad and whether or not he was 'actually' abusive (news flash: he fucking is) ""oh well he was verbally abusive definitely, he didn't do anything else"" 

I have very, VERY, distinct memories of him picking me up off the grou",2,1,https://www.reddit.com/r/mentalhealth/comments/x2yvhz/happy_birthday_to_me_i_guesstw/
ovpcvt,2021-08-01 09:49:09,mentalhealth,"Redditors,i need your advice,i was grown in an abusive family,mental rape everyday etc,now im 27,no gurl,no work,mentally broken,having alcohol addiction and clinical deepression,i want to became a programmer,but everytime i wake up i feel down just wanting to get drunk n forget myself, what should?"," my parents sometimes gets so abusive i cant help myself but selfharming and its going for 11 years straight, sadly i develope a social enxiety as well thanks to thi life so its hard to get a job, im afraid that ppl will be disappointed cuz of me,or even yell at me no matter what job im at, i dunno how to get out of it, id be happy to hear any advice from you ppl and sorry that you had to spend your time on such garbage as myself, the saddest part is i realized that i wasted my life on nothing j",9,9,https://www.reddit.com/r/mentalhealth/comments/ovpcvt/redditorsi_need_your_advicei_was_grown_in_an/
pwa6gq,2021-09-27 05:01:05,mentalhealth,Do you think that a depressed teenager having substance abuse issues (issues w alcohol) is indicative of bad parenting,"She has substance abuse issues w alcohol around 15-16 and struggles w depression, ends up in rehab bc of it

[View Poll](https://www.reddit.com/poll/pwa6gq)",2,7,https://www.reddit.com/r/mentalhealth/comments/pwa6gq/do_you_think_that_a_depressed_teenager_having/
tv21qa,2022-04-03 05:38:32,mentalhealth,Alcohol Abuse,I wanna drink when I go out in social events but I’m afraid I’m gonna turn out like my dad.,2,1,https://www.reddit.com/r/mentalhealth/comments/tv21qa/alcohol_abuse/
ra6ozn,2021-12-06 12:58:04,mentalhealth,PEOPLE IN THEIR 20’S what is something you are struggling with the most,"Edit: I made another post asking a more in depth question on this subreddit! I would love for all of you to go and comment on there.

here is a question you could answer if you don’t have anything off the top of your head 

Do you feel like you are living up to your full potential? Why or why not? 

I want to know what people in their 20’s like me struggle with the most right now. Whether that is mental health, finances, school, career, purpose, etc. I want to know the gory details and hopefully",298,393,https://www.reddit.com/r/mentalhealth/comments/ra6ozn/people_in_their_20s_what_is_something_you_are/
rlz6sb,2021-12-22 06:41:45,mentalhealth,"Barriers that can impact on an individual’s social and emotional wellbeing and recovery, both in the context of mental health issues, and drug and alcohol abuse.","Hi guys, im studying mental health and this question came aross one of our assesments, wanted to here some examples from your own personal experiences.",1,1,https://www.reddit.com/r/mentalhealth/comments/rlz6sb/barriers_that_can_impact_on_an_individuals_social/
n0ssh4,2021-04-29 00:28:45,mentalhealth,Severe anxiety and drug/alcohol abuse,"I always had severe anxiety but I still managed to live a semi normal life but with the covid it got way worse, I lost my job.. Then started back drinking because I couldn't take it and I screwed up so badly then I became paranoid of everyone and got deeper.

The mom of my child left me and took a lot from me (house, money, lots of furniture)

Now I never been that deep into shit, I got nothing left, I'm paranoid, I got no insurance just basic welfare, I got a follow up for alcohol abuse and the",3,5,https://www.reddit.com/r/mentalhealth/comments/n0ssh4/severe_anxiety_and_drugalcohol_abuse/
ok0wbf,2021-07-14 09:38:55,mentalhealth,"Is it normal for the child of a man who is an alcoholic (but not exactly abusive to her, j drinks a lot) to become depressed at an early age?","?

[View Poll](https://www.reddit.com/poll/ok0wbf)",1,2,https://www.reddit.com/r/mentalhealth/comments/ok0wbf/is_it_normal_for_the_child_of_a_man_who_is_an/
pjd68o,2021-09-07 01:35:41,mentalhealth,"Probably going low/no contact with my mom for a while. TW: talk of EDs, suicide[GRAPHIC], drugs/alcohol, and abuse.","\[DISCLAIMER: I am safe, I am not going to hurt myself.\]

So... this is likely going to be a long post.

I'm in a lot of emotional pain right now. I feel a sort of hole in my chest. I've been trying to have a good relationship with my mom for years now, and I've realized I've been tip-toeing around her emotions for years. She is unpredictable. Sometimes when I tell her how I'm feeling, she responds well and helps me feel better. Sometimes, though, it's catastrophic. We had a major argument toda",1,1,https://www.reddit.com/r/mentalhealth/comments/pjd68o/probably_going_lowno_contact_with_my_mom_for_a/
lzh148,2021-03-07 02:22:17,mentalhealth,sorry for the spam ((tw self harm // alcohol // physical abuse i guess im not really sure )),"This happened 2 days ago and has been a problem ever since.

(sorry for the spam I usually have therapy once a week but my therapist couldnt see me this week and ive been going downhill)

I randomly got a flashback to the times my brother strangled me. The wi-fi was cut off and I had nothing to distract myself so I think I might've had a panic attack but since then I havent had a day without thinking on it. Randomly I will just get reminded of it and ill suddnely feel his hands on my neck and no",3,1,https://www.reddit.com/r/mentalhealth/comments/lzh148/sorry_for_the_spam_tw_self_harm_alcohol_physical/
eq789v,2020-01-17 21:59:51,mentalhealth,Need help finding a mental health facility that is NOT for drug/alcohol abuse.,"My sister attempted suicide this past weekend.  She has been under the care of a therapist and a psychiatrist for many years.  She has NO  substance abuse issues so does not need to go to drug/alcohol rehab which seems to be all we can find and all her insurance company can recommend.    She regrets the attempt and is desperate for help, but we can not find what she is looking for. Her insurance company Anthem Blue Cross/Blue Shield has not returned 6 phone calls made to them.

She wants to lear",4,6,https://www.reddit.com/r/mentalhealth/comments/eq789v/need_help_finding_a_mental_health_facility_that/
k3a2d9,2020-11-29 14:16:42,mentalhealth,"My Depression, Alcohol Abuse, Heaven on Phenibut and Struggles from Today","Dear guys and girls, dear sufferers, dear survivers,

I'm suffering from **depression and social anxiety** since I was 15 years old (now 21). My **symptoms** are painful negative thoughts about past, present and future starting right in the morning when I open my eyes. Otherwise: huge lack of drive/motivation, anhedonia (lack of interests, almost nothing that stimulates me), lethargy, feelings of extremely painful inner emptiness and restlessness (hard to explain but somehow as being alive in a ",3,2,https://www.reddit.com/r/mentalhealth/comments/k3a2d9/my_depression_alcohol_abuse_heaven_on_phenibut/
ifi6p9,2020-08-24 04:17:43,mentalhealth,"Help. TRIGGER WARNING: (alcoholism, sexual assault, mentions of abuse, death, suicidal thoughts)","I'm going to start off by saying this has to have been the worst week I've ever had.  That's an understatement.  It started last Sunday with my boyfriend, the only s/o who wasn't toxic or abusive breaking up with me after a full day of not talking to me.  I was so happy to get a message from him, thinking it'd be about how much he'd missed me while he was at his dad's cottage, but instead it was a breakup text.

I don't exaggerate when I say this, I've been in a total of 16 relationships, and 15",1,2,https://www.reddit.com/r/mentalhealth/comments/ifi6p9/help_trigger_warning_alcoholism_sexual_assault/
1gv053r,2024-11-19 15:44:46,mentalhealth,How do I stop myself?,"I'm 18 Male
I've abused drugs for 5 years. Steroids included.

No, not the typical rebellious teen smoking half a joint, I would smoke or IV Flakka/aPHP, random chinese stimulants, the strongest benzos and alcohol.

I lost my will to live 7-8 years ago, parents haven't helped me in time, so I don't blame them. I just wanted to make them happy by self medicating and getting good grades.

But I've thought about suicide a lot of times, this time I've been thinking about seriously doing it and a foo",112,48,https://www.reddit.com/r/mentalhealth/comments/1gv053r/how_do_i_stop_myself/
8jcvhd,2018-05-14 14:53:35,mentalhealth,How to help a family member with manic episodes and alcohol abuse?,"Hello. I have just spent Mother’s Day weekend at my parents house and am very sad to learn and witness that my mother has relapsed with her drinking after being a year and a half sober and mentally stable on her anti anxiety medication following an incident that involved an ambulance and hospital visit 2 years prior. My mother has major depressive episodes and after talking with her on 2 separate occasions over the weekend, both resulting from my concern over her drunkenness, she has told me tha",1,3,https://www.reddit.com/r/mentalhealth/comments/8jcvhd/how_to_help_a_family_member_with_manic_episodes/
70rh8s,2017-09-18 00:34:48,mentalhealth,I believe my boyfriend is drifting towards alcohol abuse.,"He's depressed. He has anxiety. He's angry. He's told me these things. But he's also wonderful to be around when his true self shines through. I've struggled with depression my entire life, and am still going through some substance abuse trials and tribulations.

I've started to notice that he would ""drink more than he meant to"". Or ""make a drink too strong"" on accident. He would budget his money by cutting back on food, but spend a ton of money on alcohol. We don't live together, so I don't kno",3,2,https://www.reddit.com/r/mentalhealth/comments/70rh8s/i_believe_my_boyfriend_is_drifting_towards/
5lxolo,2017-01-04 06:58:56,mentalhealth,Alcohol And Drug Abuse Ups The Probability of Schizophrenia — Study,,0,0,https://medium.com/@sovnaturaldetox/alcohol-and-drug-abuse-ups-the-probability-of-schizophrenia-study-bd9442bd444#.w6c2rv7ag
11w3y7,2012-10-22 11:59:09,mentalhealth,2 weeks of abstinance repairs brain damage from alcohol abuse,,4,1,http://www.lifeworkscommunity.com/news/blog-wordpress/brain-recovery-after-alcohol-abuse/
1ga3zpu,2024-10-23 06:34:21,mentalhealth,Don't be Afraid to take medication if you need it. Let's break the stigma and start with your new life TODAY! ,"I understand there's a lot of stigma surrounding benzodiazepines, and I've mentioned this several times before. But here's the truth, some of us genuinely need them, just like others require insulin or beta blockers for conditions like high blood pressure.

If you're like me and have tried everything, therapy, supplements, lifestyle adjustments, for years and are still trapped in your room by debilitating anxiety, stop waiting. Seek out medication and start living your life right now, today!

Yo",44,31,https://www.reddit.com/r/mentalhealth/comments/1ga3zpu/dont_be_afraid_to_take_medication_if_you_need_it/
1iken9d,2025-02-08 04:08:44,mentalhealth,I want to sign off my daughters custody to the state due to her aggressive behaviors,"I'm in my 40's and had suffered from depression all my life. Throw a sprinkle of a depressed and somewhat abusive mother, 2 domestic violence relationships and being from the latino community where mental health is seen as a weakness. 

After spending the last 14 yrs raising my 3 children alone, 2 hrs away from any family ( cuz of the DV with my children's dad) the depression with PTSD became my disability. 

But this past 2 years my youngest (14) has lost it. Aggressive behaviors towards me. Ma",4,14,https://www.reddit.com/r/mentalhealth/comments/1iken9d/i_want_to_sign_off_my_daughters_custody_to_the/
10trb4c,2023-02-04 21:06:48,mentalhealth,Can you have a peaceful drug overdose?,"I’m planning it a year ahead. One more year to tie loose ends and I know when, where, and how I’ll say goodbye. I just wanted to know if I could have a peaceful overdose? Slowly fade to my favorite music as I collapse into its arms?",3,9,https://www.reddit.com/r/mentalhealth/comments/10trb4c/can_you_have_a_peaceful_drug_overdose/
xxlmel,2022-10-07 01:07:51,mentalhealth,"If you have ever been hospitalized for a drug overdose, what were your first thoughts when you woke up?",Title,1,2,https://www.reddit.com/r/mentalhealth/comments/xxlmel/if_you_have_ever_been_hospitalized_for_a_drug/
4m73ym,2016-06-02 13:20:36,mentalhealth,Should NC schools carry overdose reversal drug?,,0,0,http://www.wral.com/should-nc-schools-carry-overdose-reversal-drug-/15716666/
1bpgvni,2024-03-27 23:43:36,mentalhealth,"Should I leave my comfortable six-figure job to be homeless? I'm 27, and I am on the brink of losing hope. Life needs to change, or I need to end it","Hello, 

I hope I don't end up writing all of this, opening up, and getting crickets. Putting all of this into words may be therapeutic in and of itself, so I thought, why not give it a shot? I don't post to Reddit, even though I've been a consumer for years. This is my first genuine attempt to connect with others through the platform. I feel like the title speaks for itself, nonetheless, I will provide as much context within reason in hopes that it will allow for the most fruitful discussion po",22,67,https://www.reddit.com/r/mentalhealth/comments/1bpgvni/should_i_leave_my_comfortable_sixfigure_job_to_be/
1icklmz,2025-01-29 03:27:31,mentalhealth,"If I share my suicide plan would my therapist need to report it, potentially costing me my job.","I'm in a very dark place right now. I'm plagued with thoughts of ending my life and my plan directly involves my job. I work as an EMT and as a result have direct access to various drugs I could theoretically use to end my life painlessly, as well as the technical knowledge on how to do so. My current plan involves an intentional overdose of these medications. 

I want to seek help. I really do. I'm afraid if I share the details of my plan to a therapist though they will have to report it potent",17,8,https://www.reddit.com/r/mentalhealth/comments/1icklmz/if_i_share_my_suicide_plan_would_my_therapist/
1iswa0d,2025-02-19 03:52:04,mentalhealth,Rock bottom and trapped.,"I was forced to return to my hometown a couple years ago from a bigger/better city a couple years ago.

I’ve deteriorated since then. Physically, mentally, professionally, and personally. It was a colossal shock to my system to return to Iowa from California especially being trans. The instant loss of my independence and the city i loved put me into an emotional shutdown state which has lasted from May 2023-just recently. I hate my hometown/state and have always felt disconnected from my family.",6,4,https://www.reddit.com/r/mentalhealth/comments/1iswa0d/rock_bottom_and_trapped/
1je9nui,2025-03-18 16:52:56,mentalhealth,"Marijuana as medicine, alcohol as drug","I get that people want to legalize marijuana, but it seems to me that the campaign to make marijuana a drug for mental health is misguided and very harmful. I mean how can our society believe that marijuana is a safe drug for mental health problems while we also believe that alcohol should be considered a maladaptive and dangerous behavior? The psychological effects are similar, and marijuana tends to have even more extreme effects, as it’s classified as a hallucinogen. I understand alcohol is m",1,0,https://www.reddit.com/r/mentalhealth/comments/1je9nui/marijuana_as_medicine_alcohol_as_drug/
1iwo6cz,2025-02-23 23:47:20,mentalhealth,This getting too much,"For a long time I (M34) have been depressed, until recently it hasn't bothered me, but lately I'm feeling more and more alone, isolated, and I'm getting to a point where I don't want to be alive anymore.  

I reach out to friends to try to get help and they ignore me or don't reply. Other friends who know what I'm going through just don't care or message or call me.. 

I'm on antidepressants they don't seem to be helping.. and I'm starting to wonder why even bother taking them.. 

The only perso",1,0,https://www.reddit.com/r/mentalhealth/comments/1iwo6cz/this_getting_too_much/
1io5440,2025-02-12 23:30:00,mentalhealth,The past year has been the worst of my life,"So I am 13 (transgender female) and ever since October 2023 my life has been shit. My sister got drugged on ketamine twice and I watched her nearly die from an overdose, my mom has been diagnosed with cancer and we noe know she won't survive it, and I have lost countless friends over the year. And now transitioning publicly won't help at all. ",1,0,https://www.reddit.com/r/mentalhealth/comments/1io5440/the_past_year_has_been_the_worst_of_my_life/
1ievco9,2025-02-01 01:41:02,mentalhealth,Help with my mom,"My mother was diagnosed about 20 years ago with bipolar disorder. It has been a long road of ups and downs.  Through it all her family (husband, 4 kids and and grandkids) has went over and beyond to help her.  She has checked herself in a few places and tried to get help.  They would stabilize her and she would come home.  She has never been great about taking her meds.  She will for awhile and then she won't. Around 5 yrs ago she became more violent,  paranoid,  started talking to herself.  She",1,0,https://www.reddit.com/r/mentalhealth/comments/1ievco9/help_with_my_mom/
1hytat1,2025-01-11 10:37:26,mentalhealth,Tips for loved ones after OD attempt,"Advice needed. My girlfriend (both F 31) took a high risk amount of a drug two days ago and I don't know how to handle the situation. She didn't want to die, but just be gone for a bit, have all the noise in her head stop. It's not a drug that often causes death when taking an overdose, but low blood pressure and elevated heart rate could lead to lasting complications or a coma. The fact that she wanted to be gone, just for a bit, is very disheartening. She texted me, I went to her house, found ",1,0,https://www.reddit.com/r/mentalhealth/comments/1hytat1/tips_for_loved_ones_after_od_attempt/
1h0ved9,2024-11-27 03:53:33,mentalhealth,"I am an asshole, pathological liar, narcissist, and I will never be anything more ","yeah bro, I have no clue what the fuck to say. I’m fucking losing it I really am. I have no one to talk to as I shove everyone away from me and have no clue how to make friends and I’m fucking alone, doesn’t help that I’m an unloveable piece of shit, all I do is lie and my mom gives me so many chances but every time I get caught I feel worse and worse, the days go by surrounded by people and laughter and fun yet excruciatingly slow because I feel like I’m being taunted behind my back and double ",5,2,https://www.reddit.com/r/mentalhealth/comments/1h0ved9/i_am_an_asshole_pathological_liar_narcissist_and/
1hbhyun,2024-12-11 01:24:42,mentalhealth,Should I hide my medication from my family or tell them?,"Hi everyone, I’m a 23-year-old woman, and I’ve been struggling with vulvodynia for nearly four years. I only got diagnosed two months ago after visiting many unhelpful professionals. This condition has caused severe pain and issues in my relationship.

My family hasn’t been supportive. They delayed medical appointments, insisted it would pass, and even made uncomfortable jokes. Eventually, I started going to doctors alone, using my savings. After years, I finally got a diagnosis.

Now I’m doing ",1,0,https://www.reddit.com/r/mentalhealth/comments/1hbhyun/should_i_hide_my_medication_from_my_family_or/
1h8uhwo,2024-12-07 15:12:51,mentalhealth,Cant fix my shit,Hello.  I am 19 and I don’t know what to do.  I can’t find a job.  My girlfriend is giving me a roof and food but she can’t do it forever.  About a year ago I was dating my ex who was mentally abusive for months. I moved from Montana to Hawaii then to where I am now which is Virginia. I have applied to 100s of jobs so that I can just have a life but I can’t find anything.  I feel so hopeless and it’s to the point where it’s like “idgaf” when I feel hopeless I just get the urge to start laughing.,1,0,https://www.reddit.com/r/mentalhealth/comments/1h8uhwo/cant_fix_my_shit/
1h138q5,2024-11-27 12:33:24,mentalhealth,My friend needs serious help,"My friend is currently overdosing and plans to commit suicide using drugs but I can't get him to call 988 or suicide hotline, I don't know him in-person, but he is an amazing friend and I don't wanna lose him",1,0,https://www.reddit.com/r/mentalhealth/comments/1h138q5/my_friend_needs_serious_help/
1gxmf83,2024-11-23 00:08:13,mentalhealth,I'm feeling overwhelmed Pt 1,"I don't know where to begin or where to find all the words or few enough to not be overbearing. I feel like a failure. I feel like I am a curse. I feel like my whole existence is cursed. Parents, dead drug addict and disabled former drug addict who is a narcissist. Dead parent, my Mom, raised me after being clean for 9 years, Dad is deadbeat asshole who uses pity and guilt trips and manipulation, ruined my relationship with my saint of a  Grandmother, and the evil Grandpa I have who hides behind",1,0,https://www.reddit.com/r/mentalhealth/comments/1gxmf83/im_feeling_overwhelmed_pt_1/
1glvjpg,2024-11-07 17:12:57,mentalhealth,At the age of 26 I'm realizing I have unresolved trauma,"This is a throwaway I'll probably use to vent every now and then. I feel like I have no one else to talk to about this. Already there is so so much I want to say, but I'll try (lol) to be brief:

I (M26) moved to Florida last year. I had lived in NYC for most of my life, and I've struggled with depression ever since I was a teen. And honestly, I have good reason for it.

The qrd: Both of my parents are addicts that met in NA. My father was an alcoholic (he remains sober today) and my mother popp",5,1,https://www.reddit.com/r/mentalhealth/comments/1glvjpg/at_the_age_of_26_im_realizing_i_have_unresolved/
1guf9kw,2024-11-18 20:54:30,mentalhealth,i dont know what to do anymore,I dont know where to start. Ever since this happened my whole reality has changed and i dont know whats real anymore. Back in march of this year i sat down to smoke weed with my brother like usual. This time was different. I had such a weird feeling. My mom came in my room and gave me and my brother the weed he asked her to go get and she said it was from california. I started thinking that it was laced with fentynal since it was from california and fentynal is rampid over there. I thought i was,1,0,https://www.reddit.com/r/mentalhealth/comments/1guf9kw/i_dont_know_what_to_do_anymore/
1gk1o6s,2024-11-05 07:53:50,mentalhealth,Just a quick rant. thanks,"it’s a weird complicated story with 7 psychiatric hospital stays, me choosing to separate myself from my family, and a bunch of addictions like overcoming serious serious drugs, as well as sexual trauma . All while having a very normal family. I’ve grown and learned and overcome, yet I still sometimes get into these moods like I am now and feel horrible about myself and excessively drink and sometimes slip in sobriety. I have a very loving amazing successful boyfriend and his parents literally h",1,0,https://www.reddit.com/r/mentalhealth/comments/1gk1o6s/just_a_quick_rant_thanks/
1fxcual,2024-10-06 09:38:37,mentalhealth,Being admitted to the psych ward a few days after failed attempted suicide attempt... thoughts?,"I'll keep this short and simple. I attempted to overdose on Percocet, Cocaine, and my valium which happens to be prescribed. (The valium) it was clearly a failed attempt as I'm still here. If I go to get admitted to the psych ward will they discard me as a common drug user? I'm not a common drug user.",1,0,https://www.reddit.com/r/mentalhealth/comments/1fxcual/being_admitted_to_the_psych_ward_a_few_days_after/
1605thr,2023-08-24 15:55:13,mentalhealth,"How do I explain my burnout to ""youre just lazy"" people?","Not only burnout, I also have depression. I'm 23.

I don't have a job. I could theoretically work a job, but I would not perform well at the job at all and possibly get fired for being unproductive, it would also do more harm than good to me. But the main reason I don't have a job is because a job would drain my time and energy, which I desperately need to work on my physical and mental health and also my to-do list at home, I just cannot handle any more responsibilities currently. Its too much,",399,148,https://www.reddit.com/r/mentalhealth/comments/1605thr/how_do_i_explain_my_burnout_to_youre_just_lazy/
1ip0s8v,2025-02-14 02:53:22,mentalhealth,How do I reverse burnout without resting?,"I know, I KNOW! 

But I have way too much shit to do to even take a single moment to rest. I'm so busy I can't keep up with everything. Now I can feel myself burning out but I can't afford that right now. There is too much at stake here and I can't quit.

Here's what I'm doing to try to mitigate this burnout now:
- daily meditation
- stretching and minimal exercise (I don't have time to work out more than 5 minutes)
- i have a therapist and friends
- eating enough food
- taking my meds on time (",5,8,https://www.reddit.com/r/mentalhealth/comments/1ip0s8v/how_do_i_reverse_burnout_without_resting/
1jjci2a,2025-03-25 05:47:15,mentalhealth,Severe Burnout (?),"Hello everyone, 

recently I’ve been feeling very demotivated to do anything, even getting out of bed is hard. It’s been like this for the past couple of weeks. 
I’m writing this because I’m not sure as to what my condition could be. 

I have a history of being depressed and I go through cycles of depression and lifted mood (cyclothymia). The thing is I don’t feel sad, although I’ve noticed I’ve been suffering from mood swings recently. 

I’m thinking it’s burnout because of my extremely intense",1,2,https://www.reddit.com/r/mentalhealth/comments/1jjci2a/severe_burnout/
1j6jdcx,2025-03-08 15:21:56,mentalhealth,How to help with burnout?,"Hey everyone, I have been feeling burned out for a few years now and I try to do my hobbies and exercise but I still feel like I'm exhausted. Do you guys have any tips or suggestions?",2,4,https://www.reddit.com/r/mentalhealth/comments/1j6jdcx/how_to_help_with_burnout/
1jkc4nj,2025-03-26 13:45:34,mentalhealth,Absolute Burnout - How to handle?,"I'm a 30 y/o graduate, with a BA and an MSc

Graduated last September, the only 2 jobs I've had have been temporary and not in my field.

My current job is in Customer service, where I get screamed at for nigh on 8 hours a day - I'm also out the house for 12 hours a day, meaning I get about 2 hours free time at the end of my day. 

That isn't really free time however, as I'm in a small room with my partner who will be loudly gaming until 11, meaning I get around 6 hours sleep a night

Then on th",2,1,https://www.reddit.com/r/mentalhealth/comments/1jkc4nj/absolute_burnout_how_to_handle/
1jk51uc,2025-03-26 05:59:50,mentalhealth,Homebody or burnout?,"For the first time in the 18 years I've been working a8 finally gave a job where I can work from home. It has given me my work-life balance I wanted more than any other job. It's come with its own challenges but overall has been great. 

I was already more of a homebody and it has come up recently that some people in my life think I've 'changed' and don't want to make plans anymore. Before WFH I would constantly try to find reasons to not go to things when my social battery was low and don't see",1,1,https://www.reddit.com/r/mentalhealth/comments/1jk51uc/homebody_or_burnout/
1io866a,2025-02-13 01:56:08,mentalhealth,Anyone Else Recovering from Workplace Burnout? Need Support,"I’m six months into recovering from severe workplace burnout after a decade in the corporate world. I hit rock bottom—burned out, disconnected, and drowning in drinking and depression. Now, I’m in therapy, practicing yoga, meditating, reading, and slowly rebuilding with healthier habits. I’ve cut toxic ties, quit binge drinking, and focused on inner peace.

It’s helped a lot, but I’m still struggling—physically, mentally, and emotionally. Some days feel like progress, others like I’m stuck in th",6,6,https://www.reddit.com/r/mentalhealth/comments/1io866a/anyone_else_recovering_from_workplace_burnout/
1j5pf5i,2025-03-07 14:35:05,mentalhealth,Preventing Burnout?,"I wanted to ask if anyone has any tips on preventing burnout in their life?
I had been working only part time as a  receptionist and it was incredibly laid back and was relatively slow paced. But now, I’m going to be starting as a full time store associate at a local retail pharmacy where it’ll be much more fast paced and A LOT more customer interaction than I’m used to. 
I can fake being outgoing for customers alright but, as an introvert, it’s incredibly draining and I’m nervous about it compl",1,3,https://www.reddit.com/r/mentalhealth/comments/1j5pf5i/preventing_burnout/
1j9n9wp,2025-03-12 15:55:26,mentalhealth,Burnout :(,"After a difficult session at therapy, my therapist and I landed on the fact that I have been burnt out for almost two years. Between balancing a job that I can only tolerate, worrying about finances, and grieving the loss of my grandmother and mother. I knew I was burnt out but not to this extent; it almost makes me feel ashamed that I didn't do anything earlier on to help myself out. But it's hard to do so when you work for a boss who is constantly praising his employees to work, work, work ins",8,1,https://www.reddit.com/r/mentalhealth/comments/1j9n9wp/burnout/
1jh6h51,2025-03-22 11:35:53,mentalhealth,"After 4 years, i managed to write about my burnout","I have a tech job and i burned out 5 years ago. I took me a while to write about it. i did not know if i could write it without flooding with emotions. I wanted it to be useful to others. This week I did. I am so glad by the responses i received, so i wanted to drop it here too. ",1,0,https://humansinsystems.com/blog/you-dont-have-to-burn-out-to-deserve-a-break
1j83lar,2025-03-10 17:04:32,mentalhealth,Solo retreat to recover from burnout,"From the past month, I am experiencing a burnout with mental exhaustion and fatigue to the point that I am not motivated to comprehend new information, problem solve, and push myself in a high-stakes project at work. Being a motivated person, I am finding this depressing and need an optimal way to recover. I am talking to a therapist and considering taking a medical leave to pursue a solo retreat.

As I've not previously done a solo retreat, I'd really appreciate insights on the right experience",3,1,https://www.reddit.com/r/mentalhealth/comments/1j83lar/solo_retreat_to_recover_from_burnout/
1j7zhsp,2025-03-10 14:10:34,mentalhealth,Burnout in healthcare professions,"Hi everyone! I'm planning on making a game about burnout for my masters, to try and raise awareness about it's problems. I've seen that healthcare is one of the areas with the highest rates of burnout, so I wanted to make the game about managing some of the most difficult challenges found in this area as well as it's symptoms.

I'd be grateful if anyone with experience in healthcare and that has had some experience with burnout, or knows of anyone that has, could give me some feedback on how I c",1,1,https://www.reddit.com/r/mentalhealth/comments/1j7zhsp/burnout_in_healthcare_professions/
1iucbwy,2025-02-20 23:12:11,mentalhealth,Burnout in college,"I'm a college student (a junior in a medical major) and I'm already reaching burnout this semester. With my major, I only have exams and lab practicals. Because of this, every week I either have 1-4 exams or I am studying like crazy.

  
I get good sleep (9:30p-6:30a), I try to eat good, I don't get exercise a lot. But I am exhausted both mentally and physically all the time. Recently I've been feeling irritable and grumpy right when I wake up and it continues throughout the day.

  
Does anybod",2,3,https://www.reddit.com/r/mentalhealth/comments/1iucbwy/burnout_in_college/
1j9nrwl,2025-03-12 16:15:44,mentalhealth,"Burnout, healing & work","I burned out last year after too many years of working 60-70 hour weeks and have been healing myself from cPTSD, depression, anxiety and having gone through the end to a relationship that devastated me. I also experienced a super fun workplace bully at a prior employer that I left earlier this year (part-time job)

I cannot focus and I really just don't care about my job anymore. I sit at the computer and just stare as though I don't know what to do. What sucks is that I'm actually in my dream j",1,0,https://www.reddit.com/r/mentalhealth/comments/1j9nrwl/burnout_healing_work/
1j86npb,2025-03-10 19:09:31,mentalhealth,Feeling burnout after 5 months?,"My therapist has no answer for how much it’ll take me to recover because things keep happening that brings my progress down. What do I do? How long did you take to recover from severe burnout? 


On top of working (later being fired) from a nearly slavery job - it was my fault, I know -, my elderly dad has late-stage cancer and is an alcoholic, he relapses, his conditions worsens, and every week is a new thing that brings me back nearly to square one.


I told my therapist I’m so tired I want to",1,0,https://www.reddit.com/r/mentalhealth/comments/1j86npb/feeling_burnout_after_5_months/
1j0ru64,2025-03-01 05:02:59,mentalhealth,For those struggling with burnout in school...,"I really felt the need to come on here and post this. If you're in highschool, college, grad, whatever, and you feel the familiar weight of burnout pressing in on you, know that it does not define you!

School is such a root cause of stress in people's lives, when in reality outside of school nobody cares about your grades or how badly you flunked in a test. Your mental health is not worth the anxiety and fear you get racked with when you find yourself either hopeless or trying so hard you could",2,1,https://www.reddit.com/r/mentalhealth/comments/1j0ru64/for_those_struggling_with_burnout_in_school/
1g43yxh,2024-10-15 09:51:24,mentalhealth,What Small Daily Habits Help You Manage Stress and Avoid Burnout in High-Pressure Environments? ,"
Do you have any routines or small actions you take throughout your day to keep burnout at bay? Whether it's mindfulness techniques, quick breaks, exercise, or something else, I’d love to hear what works for you. How have these habits helped you in your daily life?""


",4,18,https://www.reddit.com/r/mentalhealth/comments/1g43yxh/what_small_daily_habits_help_you_manage_stress/
1j1o0c8,2025-03-02 10:32:01,mentalhealth,Struggling to Keep Going? This Could Save You from Total Burnout!,,3,0,https://m.youtube.com/watch?v=kfHyU8F0pZ8
1inn94e,2025-02-12 09:32:09,mentalhealth,How do I achieve everything? I need help with organizing and I'm on the brink of burnout.,"Hi everyone, I am asking for tips and advice on my schedule and handling stress and life.

To preface this I(f23) work as an online business English tutor 5-6 a day(I used to work for 8 but I couldn't speak after my workday), it pays okay for the country that I'm in, and if I overwork myself the pay is great. I also do gigs as a light designer sometimes - it pays okay, but I work for a long time(the whole night, but it's usually on the weekends). As of current, I just started an HR internship th",2,1,https://www.reddit.com/r/mentalhealth/comments/1inn94e/how_do_i_achieve_everything_i_need_help_with/
1isde60,2025-02-18 14:04:43,mentalhealth,Am I burnout or lazy/ depressed,"Hello,
I’m a 29F who works in the medical field. I have been having this issue for a few years now but I think it is getting worse. I constantly feel overwhelmed and negative about my life to the point that I just say in bed, eat horrible things and won’t shower or brush my teeth. I love water, but showering feels like a chore. Getting up and going to the bathroom feels like a chore. I have a therapist and psych who have given me medication for depression but it hasn’t really helped these issues",1,0,https://www.reddit.com/r/mentalhealth/comments/1isde60/am_i_burnout_or_lazy_depressed/
own79d,2021-08-02 20:33:09,suicidewatch,Get support for yourself or other people,"If you’d like to talk to someone, confidential mental health support is free and available 24/7.

**Inside the U.S.**

* Crisis Text Line: Text CHAT to 741741
* Suicide & Crisis Lifeline: Call or text 988

**If you’re outside the U.S.**

* [Find resources in your location](https://www.reddithelp.com/hc/en-us/articles/360058756471-What-are-support-resources-available-to-people-outside-the-U-S-)

**If you’re not ready to talk to someone yet:**

* [How to help yourself when you’re feeling suicidal]",302,2,https://www.reddit.com/r/u_RedditCareResources/comments/own79d/get_support_for_yourself_or_other_people/
1iztqij,2025-02-27 23:29:45,suicidewatch,Shut up with the “Suicide is a permanent solution to a temporary problem” bs.,"Once you’ve been suicidal for 6+ years now, then its starting to become a lot less temporary.",957,175,https://www.reddit.com/r/SuicideWatch/comments/1iztqij/shut_up_with_the_suicide_is_a_permanent_solution/
1di3f7s,2024-06-17 17:14:18,suicidewatch,My daughter is 13 years old and just attempted suicide ,"My beautiful 13 year old daughter attempted suicide 2 days ago. She is just so young, I can’t believe it and never saw it coming. She swallowed 12 tablets (I won’t name what) and started having delusions and hallucinations and then went into what I would call a psychosis. Scariest moment of my life. We are still in hospital where they are treating her for the medical side of things. She is mad at me for taking her to hospital and saving her and said she wants to die. There is no trauma, no histo",1445,297,https://www.reddit.com/r/SuicideWatch/comments/1di3f7s/my_daughter_is_13_years_old_and_just_attempted/
134xbb3,2023-05-01 18:31:49,suicidewatch,Why does my mind go straight to suicide every time I'm extremely upset?,Like  honestly is this common? Every time I have a problem I don't know how to solve I think of suicide as the answer. Sometimes it feels like my entire life is just waiting for death. Anyone else?,1985,254,https://www.reddit.com/r/SuicideWatch/comments/134xbb3/why_does_my_mind_go_straight_to_suicide_every/
1irymt7,2025-02-17 23:44:26,suicidewatch,This is my suicide note,As I write this I'm looking at a noose I tied with a belt in my closet. After I'm done here I'm going to walk inside and I'll never walk out again. If my mum or dad is reading this I'm sorry. I couldn't live with this mental torture anymore. It was unbearable and no amount or drugs or talking could fix that. I leave everything I have to you. I'm not sure how much closure this will be. It probably won't help at all but just know that I love you very much and i never wanted to disappoint you. I'm ,407,173,https://www.reddit.com/r/SuicideWatch/comments/1irymt7/this_is_my_suicide_note/
v1wp7i,2022-05-31 18:24:27,suicidewatch,"My psychiatrist telling me that suicide is a ""permanent solution to temporary problem,"" and then turning around to tell me that my depression is incurable and will likely require a lifetime of therapy and medication.",,2303,239,https://www.reddit.com/r/SuicideWatch/comments/v1wp7i/my_psychiatrist_telling_me_that_suicide_is_a/
1j7joxj,2025-03-09 22:34:45,suicidewatch,it's so weird being suicidal and not a teen anymore,like when I was a teen I was at least sure someone would care about my death. I think now I could be rotting for at least a week before even someone noticed I'd be gone ,806,60,https://www.reddit.com/r/SuicideWatch/comments/1j7joxj/its_so_weird_being_suicidal_and_not_a_teen_anymore/
1g9n4sx,2024-10-22 17:00:37,suicidewatch,Switching From Passively Suicidal to Actively Suicidal Actually Gave Me Relief?,"*Has anyone else had this feeling? Or find it somewhat relatable?*

I \[24M\] have been passively suicidal for a few months now, but yesterday was an exceptionally awful day. I slept super late, I forgot I was scheduled to work, couldn't get dressed, couldn't leave the house, tried to fix my bike but ended up breaking it even more. Then I gave into pretty much all of my self-sabotaging vices (drugs, porn, shitty food, video games, you name it). 

  
I swear something snapped. I cried a *ridiculo",950,74,https://www.reddit.com/r/SuicideWatch/comments/1g9n4sx/switching_from_passively_suicidal_to_actively/
1iu6z2q,2025-02-20 19:27:22,suicidewatch,Told my mom I’m suicidal,"She mocked me. “Oh really? Quit your whining. You’re always so melodramatic. Grow up. Get over it. You think I’m happy? You’ve done nothing with your life. You think I’m being mean? I’m not mean enough. You wish you were never born? Tough shit.” 

I’m hiding under the covers. I can’t stop crying. I needed a mother’s comfort, and now I’m more suicidal than before. I’m planning, thinking about how I’ll do it. I’m scared. I’m in so much pain. I have a little one, and she has been my reason for livi",442,90,https://www.reddit.com/r/SuicideWatch/comments/1iu6z2q/told_my_mom_im_suicidal/
qlw1yy,2021-11-03 14:46:26,suicidewatch,Why are other suicidal people so nice and understanding but all the while still wanting to kill themselves?,"It's kind of paradoxical, people who want to kill themselves are the only people capable of relating and stopping others from killing themselves. Maybe we all want to see people pull through it, maybe it gives us hope, maybe it gives us purpose...or maybe we think so lowly of ourselves that we dont wish anyone to feel that way. I'm not sure why I have a need to ensure others are cared for even if they aren't depressed it's as if I'm saying ""please dont become me, its torture"".",1709,258,https://www.reddit.com/r/SuicideWatch/comments/qlw1yy/why_are_other_suicidal_people_so_nice_and/
ppjowo,2021-09-16 19:02:05,suicidewatch,I'm a fully-functioning suicidal.,"I get out of bed, prepare my breakfast, leave my house, go to work, work decently, talk with people around me,  get home, can take a shower, prepare dinner, sleep. My routine is the same as any normal person, except I can only think about killing myself. I work while thinking about methods, I go to sleep while thinking of how people would react, I prepare my food while I'm setting up dates for me to die, I take a shower and think of a proper suicide letter. I can live, but I don't want to live. ",2265,192,https://www.reddit.com/r/SuicideWatch/comments/ppjowo/im_a_fullyfunctioning_suicidal/
1bmwnhm,2024-03-24 21:54:46,suicidewatch,I got my fake gun and I am going to use it to do suicide by cop,"it took me 34 years to get a girlfriend and she left after 4 months because i didnt have any experience navigating women and even i met her through the weridest of circumstances.

but now its all over, i literally get zero matches with online dating and most women wont even give me a chance, she gave me a chance but shes gone and my life is over so i am going to end it all!",496,265,https://www.reddit.com/r/SuicideWatch/comments/1bmwnhm/i_got_my_fake_gun_and_i_am_going_to_use_it_to_do/
1iet6bx,2025-01-31 23:55:12,suicidewatch,How the fuck is it possible that I’m suicidal but also afraid of death,"Like I want to die but I’m terrified of it. I want to go out peacefully, like in my sleep, but any other way actually scares the shit out of me. What is this feeling?

Edit: Maybe I’m not actually afraid of it. I think I do just want to die.",332,99,https://www.reddit.com/r/SuicideWatch/comments/1iet6bx/how_the_fuck_is_it_possible_that_im_suicidal_but/
1ijjf9s,2025-02-07 01:33:37,suicidewatch,I’m a functional suicidal,"I get outta bed, eat breakfast, have good grades in college, have a gf, friends, family, but feel depressed all the time. These thoughts began when I started college, it got so bad that yesterday I held a gun to my head, and almost pulled the trigger before I got interrupted by a call. That whole day yesterday and today I’ve been researching the most painless way to kill myself. I haven’t gone to sleep because my gun is still on my bed and I’m afraid what I’ll do to myself if I go back in there.",516,66,https://www.reddit.com/r/SuicideWatch/comments/1ijjf9s/im_a_functional_suicidal/
1gktgx0,2024-11-06 08:02:01,suicidewatch,The boy I loved committed suicide ,"We both met in a psych ward in 2021. He was struggling with grief after his sister committed suicide. I was struggling with being sexually assaulted by a family friend. When we met, we immediately clicked. I celebrated his 22nd birthday with him in the facility. He was a Halloween baby. 

We both shared such a special connection. Always checking in on one another. He’d tell me things he didn’t tell anyone else. We’d agreed that we’d always be there for one another. 

Well he committed suicide No",982,50,https://www.reddit.com/r/SuicideWatch/comments/1gktgx0/the_boy_i_loved_committed_suicide/
1ewzfja,2024-08-20 16:04:16,suicidewatch,18 hrs left till I commit suicide ,As the title suggests. Going to hang myself in 18hrs. I have nothing to look forward on my life. I feel bad for my parents. I am sorry I couldn't become the proud son they wanted.,273,215,https://www.reddit.com/r/SuicideWatch/comments/1ewzfja/18_hrs_left_till_i_commit_suicide/
jnrz57,2020-11-04 06:48:44,suicidewatch,'If you were actually suicidal you'd have killed yourself already and not tell anybody' FUCK OFFFFFFF,"FUCK YOU FUCK YOU FUCK YOU 
YOU ABSOLUTE DUMBASS

what the fuck

What else do you want me to do to validate myself???? DO I HAVE TO ACTUALLY FUCKING DIE AT THIS POINT BECAUSE YOU KNOW WHAT I WAS PLANNING TOO

but I'm trying to fucking hold on with what little I have left and I'm still apparently not telling the truth. This is bullshit and I'm exhausted of hearing this.

Literally everything I do to reach out is apparently 'attention seeking' and 'faking it' And then when I self harm to cope peop",2777,146,https://www.reddit.com/r/SuicideWatch/comments/jnrz57/if_you_were_actually_suicidal_youd_have_killed/
1g5jueq,2024-10-17 05:39:21,suicidewatch,Teen daughter tried to commit suicide. Found her suicide note today,"Throwaway account.  Daughter(14) tried to commit suicide Sunday night by taking a lethal dose of Tylenol and Advil.  Luckily school has been hitting the suicide hot line pretty hard with the students and she texted them before and after taking the pills.  They were able to convince her to give up our address.  Wife and I were home and had no idea until a frantic police man came up to the door.  Long story short, she survived with no permanent damage.  She started inpatient care yesterday.  We we",787,58,https://www.reddit.com/r/SuicideWatch/comments/1g5jueq/teen_daughter_tried_to_commit_suicide_found_her/
1frpof6,2024-09-28 22:19:37,suicidewatch,Suicide is.. scarier the closer it is. Ending it soon. I was somebody ♡,"This isn't the ""coward's"" way out. It really isn't.

Even though I'm unbelievably fortunate this method is relatively painless, quick, and unassuming enough not to look gruesome, a part of me *is* scared. I used to say ""when I have a peaceful method, it'll be easy.."" but now that the time has come, I was really naive. I believe in the afterlife and consciousness after death, but I honestly don't mind if I am just unaware and I'm no more troubled than when I'm asleep..

To the people reading, I a",522,89,https://www.reddit.com/r/SuicideWatch/comments/1frpof6/suicide_is_scarier_the_closer_it_is_ending_it/
cz6nfd,2019-09-03 15:49:51,suicidewatch,"New wiki on how to avoid accidentally encouraging suicide, and how to spot covert incitement","We've been seeing a worrying increase in pro-suicide content showing up here and, and also going unreported. This undermines our purpose here, so we wanted to highlight and clarify our guidelines about both direct and indirect incitement of suicide.  

We've created a wiki that covers these issues.  We hope this will be helpful to anyone who's wondering whether something's okay here and which responses to report.  It explains in detail why *any* validation of suicidal intent, even an ""innocent"" ",1783,248,https://www.reddit.com/r/SuicideWatch/comments/cz6nfd/new_wiki_on_how_to_avoid_accidentally_encouraging/
v1wp7i,2022-05-31 18:24:27,suicidewatch,"My psychiatrist telling me that suicide is a ""permanent solution to temporary problem,"" and then turning around to tell me that my depression is incurable and will likely require a lifetime of therapy and medication.",,2305,239,https://www.reddit.com/r/SuicideWatch/comments/v1wp7i/my_psychiatrist_telling_me_that_suicide_is_a/
ntksx4,2021-06-06 12:36:39,suicidewatch,"""You are not depressed, you are lazy "" These words haunt me ,and due to them I am afraid of approaching others for help.","Is it only me or are there others who have been said that they are just lazy and not depressed .
I feel a lot of negative thoughts , I have suicidal thoughts on a daily basis ,it's like living with a heavy weight on your chest which is invisible.",1391,110,https://www.reddit.com/r/SuicideWatch/comments/ntksx4/you_are_not_depressed_you_are_lazy_these_words/
12gwm20,2023-04-09 21:36:10,suicidewatch,I quit my job because it made me suicidal but now I'm depressed AND unemployed,I just drink all day. I don't even enjoy myself. I just rot.,703,104,https://www.reddit.com/r/SuicideWatch/comments/12gwm20/i_quit_my_job_because_it_made_me_suicidal_but_now/
rmwofo,2021-12-23 14:20:44,suicidewatch,What is the point of venting if people don't wanna see your depressing shit 90% of the time.,,880,136,https://www.reddit.com/r/SuicideWatch/comments/rmwofo/what_is_the_point_of_venting_if_people_dont_wanna/
v4npnv,2022-06-04 12:19:15,suicidewatch,I wish depression was a physical illness too,"It has robbed me of everything that made life worth living. I am alone, I am destroyed, I am done. Yet depression isn't going to finish the job of snuffing out my life - no, that's something we have to do ourselves.

The worst thing is hoping for a death that will not come to me naturally. I could limp on for years and years and years in this half life, because depression isn't going to end it for me.

Ffs. If only I had the comfort of knowing that I don't have to suffer like this for long, that",1014,89,https://www.reddit.com/r/SuicideWatch/comments/v4npnv/i_wish_depression_was_a_physical_illness_too/
17ue3qf,2023-11-13 16:13:55,suicidewatch,"Is it better to have a depressed, unemployed son; or no son?","I am thinking very seriously about suicide. I'm 30 now and I've tried so hard for so long that I can tell that the best I'm going to be able to do is limp along in life - alone, depressed, unemployed. Possibly living on the streets at some point.

One thing that always comes up is how suicide will affect your surviving family. My family consists of my mother and father. I wonder if they could actually feel some relief by knowing that I'm not suffering anymore.

Any parents out there have any tho",303,120,https://www.reddit.com/r/SuicideWatch/comments/17ue3qf/is_it_better_to_have_a_depressed_unemployed_son/
r5529o,2021-11-29 20:38:36,suicidewatch,i am suicidal and i feel that you can only really talk to other suicidal people about suicide and depression,Thanks for all great support that i get from this comunity. It have saved my life,657,113,https://www.reddit.com/r/SuicideWatch/comments/r5529o/i_am_suicidal_and_i_feel_that_you_can_only_really/
1g69i0i,2024-10-18 04:00:04,suicidewatch,"Suicidal people just help other suicidal people, and it's depressing.","While others just.... live because the world goes in favour of them.

And here we are, just from one suicidal person connecting with another suicidal person. 

What a depressing thought we live in.",172,39,https://www.reddit.com/r/SuicideWatch/comments/1g69i0i/suicidal_people_just_help_other_suicidal_people/
ceaoml,2019-07-17 09:46:58,suicidewatch,Depression ruined my personality and my mind,"Edit: If you see this please switch to the “new” filter on the sw homepage and refresh, and comment on those latest posts. You might just be the help they need! Thank you everyone for reaching out and making me feel less alone. I’m overwhelmed by all the positive responses. I guess not all people are malicious after all. Keep spreading the love ❤️

Depression made me dumb, uninteresting, made me stop reading books, made me stop learning, caused me to spend days like a zombie, caused me amnesia, ",606,128,https://www.reddit.com/r/SuicideWatch/comments/ceaoml/depression_ruined_my_personality_and_my_mind/
yu47pi,2022-11-13 15:06:17,suicidewatch,Genuine question: is it possible to die of depression without suicide? Like just straight up intense sadness?,,334,92,https://www.reddit.com/r/SuicideWatch/comments/yu47pi/genuine_question_is_it_possible_to_die_of/
17d9lsv,2023-10-21 18:54:28,suicidewatch,Why being depressed is addictive?,Like idk how to explain it but being depressed and suicidal is like.. being comfortable. I feel safe and relaxed when im depressed and suicidal. Its so weird to me tbh,344,51,https://www.reddit.com/r/SuicideWatch/comments/17d9lsv/why_being_depressed_is_addictive/
1hv8bmh,2025-01-06 20:04:28,suicidewatch,Over 20 years depressed and suicidal.  Think I’m ready.,"Suppose I just want to say it somewhere.  As soon as my dog passes, I'm removing myself from life.  After turning 40 this past year, having been fighting depression since my teens, I have no desire to remain in a world so evil as ours.  I surrender, depression.  You win.
",58,27,https://www.reddit.com/r/SuicideWatch/comments/1hv8bmh/over_20_years_depressed_and_suicidal_think_im/
hr1jk3,2020-07-14 13:30:14,suicidewatch,Last year I was miserable and depressed but I turned that shit around this year;,Now im depressed and miserable.,961,58,https://www.reddit.com/r/SuicideWatch/comments/hr1jk3/last_year_i_was_miserable_and_depressed_but_i/
kdtdoh,2020-12-15 20:09:35,suicidewatch,"I fucked up and let my depression take my highschool years away, both socially and academically. Now I have zero friends and am lagging behind about 5 years.","**Thank you**: I have read every single response to this thread and am thankful as can be. I will save them so I can reread later when the doubts come back. But know that youve all made a difference in my life.

Original:

Fuck me I'm such a retard. Not only can I not do anything useful for society, I can't even do anything useful for myself. I have logged 7000 hours of fucking video games, which were my only escape from a shitty homelife. I have nothing to show for it.

I'm too much of a fuckin",847,54,https://www.reddit.com/r/SuicideWatch/comments/kdtdoh/i_fucked_up_and_let_my_depression_take_my/
1inv612,2025-02-12 16:39:30,suicidewatch,Depressed and suicidal,"F35. I have been feeling really low lately with nothing to look forward in life
I was always the one who would assure people that it will be alright. My friends would confide in me their problems , things that bothered them and I would be there for them without being judgmental. I would check on them until they are okay. I care so much for everyone.
I am single and lonely. I was in a relationship which ended years ago.. since then I am single.
Almost all my friends are married, have kids, planni",38,17,https://www.reddit.com/r/SuicideWatch/comments/1inv612/depressed_and_suicidal/
1ipgdka,2025-02-14 17:49:09,suicidewatch,"26 year old sad, depressed and broken loser here","I don't think I will ever be able to hold a job in my life because I think I am just too sad, depressed and broken from the inside

I have no skill, no talent, no desire, no motivation, no will to do anything in my life

I am just a born loser, I guess some of us are just born to be a failure",35,17,https://www.reddit.com/r/SuicideWatch/comments/1ipgdka/26_year_old_sad_depressed_and_broken_loser_here/
1i2gbof,2025-01-16 03:55:08,suicidewatch,Why do I feel so alone and depressed,I have a great gf just got a great new job great family support yet I’ve never felt so alone and depressed in my whole life some nights I have to cry myself to sleep have terrible anxiety and panic attacks which had started recently never had them before recently I’ve fought with depression my whole life but never this bad as of lately I’ve been having a lot of suicidal thoughts and I don’t want to die but yet I think about doing it all the time nothing makes sense anymore I’m just confused and ,4,24,https://www.reddit.com/r/SuicideWatch/comments/1i2gbof/why_do_i_feel_so_alone_and_depressed/
110z3em,2023-02-13 04:14:51,suicidewatch,I’ve come to the conclusion I can’t kill myself and it makes me even more depressed,"I imagined myself closing the garage door and starting my car in there, and just sitting in the seat listening to my favorite music, and I soon fall asleep and never have to deal with the pain of life. Never again. I’ll never experience any more depression, anxiety, and suffering. I’d leave this planet with bliss, but then I thought of all the damage I’d be doing to my loved ones. I imagined them finding me dead in my car, and calling 911. Once the ambulances get there they try to resuscitate me",433,46,https://www.reddit.com/r/SuicideWatch/comments/110z3em/ive_come_to_the_conclusion_i_cant_kill_myself_and/
1bmpc0q,2024-03-24 16:51:20,suicidewatch,My depression is making me hypersexual and I hate it,"I used to make fun of porn addicts but now I've become pretty much a porn addict myself, and I consume excessive amounts of it. I masturbate excessively and engage in other sexual activities (nothing extreme, just online stuff) to cope w my own misery. Whenever the male species try sexually hitting me up, I usually ignore it, but nowadays, I can't even say no to them, man. I've been depressed for 4 years (though w the time being of being w my bf made me feel alive again), but I truly think I off",138,46,https://www.reddit.com/r/SuicideWatch/comments/1bmpc0q/my_depression_is_making_me_hypersexual_and_i_hate/
1izo4ad,2025-02-27 19:25:31,suicidewatch,Am I selfish for wanting to be friends suicidal/depressed people?,"I always feel guilty for it. As someone who’s been in a loop of wanting end it all and enter the void. one of the biggest contributors to that was never having actual friends, I’ve met good people, but never understanding ones. This led to a part of me wanting to befriend people who walk on this similar string as me. And this makes me feel so guilty.
I’ve always been tempted to, always want to actually try and start this with someone but I fear being selfish in my request with someone who is alr",13,14,https://www.reddit.com/r/SuicideWatch/comments/1izo4ad/am_i_selfish_for_wanting_to_be_friends/
1ezkd3n,2024-08-23 18:41:04,suicidewatch,"HELP ME 😭 depression, drug addiction, toxic relationship and being evicted 😭","my boyfriend and I are being evicted and can't deal with it it's like we are in denial, we need to  be out in a few days and we haven't even started packing. we are both drug addicts and hoarders so the place looks worse than usual. we have barricaded ourself in one small section of our place that is clean and habitable and can't deal with what we see and what this place looks like outside our barricade. everyone thinks and expects us to be packed and ready to move when in reality you  can hardl",6,8,https://www.reddit.com/r/SuicideWatch/comments/1ezkd3n/help_me_depression_drug_addiction_toxic/
1fr4i3x,2024-09-28 02:31:55,suicidewatch,Its like I'm a gambling addict for life I just can't help myself but try and I don't want to do this anymore ,I'm so desperate for any reason to keep going but their just isn't any. I can't do anything I can't do hobbies I can't maintain friendships I can't look after myself I can't hold down a job I'm so scared all the time to go outside or talk to people or to do anything I'm in pain all the time physically and mentally and my body feels so wrong I've tried talking to professionals I've tried to kill myself I've tried every little sad desperate reason to keep going and I'm not going to stop I don't wa,2,0,https://www.reddit.com/r/SuicideWatch/comments/1fr4i3x/its_like_im_a_gambling_addict_for_life_i_just/
15izo8i,2023-08-05 16:13:26,suicidewatch,my bf(19) is addicted to xanax and doesnt want to find help,I have no idea what to do at this point. hes been suicidal for a long time but just hasnt done anything to help or even try talking about it. we’ve been down this road more times than i can count and it terrifies me. hes not able to change his mindset and im so afraid hes ganna die and i would try sending him somewhere but how can i do that when he wont go there willingly. ive been up for days watching him making sure he doesnt get more and making sure he eats and when he sleeps i especially kee,3,5,https://www.reddit.com/r/SuicideWatch/comments/15izo8i/my_bf19_is_addicted_to_xanax_and_doesnt_want_to/
134djoq,2023-05-01 05:25:06,suicidewatch,"I’m really struggling, I’m stuck in a vicious cycle of remission and relapse. I’m addicted to so much unhealthy crap. Pornography, abusing pills, self harm, excessive smoking. I pray God helps me. And uses me to help others. But I’m just staring at my pocket knife. I love my family. Idk I need help.",,1,2,https://www.reddit.com/r/SuicideWatch/comments/134djoq/im_really_struggling_im_stuck_in_a_vicious_cycle/
v924zv,2022-06-10 07:23:36,suicidewatch,My brother is addicted to cuckold porn after being cheated on and suicidal. I need advice on how to help him.,"So I've posted this situation before elsewhere, but didn't get much advice and ppl thought i was fake 💀. but I'm lost right now and have no answers.

Basically my twin brother's ex cheated on him with a guy with a bigger dick.

He confided in me that after this happened, he feels sexually worthless. He's been addicted to cuckold porn. He's insecure in himself and his dick size, depressed, and suicidal.

He's so insecure and has no motivation for anything. His self esteem is so so low.

Hes also ",17,8,https://www.reddit.com/r/SuicideWatch/comments/v924zv/my_brother_is_addicted_to_cuckold_porn_after/
18xae4r,2024-01-03 04:27:42,suicidewatch,"Opened to my sister (an MD) about my suicidal thoughts and issues with addiction. She drove me straight to the psych ward. I've been locked in a room for 8 hours with no doctors, nurses, food, water or required meds.","I'm sorry if this sounds defeatist or dark.

But this will likely be a $13,000 visit.  I've received no help,  my meds are unavailable, and I've never felt worse or more forgotten.  

"" Ask for help""....  lol. 

Don't.",579,87,https://www.reddit.com/r/SuicideWatch/comments/18xae4r/opened_to_my_sister_an_md_about_my_suicidal/
u9jw96,2022-04-22 17:24:04,suicidewatch,"I'm an addict and I want out, I need help before it's too late","I'm an addict, it's only getting worse with time. I've been struggling with drug addiction since I was 14 or 15 and I'm tired of it, I want out of this. Last night my suicidal thoughts were so bad, I took some meds to calm me down but now the thoughts are back, I'm trying to think of a plan thats permanent. I don't want to be alive anymore, I'm a bad person. I don't want to live the rest of my life as an addict, I need to get help before I use again. I can't do this anymore, I feel like everyone",4,1,https://www.reddit.com/r/SuicideWatch/comments/u9jw96/im_an_addict_and_i_want_out_i_need_help_before/
19dca18,2024-01-23 01:19:32,suicidewatch,"15, Christian, caught watching porn, wanna kms","On Friday night my parents caught me watching porn, and exactly like the title says I wanna kill myself. It’s an addiction I’ve had for around a year, already kinda wanted to die because of it, after my parents caught me I tried to talk to them about it and tell them it’s something I’ve been struggling with, rather than trying to help/support me they just keep screaming at me for how I’m such an awful person now. I’m a fairly devoted Christian, that’s about the only thing stopping me from suicid",205,141,https://www.reddit.com/r/SuicideWatch/comments/19dca18/15_christian_caught_watching_porn_wanna_kms/
dmc9u,2010-10-03 21:52:43,suicidewatch,I can lucid dream at will and have become addicted. I no longer care for the outside world and it is freaking me out. Can anyone please help?,"So Ive been able to have lucid dreams at will for all my life (all I need to do is drink coffee and sleep on my back) and Ive always enjoyed them, but recently, that is all Ive been looking forward to. I now find real life mundane and boring. In my dreams I can do what I want, fuck who I want, travel to space, and fly to where I please. It has become an addiction and I no longer have the urge to hang out with my friends or talk to my family. I just wanna stay home and wait for sleep to kick in s",38,28,https://www.reddit.com/r/SuicideWatch/comments/dmc9u/i_can_lucid_dream_at_will_and_have_become/
n1f7aj,2021-04-29 21:51:22,suicidewatch,"I need some help here. addiction to electronics,really wrecking my life","I dont do any drugs, the hardest thing i do is caffeine, no alcohol even .But im hopelessly addicted to electronics, im glued to a shiny screen all day. It has crushed my plans and schedules, hopes of fulfilling dreams for the future,and overall damaging my cognitive skills to a severe degree.

i dont want to k!ll myself becuase of this, but i feel so bad i cant do anything or function normally. I have to workout for health, read and study to be a real adult,but im doing nada. i feel really bad ",4,1,https://www.reddit.com/r/SuicideWatch/comments/n1f7aj/i_need_some_help_here_addiction_to/
8trf9g,2018-06-25 15:31:07,suicidewatch,My phone (and maybe fap) addiction has ruined my life and my family's insults and harsh words makes me want to kill myself the only reason im not doing it is as even killing myself wont make them accept that they were wrong to say those things instead of helping me. Im a 19 Y/o (M).,"Maybe they say it as they want me to help myself but that's not happening. I understand that this is nothing compared to many of you but I really want someone to listen and understand me as family won't, whenever I say something or give my opinion on something then he will just close his eyes and not hear me as he has already judged me that I'm talking shit.
I know being desperate is bad and letting others know that I'm desperate is even more bad BUT i really am desperate for help, I just might ",2,7,https://www.reddit.com/r/SuicideWatch/comments/8trf9g/my_phone_and_maybe_fap_addiction_has_ruined_my/
dp5ixi,2019-10-30 11:39:24,suicidewatch,My roommate is addicted to drugs and very depressed suddenly he started to tell he is going to suicide this week. How can i HELP him?,"He is my roommate we both study engineering but he has never given any midterms or even go to class. He tells me he is sometimes depressed and stressed. He stays in bed all day listening to suicide boys, and he seems to have no friends here. I encourage him to get up and try to make him go to his class, but he always says no. He said he is going to suicide tomorrow but didn't go into detail. About  a week ago he said he is going to Halloween party(which i think he is just saying to cover his sui",1,2,https://www.reddit.com/r/SuicideWatch/comments/dp5ixi/my_roommate_is_addicted_to_drugs_and_very/
8jxqzp,2018-05-16 19:28:18,suicidewatch,"What can I do to help my suicidal, drug addicted sister?","Title says it all.

My sister was seriously living a great life in high school, surrounded by friends and felt like she had a purpose.

She fumbled after high school and has been going down a dark path since. She didn't get to go to the college she wanted to because of a silly mistake (didn't get her foreign language credits) and ever since, she's found an abusive boyfriend who she can't seem to let go, no matter how bad she knows he is for her. She's become addicted to many substances, although",1,6,https://www.reddit.com/r/SuicideWatch/comments/8jxqzp/what_can_i_do_to_help_my_suicidal_drug_addicted/
1i8ixln,2025-01-24 00:43:28,suicidewatch,There might be hope. But not for me. Suicide is rational.,"I am so tired of living. Nobody can convince me that this shit is worth it. Absolutely everything in my life is a shit show. Even my own girlfrield says that she would have killed herself long ago if she were me. 

I dont even know where to begin. I am almost forty and have never had a higher than barely minimum wage salary. This despite being a phd student with a masters, loads of teaching experience, etc. Yet having spent 10 years studying at university has made me so poor, that there is no ch",88,32,https://www.reddit.com/r/SuicideWatch/comments/1i8ixln/there_might_be_hope_but_not_for_me_suicide_is/
1hnytrs,2024-12-28 05:26:21,suicidewatch,I want to kill myself over my porn addiction (vent),"I've been addicted to porn for years, ever since I was 11-12 due to being able to use the internet freely. It was the possibly the worst thing I've ever done to myself and it's made me want to kill myself. Every time I finish I think about how much I'm letting down my gf and how easy it would be to grab one of my pistols and shoot myself in the head. I think about doing it in that exact way every time but I can't bring myself to do it because of my family and girlfriend. Or maybe I'm just a puss",53,42,https://www.reddit.com/r/SuicideWatch/comments/1hnytrs/i_want_to_kill_myself_over_my_porn_addiction_vent/
r9ip8,2012-03-23 04:13:42,suicidewatch,"I'm fine, but I lost a very good, longtime friend to an addiction (and more directly, an OD) this morning.  Don't let the world get you.  Seek help.  Please.",Ugh.  Just ugh.,18,7,https://www.reddit.com/r/SuicideWatch/comments/r9ip8/im_fine_but_i_lost_a_very_good_longtime_friend_to/
6ahfxa,2017-05-11 02:35:57,suicidewatch,"My little brother is a heroin addict and making suicidal comments, can I do anything to help?","Hi there,

I've posted in r/relationships before regarding my little brother, and they gave me good advice about how I can come to terms with my little brother's heroin addiction and how I have no control over it. But now I am worried in a different way since he is making suicidal comments. He is living in my parents house across the country from me. I have a little sister 16F, also living there..

Here's the post from r/relationships

https://www.reddit.com/r/relationships/comments/5soth0/my_f2",1,1,https://www.reddit.com/r/SuicideWatch/comments/6ahfxa/my_little_brother_is_a_heroin_addict_and_making/
m5tzw,2011-11-09 06:24:27,suicidewatch,"My friend is addicted to air duster and has a bunch of other issues, I need help.","So my friend, whose issues can somewhat be summed up in this post [here](http://www.reddit.com/r/SuicideWatch/comments/ho1rk/rsuicidewatch_i_was_sent_here_for_this_i_need/). However she has recently been calling me on nights where she has been huffing air duster and being very high. She mentions symptoms to me of wanting to vomit, she has hyperventilated numerous times while on the phone with me, and also seems to be talking to things that aren't there. She claims that she doesn't have a problem",3,7,https://www.reddit.com/r/SuicideWatch/comments/m5tzw/my_friend_is_addicted_to_air_duster_and_has_a/
gseo1a,2020-05-28 20:58:04,suicidewatch,I quit.,"I quit. 

I can’t do this anymore. The world has gone to shit. My life is a mess. I can’t keep going anymore. 

I have no career prospects. No skills. No savings. No real home. No hobbies. No friends. There’s nothing to do and nothing to live for anymore in my life. Nothing to plan or to hope for. I’m not going anywhere and I’m sick of pretending that one day, somehow my hard work will pay off, because it never does and it never will. Fuck it all. 

My partner is a fucking nightmare to be with a",613,81,https://www.reddit.com/r/SuicideWatch/comments/gseo1a/i_quit/
1grayy3,2024-11-14 18:03:06,suicidewatch,My Pornography Addiction Has Ruined My Life,"I’ve been a porn addict since I was 11

Hello everyone. I’m writing this because I feel on the edge of ending it all. I feel like my life is so fucked. I’m 25 going on 26 years old, I’m financially struggling, I still live with my parents, all of my friends are progressing in life while I feel in a rut, I’ve never had a real relationship, I feel great difficulty in making new friends because I’m a bum essentially, I have no money to get therapy, and I have a stutter that has remained since child",84,25,https://www.reddit.com/r/SuicideWatch/comments/1grayy3/my_pornography_addiction_has_ruined_my_life/
1ipitr0,2025-02-14 19:32:13,suicidewatch,I feel overwhelmed,"I have cancer, lost my job. My husband still has him and he is sick too.

I feel very overwhelmed some days. Idk if this life is worth living",3,5,https://www.reddit.com/r/SuicideWatch/comments/1ipitr0/i_feel_overwhelmed/
1itrgut,2025-02-20 05:50:34,suicidewatch,Feeling overwhelmed specially at night,"
Last two years, I’ve been struggling with the fact that I am unattractive to women, and it’s been weighing heavily on me. During the day, I can usually distract myself by keeping busy—working, playing video games, or talking with friends. But at night, when everything quiets down, it’s just me and my thoughts, and it becomes unbearable.

At first, I was just sad about it. Then, I started crying occasionally. Now, it’s progressed to the point where I’m having suicidal thoughts, and I even find m",2,4,https://www.reddit.com/r/SuicideWatch/comments/1itrgut/feeling_overwhelmed_specially_at_night/
1jf622q,2025-03-19 19:53:14,suicidewatch,I am overwhelmed by my senses,"I get very overwhelmed easily by my senses, mainly sounds and visuals. I use most of my day practicing piano, which already is loud but bearable, because its music, and I also live at home. My dad is also home a lot and is very loud. He constantly burps and passes gas, which may sound foolish or funny for someone who doesn’t live with it, but it is unbearable to live with I think. His face and stare also sends shivers down my spine and I want to rip my skin off where ever his eyes land on me. I ",2,0,https://www.reddit.com/r/SuicideWatch/comments/1jf622q/i_am_overwhelmed_by_my_senses/
1jeggzn,2025-03-18 21:28:19,suicidewatch,[TW] Everytime i walk across a bridge or go on anything high i have the overwhelming urge to jump,"

I really dont know what to do bc i wanna jump so bad, but i know if i do im gonna make my parents lives rlly bad. But i also wanna make all the friends that made me start cutting feel guilty when my school announces i killed myself. I want ppl to realise that i did so fucking much for them and they never thanked me, or even noticed. Life just fucking sucks and i wanna fie, but i also dont bc i get so hung up on the fact i want kids and a family and stuff. Im literally forcing myself to stay al",1,0,https://www.reddit.com/r/SuicideWatch/comments/1jeggzn/tw_everytime_i_walk_across_a_bridge_or_go_on/
1ir3wij,2025-02-16 22:02:18,suicidewatch,I feel like everything I try to do fails and feeling overwhelmed (venting),"I’m just feeling extremely overwhelmed at the  moment and probably worse than I’ve ever felt (which is an understatement because I am depressed and have been for 8 years now). My issue is that I am actively trying to improve my circumstances and situation however it’s like every time I try a new hurdle or obstacle comes in my way and then I start to think maybe I’m not supposed to be here because I don’t understand why things must always be so difficult. 

So I have recently started a new job be",6,1,https://www.reddit.com/r/SuicideWatch/comments/1ir3wij/i_feel_like_everything_i_try_to_do_fails_and/
1ik6x79,2025-02-07 21:57:23,suicidewatch,Overwhelming urge to kill myself,"I am exhausted even typing this, I don't know where to start. I hadn't had any suicidal thoughts in a few months, but it hit me like a truck last night and I've just had this overwhelming urge to end it all. So much has happened, and I have tried my very best to cope, and be excited and find joy in the little things, but it can only help for so long. It's compulsive at this point. I have to kill myself, it must be done. ",6,3,https://www.reddit.com/r/SuicideWatch/comments/1ik6x79/overwhelming_urge_to_kill_myself/
1ipgi6z,2025-02-14 17:54:30,suicidewatch,I don't want to live anymore because of the overwhelming pain but I don't have the courage to end my life,"I've been diagnosed with major depression disorder, generalised anxiety disorder, and OCD a few years ago. Over the years, I've also had multiple relapses of severe depression despite already taking the highest dosage of anti-depressants. I often struggle to find the will to keep living when I'm just in constant pain (grieve, regret) during these major relapses.

Often, I would fantasise about ending my life to finally free myself from the pain, yet did not find the courage to proceed because of",3,0,https://www.reddit.com/r/SuicideWatch/comments/1ipgi6z/i_dont_want_to_live_anymore_because_of_the/
1hyprtl,2025-01-11 06:17:07,suicidewatch,I feel overwhelmed and can’t tolerate my situation anymore. I need urgent advice and support,"Hi, I’m going through a very difficult time and don’t know where else to turn. A group of people at my college have been making fun of me because of a health condition I can’t control. They made a video about me, calling me names and spreading rumors. Now, whenever people see me, they recognize me and continue to harass me.I’m at home right now and can’t approach my college authorities in person. I’ve tried asking for help from some classmates, but they’re not responding. I don’t have access to ",1,5,https://www.reddit.com/r/SuicideWatch/comments/1hyprtl/i_feel_overwhelmed_and_cant_tolerate_my_situation/
1i190je,2025-01-14 15:48:59,suicidewatch,Single Mom so overwhelmed ,Not much else to say other than I am scared ,3,4,https://www.reddit.com/r/SuicideWatch/comments/1i190je/single_mom_so_overwhelmed/
1irriyt,2025-02-17 18:54:25,suicidewatch,Life is too overwhelming,"I wish I was dead. Life just feels so overwhelming. College assignments, shifts at my part-time job, keeping my place clean... I'm too broken to keep up. Even with ADHD meds daily life is too much for me. I know my boyfriend will be devastated if I do it, but I can't help but dream about drowning myself.",1,0,https://www.reddit.com/r/SuicideWatch/comments/1irriyt/life_is_too_overwhelming/
1hd6m5z,2024-12-13 06:51:14,suicidewatch,Overwhelming violent fantasies,"Ive always found it hard to be happy for others,trying my best to do so. But a while ago it started to turn into pure hatred and envy. Emotions turned into overwhelming fantasies of hurting these happy people. I harm myself excessively to make sure i dont act out on them, watching other graphicly violent videos to cope, but its too much. I dont want to go on like this im not a good person
",2,8,https://www.reddit.com/r/SuicideWatch/comments/1hd6m5z/overwhelming_violent_fantasies/
1h16gl0,2024-11-27 15:09:20,suicidewatch,i think i am a pedophile.,"i feel so disgusted with myself. i’m nauseous and overwhelmed.

i am attracted to my best friend’s 14 year old brother. he just turned 14, i am 19. i’ve known about him, but last week i officially met him, he reminds me of my ex i dated in high school

i got drunk with my best friend and i couldn’t stop telling her brother how handsome he was and played with his hair. i kept asking him if he was comfortable but what the fuck is wrong with me he doesn’t know any better

i want to fucking kill mys",651,224,https://www.reddit.com/r/SuicideWatch/comments/1h16gl0/i_think_i_am_a_pedophile/
1ien04x,2025-01-31 19:27:17,suicidewatch,This life is overwhelming and I’m ready for the next one,"I’m a disappointment to everyone I come in contact with. To my parents, to everyone I date, and to my best friend. I’m a girl who finally fell in love with another girl for the first time a few months ago and I ruined everything because of my mental health. It hurts to be blocked on everything and I wish she would talk to me but because I decided to end my life she blocked me. My best friend is so sad and I feel awful for breaking her heart. As of now I’m just getting everything in order for my ",1,1,https://www.reddit.com/r/SuicideWatch/comments/1ien04x/this_life_is_overwhelming_and_im_ready_for_the/
1ij799p,2025-02-06 16:56:00,suicidewatch,overwhelmed,"ive never done this before, i dont know what else to do or who to talk to. the people around me overwhelm me. it feels like my chest is going to explode. I feel so stupid for the things ive done and i feel like a nuisance to everyone around me. the person i was leaning on most made me feel like I was crazy and now ive backed off and i just don’t even know what to do. ive been struggling to just exist or want to exist. i fight off the daily urge of just kicking my own bucket. it’s getting worse b",3,0,https://www.reddit.com/r/SuicideWatch/comments/1ij799p/overwhelmed/
1hq1btg,2024-12-30 23:55:19,suicidewatch,I am so tired and so tired of being overwhelmed,"I want to start by saying that I have to most amazing life partner that I could never leave alone in this world. I am just so exhausted.

I am autistic and I have really intense emotions in the first place, but after experiencing years of back to back stresses, I am so overwhelmed by everything, that I want to die so I can finally feel peace again.

I can't find any calm in my life right now. I don't have a safe space, I can't even afford my therapist anymore. 

I genuinely feel like I would onl",2,4,https://www.reddit.com/r/SuicideWatch/comments/1hq1btg/i_am_so_tired_and_so_tired_of_being_overwhelmed/
1hry0bk,2025-01-02 16:44:18,suicidewatch,Feeling Overwhelmed by Regret and Loss,"I’ve been struggling for a long time, and it feels like everything in my life has fallen apart. I’m writing here because I don’t know where else to turn, and I hope sharing my story might help me feel less alone.

A big part of what’s weighing on me is how much pressure I’ve faced from people over the years. It wasn’t just one person—most friends and even family have always pushed me in ways that left me feeling overwhelmed. One of the most painful memories I have is from my second year of unive",6,1,https://www.reddit.com/r/SuicideWatch/comments/1hry0bk/feeling_overwhelmed_by_regret_and_loss/
1hrqf7z,2025-01-02 09:58:18,suicidewatch,Overwhelming heartache causing me to sink into the darkness,"It's almost been an year since she has left me and I wanted to spend my life with her and her only. Like almost everyday I get dreams about her and I love her so much but I can't be with her anymore. No matter what i do i can't deal with this pain anymore. So I'm choosing to die. Cuz I would rather die than live without her. 
I will love her forever and that will never change. I will always hate myself for not being good enough for her and i will kill myself b cuz of that.",4,1,https://www.reddit.com/r/SuicideWatch/comments/1hrqf7z/overwhelming_heartache_causing_me_to_sink_into/
1hsfxtc,2025-01-03 06:16:20,suicidewatch,It's becoming consuming and overwhelming.,I don't know how much longer I can prevent myself from truly acting on it and successfully executing the act of suicide.,2,1,https://www.reddit.com/r/SuicideWatch/comments/1hsfxtc/its_becoming_consuming_and_overwhelming/
1hyrdsz,2025-01-11 08:13:11,suicidewatch,Lots of overwhelming suicidal thoughts ,"I am tired of being tired and tired of feeling numb. I feel like I can’t feel any type of emotion these past few days and I’ve had lots of suicidal thoughts this past month or so specifically. Suicide sometimes feels like the only option and it’s hard not to give into it. I fear that when I die, I will die by suicide, I just don’t know when. My impending suicide feels like a ticking time bomb that is bound to happen eventually and inevitably. ",1,0,https://www.reddit.com/r/SuicideWatch/comments/1hyrdsz/lots_of_overwhelming_suicidal_thoughts/
1hkmabr,2024-12-23 12:00:23,suicidewatch,Overwhelmed with guilt,"Tw : gore I guess

Ever sense the beginning of Israels """"campaign"""" in gaza ive been plagued with guilt due to being American and my goverment whole heartly supporting the carnage taking place. And I dont know what to do about it anymore.
 I guess what sent me over the edge was a post basically comparing americans to the german citizins ignoring the holocaust in ww2. And that while people watch movies or play games children are dying because of them. And it?? I dont know kinda broke me. Not that",8,1,https://www.reddit.com/r/SuicideWatch/comments/1hkmabr/overwhelmed_with_guilt/
1hnvoow,2024-12-28 02:29:34,suicidewatch,Feeling really suicidal and anxious why does no one interact with my posts,"I feel like I post in circles like this and I feel Reddit is just messed up for this but you can see the analytics of your posts and it shows how many people look at your post. I’ll see hundreds of people see them but no one interacts that or I get downvoted

I know someone is going to say “welcome to the internet” or I’m too sensitive and whiny

Maybe that’s true. I’m just in a lot of pain and I feel alone and just rejected or misunderstood by a lot of people.

Lol even the internet doesn’t wan",91,63,https://www.reddit.com/r/SuicideWatch/comments/1hnvoow/feeling_really_suicidal_and_anxious_why_does_no/
1idwaha,2025-01-30 20:13:35,suicidewatch,Anxious about suicide,"So, I wanted to ask if it’s normal or if anybody can relate. I have finally made up my mind about killing myself few weeks ago. I’ll do it end of march. No, there isn’t anything that will change my mind. I’ve been through enough shit to know that it isn’t worth it. I can’t do it anymore. 
But still, every time I think about actually doing it I get really anxious. What can I do to deal with that? I’m just scared I’ll fail and end up in a worse situation ",19,14,https://www.reddit.com/r/SuicideWatch/comments/1idwaha/anxious_about_suicide/
byd713,2019-06-08 22:06:58,suicidewatch,"Any body else feel, stressed/anxious /guilty/hopeful /hopeless /scared/sad /suicidal /all in around a 24 hour period give or take?",,580,61,https://www.reddit.com/r/SuicideWatch/comments/byd713/any_body_else_feel_stressedanxious_guiltyhopeful/
1ivsqd8,2025-02-22 20:50:52,suicidewatch,I'm really very anxious rn,My adhd has destroyed my life and I can't it anymore. I'm starting to have a panic attack. I feel like dying. I just want to leave and not experience the anxiety. Everything is so hard. ,3,3,https://www.reddit.com/r/SuicideWatch/comments/1ivsqd8/im_really_very_anxious_rn/
1j63zrh,2025-03-07 23:52:50,suicidewatch,Never felt so anxious,"
I think my medication needs adjusting

I have t1 diabetes but also anxiety and adhd, and feel constantly tired all the time? I am currently on 200mg sertraline and 3mg vraylar. I am experiencing feelings of anxiety still despite being on medication and like I said I have feelings of fatigue too. I know my medication needs adjusting I’m Just not sure which one. I thought I would post here to see if anyone has any ideas. I did send messages to my medical provider too. I hope everyone has a great ",2,1,https://www.reddit.com/r/SuicideWatch/comments/1j63zrh/never_felt_so_anxious/
1jcf2oc,2025-03-16 06:04:54,suicidewatch,I'm anxious,I procrastinate so bad I haven't finished a single task because of my adhd. Now I'm very anxious and feel like ending it all. ,1,0,https://www.reddit.com/r/SuicideWatch/comments/1jcf2oc/im_anxious/
1ja5edm,2025-03-13 06:02:38,suicidewatch,Techniphobia affecting me and I’m really scared and anxious right now,"Anxiety about weird notflication

Help notflications

Hey. I went to sleep in 11:30 PM (23:30) and put my phone on airplane mode. Didn’t pick it up or touch it until 7:22 AM this morning. I swiped the screen and saw I have a gmail notflication under “notflication centre” in 3:25 AM (from aliexpress). I then entered the gmail app and saw I also got an email in 2:26 AM but I had no notflication about this one whatsoever (from steam). Why? I only turned off airplane mode in 7:22 AM when Iwoke up, s",1,0,https://www.reddit.com/r/SuicideWatch/comments/1ja5edm/techniphobia_affecting_me_and_im_really_scared/
1j3zg28,2025-03-05 09:40:22,suicidewatch,BPD and anxious attachment are killing me,"I’m not sure how much more I can take. Medication isn’t working. I have zero support system. My therapy sessions are so spaced out and I have no one to help pull me out of this slump. I’m not saying I want someone else to do all the work. But I am literally drowning. I can’t eat. I can’t sleep enough. My partner gave me a year to fix my brain. And I’m literally having anxiety attacks every day wondering where to start. I’m overloaded, doing everything alone. I’m overwhelmed, with my own emotions",1,0,https://www.reddit.com/r/SuicideWatch/comments/1j3zg28/bpd_and_anxious_attachment_are_killing_me/
1ivhhdn,2025-02-22 12:17:36,suicidewatch,My friend feels anxious around pills,"My online friend who lives approx. 500km away from me has recently been going to appointments with a psychiatrist to find out if she has a mental illness, and so far she has been prescribed some psychiatric medication. I don't know a lot about what specific type of medication it is, my knowledge is really limited, sorry

Anyways she has had a few attempts in the past with pills. As soon as she received the pills she told me that she felt anxious that she was going to do something stupid and that",1,1,https://www.reddit.com/r/SuicideWatch/comments/1ivhhdn/my_friend_feels_anxious_around_pills/
1in3zzw,2025-02-11 17:26:45,suicidewatch,I'm too sad and anxious to do anything,Sad,4,0,https://www.reddit.com/r/SuicideWatch/comments/1in3zzw/im_too_sad_and_anxious_to_do_anything/
1i6xw76,2025-01-22 00:23:42,suicidewatch,I’m so anxious I feel sick,"I’m so tired of living like this. My OCD is so out of hand, and everything hurts. I can’t do anything other than watch youtube and shit. None of my responsibilities. Everything is a crushing weight on my chest. ",4,1,https://www.reddit.com/r/SuicideWatch/comments/1i6xw76/im_so_anxious_i_feel_sick/
1icjuhv,2025-01-29 02:48:09,suicidewatch,I’m going to be anxious and depressed forever.,"I have CPTSD from my upbringing. I can vividly remember being suicidal at 5 years old. I’ve always had severe anxiety, I’ve been depressed for most of my life. I’ve been having serious suicidal thoughts again since July, and every night they’re more and more intense. 

I have plenty of friends and people who care about me. I’m in college and I likely have a good future ahead of me. I just can’t stop thinking about how I’m never going to escape what’s happened to me. I’m never going to escape my ",1,0,https://www.reddit.com/r/SuicideWatch/comments/1icjuhv/im_going_to_be_anxious_and_depressed_forever/
1hpuqad,2024-12-30 19:07:05,suicidewatch,I'm 19 but I get super anxious when I get a job and I end up quitting. ,I feel useless and like a disappointment I can't keep jobs I can barely make it past the first day. I want to kill myself I feel like everyone would be better off without me. My mom just keeps taking more stuff away from me she's saying she's going to take my phone and that just makes me more suicidal because I talk to my friends and stuff on my phone. I told her I'm suicidal and she just says that I have to get over it or she's gonna call 911. Please someone help me I don't know what else to do,3,1,https://www.reddit.com/r/SuicideWatch/comments/1hpuqad/im_19_but_i_get_super_anxious_when_i_get_a_job/
1h3rzlj,2024-12-01 01:36:23,suicidewatch,I’m anxious all the time and I’m sick of it (13f),I have severe anxiety and emetophobia that makes life soooooooo hard. I can’t eat anything without being insanely worried that I’ll throw it up. I can’t go fun places because of agoraphobia. The only thing that distracts me from my anxiety is cutting myself. I’m sick of being scared and I’m sick of having anxiety. If things don’t get better soon I’m going to kill myself.,5,3,https://www.reddit.com/r/SuicideWatch/comments/1h3rzlj/im_anxious_all_the_time_and_im_sick_of_it_13f/
1h7juxo,2024-12-05 21:06:58,suicidewatch,is there anyone i can talk to please im horribly anxious i just want to end it all ,please ,2,1,https://www.reddit.com/r/SuicideWatch/comments/1h7juxo/is_there_anyone_i_can_talk_to_please_im_horribly/
1g8b6jx,2024-10-20 22:42:22,suicidewatch,"I’m closing on my first home on Wednesday. I’m an anxious mess, and am petrified that I won’t succeed at adulting.","I’m one of those “failure to launch” people who have realized that fact. And I’ve forced myself to move out of my parent’s house in an attempt to sink or swim.

I am not completely useless. I have a full-time job that pays me enough to afford a condo on a solo income.

I’ve never looked forward to being completely independent. Additional responsibility, more stress. I’ve never wanted it. Enough where I’ve daydreamed many times about ending my life.

Full-time work, cooking, cleaning. This is no ",3,3,https://www.reddit.com/r/SuicideWatch/comments/1g8b6jx/im_closing_on_my_first_home_on_wednesday_im_an/
1gjofg0,2024-11-04 20:31:54,suicidewatch,Constantly anxious and feeling like shit,"TLDR below

i honestly don't know what to do. my situation is a bit complicated since my dad left me for a month with my adult sister as he's gone for his work.

my birthday was last friday and i genuinely wanted to kms so many times. halloween the day before was fine but before that was difficult as i had to deal with my mom's religious bs over the phone. my mom usually travels with us for work and we used to live in different countries coming back to my home country for the holidays. i was oka",2,0,https://www.reddit.com/r/SuicideWatch/comments/1gjofg0/constantly_anxious_and_feeling_like_shit/
1ga5tet,2024-10-23 08:47:36,suicidewatch,Is anyone here I need to talk please? Im anxious. ,,2,1,https://www.reddit.com/r/SuicideWatch/comments/1ga5tet/is_anyone_here_i_need_to_talk_please_im_anxious/
1fs13vg,2024-09-29 10:11:00,suicidewatch,Anxious,"My anxiety around life has gotten so much worse. I spent the whole day at work thinking about my health and having anxiety attacks over imaginary health scares/procedures. I don’t know what is wrong with me. I am so alone and I have no friends. I spend 24/7 in my head, talking to myself. I psych myself out of breakdowns and mental anguish constantly. I Am repeatedly battling thoughts of pain and discomfort. I am 25 and absolutely terrified of life. I feel like my teeth hurts even though it doesn",1,1,https://www.reddit.com/r/SuicideWatch/comments/1fs13vg/anxious/
1fb30f8,2024-09-07 09:25:33,suicidewatch,I'm honestly tired of people putting me down for being socially anxious/awkward,"They should be the ones contemplating suicide, and not me.",6,0,https://www.reddit.com/r/SuicideWatch/comments/1fb30f8/im_honestly_tired_of_people_putting_me_down_for/
1imdla3,2025-02-10 18:46:22,suicidewatch,The last time I smoked a joint. I had a mental breakdown and had a full psychotic episode that made me believe that I’m a god in a mortal body and that the only way I was going to survive is by killing myself.,This experience has psychologically changed me so much that I barely recognise myself and I can’t seem to function properly. I struggle daily in just doing the bare minimum and I still feel like everyone around me isn’t real. ,0,2,https://www.reddit.com/r/SuicideWatch/comments/1imdla3/the_last_time_i_smoked_a_joint_i_had_a_mental/
1ije3lw,2025-02-06 21:32:34,suicidewatch,Worlds worst Mental breakdown,"Broke down in the car. The whole time I tried to express myself truly and bluntly dad just said that it was the devil. He said that all I needed was God. When he said that I just stopped crying. Nodded along for the rest of the time and now I’m home. I’m going to sleep. I’m definitely killing myself. Before I was undecided but I’m convinced. I asked if he would support me no matter what and he said that yes he would help me to find God always.

I’m going to kill myself. I’m going to slit my thro",2,1,https://www.reddit.com/r/SuicideWatch/comments/1ije3lw/worlds_worst_mental_breakdown/
1i7nwub,2025-01-22 22:27:49,suicidewatch,The ramblings of a mental breakdown,"I wonder if I'll ever get anywhere in life, because right now I'm a fucking piece of glass that can hardly take a small insult from someone I don't know. I start crumbling and I feel like choking when that happens, and the moment I'm alone I fucking break. I cut myself. I cry like a fucking baby. I hate myself. I want to fucking die. All because of a little, tiny, stupid fucking insult or hit to my ego! 

What the fuck am I going to do with myself if I can't stomach this? I'll never make it in t",1,0,https://www.reddit.com/r/SuicideWatch/comments/1i7nwub/the_ramblings_of_a_mental_breakdown/
1hf05zx,2024-12-15 19:26:28,suicidewatch,Mental Breakdown ,I am a young boy presently in college. When I moved  out of my city i noticed a lot of poverty around and small kids living a life full of difficulties. Now I can't concentrate even on my own studies and life and keep consistently thinking about them that why they didn't get those proviliges which other kids get . What's their fault in this .. please help me i am getting mentally exhausted after observing this unequal world....,0,0,https://www.reddit.com/r/SuicideWatch/comments/1hf05zx/mental_breakdown/
1hdgr02,2024-12-13 17:00:44,suicidewatch,I dont see why i wont have another mental breakdown in a week or two and just finally end it,I hate myself so hard im disgusted by my existence,2,0,https://www.reddit.com/r/SuicideWatch/comments/1hdgr02/i_dont_see_why_i_wont_have_another_mental/
1eqwvsz,2024-08-13 02:39:11,suicidewatch,Im having a mental breakdown,"I hate myself.😡. No one wants me. I cant fulfill my sexual lust. Im afraid of std when going to a hooker so that i cant do. I cant talk to woman i get scated anxiety panick attack. Dont know what to do.

Yet we are made to do the deed. How is that😡. If i cant have someone there must be a way to elimante the lust.

Im not gonna care anymore just a medicine that doesnt make me think of sex i would drink it right now.

",1,6,https://www.reddit.com/r/SuicideWatch/comments/1eqwvsz/im_having_a_mental_breakdown/
1dytfsh,2024-07-09 04:22:23,suicidewatch,having a mental breakdown,"it feels like my anxiety attack is turning into an entire breakdown and i can’t breathe or think or anything. i feel like i need to go to the hospital but i’m in nursing and i don’t want a nervous breakdown to be in my health chart forever, especially bc an attempt from a couple years ago is already there. but i don’t know what to do with myself right now. i want to relapse so so bad rn and just see how deep i can go and see how many pills i can take i feel like im going crazy. part of me wants ",3,6,https://www.reddit.com/r/SuicideWatch/comments/1dytfsh/having_a_mental_breakdown/
1f7schr,2024-09-03 05:37:26,suicidewatch,Mental breakdown,I had a mental breakdown in my sorority house where I live the other night. Found out my boyfriend did not love and that my dog died. My meds mixed with alcohol in a really bad way. Idk how to come back from it. I miss my ex so much he was everything to me and I literally mean nothing to him. ,2,3,https://www.reddit.com/r/SuicideWatch/comments/1f7schr/mental_breakdown/
1ew4xks,2024-08-19 15:37:32,suicidewatch,Health Problems after Mental breakdown ,"Has anyone developed a form of hypochondria, or several health issues after a suicide attempt/mental breakdown? I (25) was a long time drug addict (prescription abuse for around 8 years) then in July had a breakdown that caused a 72 hour hold. Physically I have been told I'm healthy according to the doctors who have seen me. But ever since my mental breakdown I've been diagnosed with bipolar 2, PTSD, depression, and anxiety. I've never experienced anything like this before and it's come with sev",2,2,https://www.reddit.com/r/SuicideWatch/comments/1ew4xks/health_problems_after_mental_breakdown/
1e3m84y,2024-07-15 04:44:04,suicidewatch,I’m on the verge of a mental breakdown ,I don’t know what to do. I have all the tools to end my life or hurt myself really badly. I am in crisis and I just want the pain to stop. All the bad thoughts telling me to end my life and the urge to make myself bleed is too much. I don’t want to go back to the psych ward. If I tell anyone how I feel I’ll be hospitalized and I just can’t go thru that. The one person I look to for support can’t come see me right now and I’m struggling to keep myself safe. I really just want to die right now… ,1,1,https://www.reddit.com/r/SuicideWatch/comments/1e3m84y/im_on_the_verge_of_a_mental_breakdown/
1b9c6qa,2024-03-08 02:08:49,suicidewatch,I saw some of my bullies’ faces today and I’ve been having a mental breakdown since then (+6h),"Because some random idiot added me in a group chat with them. 


I know some people think I’m weak, too sensitive and that “these people are just internet people” and I’m playing victim or whatever
But these people weren’t there when I was bullied. Even 3 years later I’m still in my bed crying, I act like everything is alright I keep telling myself they were bad people with miserable lives and that’s why they did what they did but I still can’t fully move on. 

I experienced something horrible b",5,2,https://www.reddit.com/r/SuicideWatch/comments/1b9c6qa/i_saw_some_of_my_bullies_faces_today_and_ive_been/
196wjzm,2024-01-15 01:40:55,suicidewatch,I had a mental breakdown today,"(M18) as the title says I had a really bad breakdown today and at two points I tried to strangle myself I did it with the intent to kill my self but just before passing out I stopped . 

Then I started self harming again cutting my self and then holding a knife at my throat and even imitating a slicing my throat with it and holding it rihjt up against my throat for a while 

I hate myself , i feel like a burden on my entire family , I’m the oldest of 3 sibling so my parents and brothers all look",7,2,https://www.reddit.com/r/SuicideWatch/comments/196wjzm/i_had_a_mental_breakdown_today/
1ac6a82,2024-01-27 08:30:05,suicidewatch,my friend dropped me because she couldn’t handle my mental breakdowns so now i’m mentally breaking down MORE,"to clarify, it was ONE mental breakdown and also i’ve helped HER through one a few years ago but she said that she doesn’t want to deal with it anymore and she wants all her frienships surface level. and i’m worried abt what the rest of my friend group might think because they’re not very good at dealing with that stuff, because one of our ex friends was suicidal and they were really inconsiderable abt it and basically implied that they were better off killing themselves. and while yes, that fri",2,1,https://www.reddit.com/r/SuicideWatch/comments/1ac6a82/my_friend_dropped_me_because_she_couldnt_handle/
1ajat0o,2024-02-05 07:21:09,suicidewatch,Mental breakdowns anyone? Accidental poem...,"I know I make jokes. I know I seem like I'm fine. But I'm not. My life is so fucking stupidly stressful. I just cant anymore. every time i think im gonna be alright, every time i feel secure, my whole world comes crashing down. i hate my life. Thats not a joke. Im not trying to be funny, im serious. it feels like nobody gives a shit about me. I feel like life is just some shitty game that im being forced to play... i am looking forward to the end. for once, i can say that, i am not afraid of the",2,0,https://www.reddit.com/r/SuicideWatch/comments/1ajat0o/mental_breakdowns_anyone_accidental_poem/
18xgzok,2024-01-03 11:11:55,suicidewatch,How borrowing money from loan apps have ruined my mental state leading to constant breakdowns,"tldr : a weirdly worded - grammatically errorful very long post about an UPSC govt. exam aspirant struck in a loan trap and on the verge of self harm (the currency is in Indian rupees) 

This is my first reddit post ever. Just wanted to share my excruciating experience with loan apps. Setting foot into 2024 I just realized how unbearingly hard life is going to be for me this year. Born and brought up in a small village nestled away in the Western Ghats life has always been difficult for me. With",1,0,https://www.reddit.com/r/SuicideWatch/comments/18xgzok/how_borrowing_money_from_loan_apps_have_ruined_my/
178c1or,2023-10-15 09:52:09,suicidewatch,How would you desrcibe a mental breakdown to a normal person?,,2,3,https://www.reddit.com/r/SuicideWatch/comments/178c1or/how_would_you_desrcibe_a_mental_breakdown_to_a/
13lmanb,2023-05-19 05:42:19,suicidewatch,I'm afraid my girlfriend will kill herself or have a mental breakdown and become homeless once I kill myself,"How do I prevent that from happening? We really love each other and she really relies on me to not completely go insane to begin with. She has a brain injury and her life is already difficult as it is. She's on a ton of meds for anxiety. She's gonna absolutely lose it when she finds out I killed myself. That's the reason I haven't done it yet. But I gotta go, I can't deal with life anymore. I'm sick of withdrawing from opiates constantly, I just wanna be gone. I got trapped in the opiate cycle a",2,8,https://www.reddit.com/r/SuicideWatch/comments/13lmanb/im_afraid_my_girlfriend_will_kill_herself_or_have/
17adobr,2023-10-18 00:45:15,suicidewatch,I'm on the verge of a mental breakdown.,"Hi !

&#x200B;

I know that I've made a lot of posts about myself in the last couple of months, but life's hard.

Yesterday after spending almost 20 hours at work, I asked my superior for a day off, since I'm struggling financially. I told him that I can not get to work today because I have no money, and because of that electricity was cut off at my mothers house (I take care of my mother and sister), and that I have to be there to work something out. He agreed, I've sent my day off card and eve",2,0,https://www.reddit.com/r/SuicideWatch/comments/17adobr/im_on_the_verge_of_a_mental_breakdown/
16bf8kx,2023-09-06 09:06:25,suicidewatch,"i can't stay a day without experiencing a mental breakdown, extreme anxiety and paranoia made my life a living hell, why should i keep on living?",,1,2,https://www.reddit.com/r/SuicideWatch/comments/16bf8kx/i_cant_stay_a_day_without_experiencing_a_mental/
15u0nt8,2023-08-17 21:39:17,suicidewatch,how to ask to be hospitalized during mental breakdown,"I'm still a minor and I'm going through the worst time of my life to this day. i have my suicide all planned out but I'm so scared of trying it and failing. i figured talking to my parents would be the best option but I don't know how to do it and I don't know how to ask for help. they're pretty conservative, so i think they'll probably just say ""it'll pass"" and do nothing about it. i need to escape from reality a bit because I've lost all my sanity!1!!11!1!!!!!!! I can't do this anymore and I d",2,2,https://www.reddit.com/r/SuicideWatch/comments/15u0nt8/how_to_ask_to_be_hospitalized_during_mental/
own79d,2021-08-02 20:33:09,suicidewatch,Get support for yourself or other people,"If you’d like to talk to someone, confidential mental health support is free and available 24/7.

**Inside the U.S.**

* Crisis Text Line: Text CHAT to 741741
* Suicide & Crisis Lifeline: Call or text 988

**If you’re outside the U.S.**

* [Find resources in your location](https://www.reddithelp.com/hc/en-us/articles/360058756471-What-are-support-resources-available-to-people-outside-the-U-S-)

**If you’re not ready to talk to someone yet:**

* [How to help yourself when you’re feeling suicidal]",301,2,https://www.reddit.com/r/u_RedditCareResources/comments/own79d/get_support_for_yourself_or_other_people/
180qlqa,2023-11-21 20:30:02,suicidewatch,Is self-harm immature as an adult ?,"I'm 28F and I harmed ms again two days ago. A psychiatrist told me once that I shouldn't do it because ""I'm not 18 anymore"". I feel ashamed, I'm so embarrassed.

Edit : thank you for all your responses 🌹 I forgot to mention that she's not my psychiatrist anymore. Nevertheless words like those stuck in my mind when I feel depressed...",212,62,https://www.reddit.com/r/SuicideWatch/comments/180qlqa/is_selfharm_immature_as_an_adult/
1iococ3,2025-02-13 06:08:51,suicidewatch,Self harm…,"I do surgeries for work. Sometimes I bring home scalpels that are wasted. I use them to cut my arms and legs. I also slap, punch, hammer, and burn myself when no one is looking. The wound hurts so much, but it satisfies me for some reason.

Why do depressed people hurt themselves? What’s the mindset behind it?",2,11,https://www.reddit.com/r/SuicideWatch/comments/1iococ3/self_harm/
1jfl5i2,2025-03-20 09:43:53,suicidewatch,How do I keep my friend from doing self-harm?,"i've tried so so many times to prevent her from doing this, but she just won't, she gets mad sometimes, and her first instinct is to cut herself with a blade. no matter how much i've comforted her, she refuses to stop

",2,4,https://www.reddit.com/r/SuicideWatch/comments/1jfl5i2/how_do_i_keep_my_friend_from_doing_selfharm/
1jcewxx,2025-03-16 05:53:56,suicidewatch,four months free of self-harm and i really wanna start again but deeper,i'm scared because my parents will be upset if they see i have done it again. so if i do then i will try to cut as deep as possible so that i can actually bleed out,2,3,https://www.reddit.com/r/SuicideWatch/comments/1jcewxx/four_months_free_of_selfharm_and_i_really_wanna/
1jbcu9k,2025-03-14 20:01:14,suicidewatch,is hitting my head with my hands and punching my body self harm,"i do it when i get angey nd frustrated and its usually followed by my tears. ive been having a breakdown for hours now and ive noticed that when i fall into a pattern of self blame i catch my hands going up snd getting ready to punch my head hard. 

ive been having both active and passive suicidal ideation and its fortunate that im very afraid of blood. how do i save myself? i dont have money for therapy. im just a student whos living on a dorm away from their family. ",2,3,https://www.reddit.com/r/SuicideWatch/comments/1jbcu9k/is_hitting_my_head_with_my_hands_and_punching_my/
1jkv00a,2025-03-27 03:38:10,suicidewatch,Self harm,I wanna cut myself. Thinking of ending it. My birthday April 2nd I’ll do it. Start planning now I guess. This pain is just too much. I’m nothing and have no one. Do the world a favour. I’m sorry T. I thought I could hang on but I can’t. I’m done. Please be happy. You seem to be. I love you. ,3,1,https://www.reddit.com/r/SuicideWatch/comments/1jkv00a/self_harm/
1jkicva,2025-03-26 18:07:10,suicidewatch,self harm and maybe suicide??,">!i want to disappear. ive tried honestly. i tried to OD and i tried running away but they found me in like 6 hours. ive been thinking of slitting my wrists but im scared if it doesnt work properly and its just a sting. i just wanna bleed but not die.!<  
>!today i tried doing it in the school bathroom but i just cant do it. I have it against my skin but i cant do it.​!<  
>!ive been feeling like this because i just feel so ugly and worthless but i dont want to ask for help because what can they",1,1,https://www.reddit.com/r/SuicideWatch/comments/1jkicva/self_harm_and_maybe_suicide/
1j6bqmn,2025-03-08 07:10:34,suicidewatch,I cant do it anymore  (TW: Self harm),"I cant fucking take this i hate feeling shitty out of no where. i hate being bipolar, i hate it i hate everything i fucking hate everyone. I cant even scream or cry because my sister sleeps in my fucking room. I had to evacuate to my bathroom to cut and then skidaddle back. I genuinely dont want to do this. I dont want to be here. I want to overdose. I will fucking overdose. And i was JUST telling my best friend not to. All of this is stressing me out. Im so fucking stressed out and done with al",4,3,https://www.reddit.com/r/SuicideWatch/comments/1j6bqmn/i_cant_do_it_anymore_tw_self_harm/
1jcblxl,2025-03-16 02:30:21,suicidewatch,I self harmed for the first time in a while,I broke my clean streak. I had an episode where I didn’t feel in control and I nearly tried to OD. Help doesn’t actually help. ,2,2,https://www.reddit.com/r/SuicideWatch/comments/1jcblxl/i_self_harmed_for_the_first_time_in_a_while/
1j6v8p0,2025-03-09 00:27:37,suicidewatch,I self harmed for the first time in about five years.,"Hi all, I hit rock bottom today.  
A few months ago my girlfriend left me. I recently moved to across the country for university and have been struggling since I arrived. I have struggled with some pretty intense mental health issues my entire life (bad childhood) and I have completely lost my sense of identity.  
I am very very lonely. I have nobody near me that I can talk too about anything, and any people that I care about are so far away and too busy for me. I have been struggling to make fr",1,3,https://www.reddit.com/r/SuicideWatch/comments/1j6v8p0/i_self_harmed_for_the_first_time_in_about_five/
1jbflqb,2025-03-14 22:00:40,suicidewatch,S**cide/Self-Harm,"Hi, I wanted to ask those people who do self harm and have s**uicidal thoughts. What are your line of thoughts when you're hurting yourself? Or the purpose of hurting yourself? 
When you're on the edge and getting close to deciding to take your own life, what's most probably triggered you that much that made you think on doing that? 

I just want to get ideas other than my own experiences because we all have different past and struggles. 

Lots of love! ",2,2,https://www.reddit.com/r/SuicideWatch/comments/1jbflqb/scideselfharm/
1jffkvd,2025-03-20 03:12:27,suicidewatch,self harmed for the first time in 1.5 yrs,"I cut myself up for the first time in awhile, my previous scars were fading but i guess i fucked that up now. Im disgusted with myself but it does feel relieving to experience more physical pain than mental pain. I wish i could take myself out fully and end all my pain. I hate myself and im not able to change that so i know im just a waste of oxygen",4,1,https://www.reddit.com/r/SuicideWatch/comments/1jffkvd/self_harmed_for_the_first_time_in_15_yrs/
1jigwy7,2025-03-24 02:47:55,suicidewatch,Self harming after a year of being clean,"Therapy appointment tomorrow and not sure to go or disclose SH and SI. She told me I could trust her with those thoughts.... but I always fear hospitalization. I just can't stop SHing and in the past that lead to attempts. It's a downward slope for me. I'm so lost.

I should be happy. I have an amazing fiancé. Supportive. In love. 

I have Bipolar disorder with psychotic features and everything is just too loud for me. I live in a constant state of over stimulation and it's too much. The only wa",2,0,https://www.reddit.com/r/SuicideWatch/comments/1jigwy7/self_harming_after_a_year_of_being_clean/
1jiglch,2025-03-24 02:30:24,suicidewatch,i self harmed and don't know how to keep it hidden,"I self harmed for the first time since early high school. I've been very depressed lately and thought it was a solution. I have since talked to both my psychiatrist and my therapist. This is not what I need advice for.

I have a boyfriend. We have sex almost every day. We sleep together naked. I have no idea what to do. I've been using Neosporin and wrapping it. I did it about three days ago, so it still has a few days/a week in the healing process. Every time we cuddle I get so nervous when his",2,0,https://www.reddit.com/r/SuicideWatch/comments/1jiglch/i_self_harmed_and_dont_know_how_to_keep_it_hidden/
1j70cgb,2025-03-09 05:10:22,suicidewatch,Self Harm,When is it okay to no longer cover up your recent self harm? When it's scars / fully healed? ,1,2,https://www.reddit.com/r/SuicideWatch/comments/1j70cgb/self_harm/
1jh16lq,2025-03-22 05:12:00,suicidewatch,Two days ago I self harmed with the intention of ending my life later that night,"I have been having a terrible past few weeks. I'm severely depressed and find that things just keep getting worse and worse. I'm not behind on bills, but I absolutely never have any money at all because things keep popping up.

Cat needs vet visit, $250. I had to pay $130 to the IRS for tax day this year. I've been so depressed I was hardly going to work for two weeks, used all of my PTO, and felt like garbage. I went to the pharmacy to pick up medicine to make me feel better, guess what? 

My c",1,0,https://www.reddit.com/r/SuicideWatch/comments/1jh16lq/two_days_ago_i_self_harmed_with_the_intention_of/
1jfym8b,2025-03-20 20:23:24,suicidewatch,Self harm isn’t enough I’m such a shit person,"I ruined all my relationships with toxic behaviour, they never knew me anyway I’ve been sh everyday for the past week it’s not enough I just want to end it , all I got is a therapist who I see once a week and help lines ",1,0,https://www.reddit.com/r/SuicideWatch/comments/1jfym8b/self_harm_isnt_enough_im_such_a_shit_person/
10d106c,2023-01-16 01:16:18,suicidewatch,Is it possible to be suicidal while never doing self-harm?,,186,55,https://www.reddit.com/r/SuicideWatch/comments/10d106c/is_it_possible_to_be_suicidal_while_never_doing/
1i8pduu,2025-01-24 06:37:20,suicidewatch,self harm for relief? without calling 911,"hi, i'm 23F

i was just in the ER for self harm (paracetamol overdose) and then i spent 3 days in a psych ward

i am planning on doing it again. i plan to take atleast 15g of paracetamol just to make myself throw up and sick.

i just want the relief that it brings. but this time, i am not calling 911 or telling anyone what i am doing. because the overdose doesn't actually put me in danger. my liver was fine, i just ended up throwing up painfully which is what i want.

when i was in the ER one of",6,6,https://www.reddit.com/r/SuicideWatch/comments/1i8pduu/self_harm_for_relief_without_calling_911/
1j6m9s2,2025-03-08 17:35:09,suicidewatch,i'm so lonely.,"i'm 21. zero friends. i spend all my time at home. i'm scared of leaving the house. i'm terrified for my future. but i just feel so fucking alone. i try to make friends online, but it's so hard to find people i have things in common with, and even then, i have no idea how to keep conversations going. the only people who want to talk to me are horny men and i feel so alone in this world.

i think people take even average casual friendships for granted.",86,39,https://www.reddit.com/r/SuicideWatch/comments/1j6m9s2/im_so_lonely/
htuag8,2020-07-19 03:59:01,suicidewatch,Being lonely IS enough to kill you,"If fucking sugar gliders can die from loneliness, if a rodent has a range of emotions large enough to feel that, so can I. 

Im not just being emo. Im not a teenager anymore, so it can’t be just hormones. 

Im trying so hard, I really am. I’m taking meds, I exercise, I stand in the sun, I take care of my appearance and responsibilities. 

The only thing left is that I’m alone. I used to not notice, I used to be numb because I didn’t know what it was like to have friends. But I’ve gotten a taste,",742,100,https://www.reddit.com/r/SuicideWatch/comments/htuag8/being_lonely_is_enough_to_kill_you/
1i94112,2025-01-24 19:41:25,suicidewatch,"Pregnant, lonely, and no will to live","I(28f) think having this baby was a mistake. This is my 3rd baby. My husband(29m) didn't even want another baby but I pushed him into it. Now I'm having to retest for gestational diabetes, I have placenta problems, and early signs of pre-eclampsia. I thought I was gonna have more support than this, but he just gave up. Quit his job almost 5 months ago, and just plays games all day. We are struggling for food and diapers and things to prep for baby. I'm thinking I should just kill myself while I'",18,33,https://www.reddit.com/r/SuicideWatch/comments/1i94112/pregnant_lonely_and_no_will_to_live/
1ieklj4,2025-01-31 17:47:58,suicidewatch,I feel so lonely and unwanted,"I'm  24 yrs old, never held hands with anyone, never got hugged , never kissed, i just want pure love, I'm  an hopless Romantic and i need true love without drama and fighting just peace and happiness , I'm  extremely  introverted  and socially anxious and with severe depression  and ADHD, maybe I'm  wanted  maybe i wasn't  mean for this world, maybe i was meant  to die alone and depressed  ",5,31,https://www.reddit.com/r/SuicideWatch/comments/1ieklj4/i_feel_so_lonely_and_unwanted/
1jdujkl,2025-03-18 02:13:01,suicidewatch,I'm Lonely and Miserable and Current Affairs Make Me Want to Die,Lonely af. Literally one friend at this point. Everything is shitty and people are awful. I want to fucking die is all.,17,8,https://www.reddit.com/r/SuicideWatch/comments/1jdujkl/im_lonely_and_miserable_and_current_affairs_make/
1h99ta9,2024-12-08 03:29:36,suicidewatch,i’m so lonely. maybe if i killed myself people would finally give a shit,title. i just want them all to feel bad for not listening to me,48,19,https://www.reddit.com/r/SuicideWatch/comments/1h99ta9/im_so_lonely_maybe_if_i_killed_myself_people/
1iw54y5,2025-02-23 07:57:35,suicidewatch,Realised how lonely I am without her,"My close and only friend of 9 years (were both 28) has gotten herself a new relationship. But I've come to terms that I wanted us to try again after breaking up years ago. We've talked almost every single day. I was her only strong connection outside family. But she worked on her business, her animals, her hobbies. I meanwhile was stuck in a retail job , burnt out and constantly in a cycle of wanting to improve health, improve depression and anxiety, find friends and wanting to enjoy things agai",4,12,https://www.reddit.com/r/SuicideWatch/comments/1iw54y5/realised_how_lonely_i_am_without_her/
1jig3v6,2025-03-24 02:04:40,suicidewatch,Lonely,I'll ended it all soon but I need someone I can talk to for a while I don't want to talk about the usual nonsense about life and hope I just want to find someone with the same level of despair,2,7,https://www.reddit.com/r/SuicideWatch/comments/1jig3v6/lonely/
o4a2wy,2021-06-20 17:03:53,suicidewatch,"It’s Father’s Day and I’m 23 and a single dad and I feel so lonely and sad, I don’t feel happy I don’t know why , I wish I wasn’t alive right now and some how died of a accident, I really wish I had some affection by someone who loves me too,","I woke up feeling so sad and now I can’t stop crying , my dad took my son while I shower and etc but I’m so upset and I wish I wasn’t alive , I hate my self so bad I’m so lonely and sad, I really wish I had affection",655,43,https://www.reddit.com/r/SuicideWatch/comments/o4a2wy/its_fathers_day_and_im_23_and_a_single_dad_and_i/
1hz7b3y,2025-01-11 22:10:59,suicidewatch,No one tells you how lonely it is after surviving an attempt,"Sorry if this is kind of unorganised or messy. I’m (14f) looking back at my timetable as I type this since everything is already blurry. That morning felt like weeks ago already though it’s been under two days. Also I’m really sorry if I refer to anything as “today” even though it was yesterday. I’m too out of it to proof read it and even if I did I can barely focus on reading words.

I woke up in time for school on Friday, collected everything I hoarded to take, wrote a short note, went to a co",25,13,https://www.reddit.com/r/SuicideWatch/comments/1hz7b3y/no_one_tells_you_how_lonely_it_is_after_surviving/
1jc6k0x,2025-03-15 22:14:02,suicidewatch,I'm 28(m) never been in a relationship before or even desired. I'm short and ugly. I'm extremely romantically lonely. It's hard to keep going :(.,"I really don't care for much of anything else.

Life is just so pointless and sad and lonely for me. Romantically lonely. Without love in my life the world just feels so empty to me.

I feel void in my heart and I don't care about work anymore, or making money. I just want a women to love me and find me desirable. I want someone to share this life with and experience it with.",7,4,https://www.reddit.com/r/SuicideWatch/comments/1jc6k0x/im_28m_never_been_in_a_relationship_before_or/
1irzo53,2025-02-18 00:32:58,suicidewatch,Mental illness is so lonely,"I feel like after a certain point no one ever takes you seriously ever again. Like everyone thinks I’m crazy. And maybe I am but I just wish someone would just treat me like a person. Everyone avoids me. I’m not horrible to anyone just after a while of being mentally ill everyone starts to avoid you. Like people think that it’ll just last a few weeks and then it’ll be gone but for me I’m just fucked up. I’ve been this way for years. 

I’m embarrassed to see people I know it public because they c",39,4,https://www.reddit.com/r/SuicideWatch/comments/1irzo53/mental_illness_is_so_lonely/
1jdcyc0,2025-03-17 13:43:45,suicidewatch,im so lonely,"(m14) i have plently of friends okay, but none of them ever ineract with me. i feel like im just there to watch them get along. theyre all intrested in the same things, video games sports and stuff, and i feel like i should too, im a teenage boy afterall, but really im not interested at all in any of it, im intrested in meteorolog (specifically tornadoes) and figure skating, like man im such a fucking sissy. not to be rude or anything i just dont know how else to explain it. sometimes i get this",1,4,https://www.reddit.com/r/SuicideWatch/comments/1jdcyc0/im_so_lonely/
mit5oz,2021-04-02 20:42:23,suicidewatch,Lonely,"I am not exaggerating when I say I’ve isolated myself to the point of not having friends. I had my few and I was the one who always always always reached out first. I can’t describe how lonely it is to not have anyone ever reach out to you first. Or ever. Despite my constant reaching out to them first. 

I’m only alive because I have two kids who would be devastated. But I can’t even stand being around them as I am so depressed. 

I really need friends and connection",414,65,https://www.reddit.com/r/SuicideWatch/comments/mit5oz/lonely/
1jkg4k4,2025-03-26 16:37:12,suicidewatch,I just don't want to be lonely anymore,"I have been alone for so long, I'm so isolated. I live in a small town and I have one friend who I barely speak to. I do online school so I barely see people other than my family. I'm 14 now and I haven't gone to real school for 2 years almost and even when I did go everyone just seemed to avoid me like I was a freak. I really don't get it?? Why? I'm autistic and I know that but I don't think I'm a freak. I just want friends and I don't know what to do anymore, I've felt this way for as long as ",6,1,https://www.reddit.com/r/SuicideWatch/comments/1jkg4k4/i_just_dont_want_to_be_lonely_anymore/
1jjxx4o,2025-03-25 23:37:17,suicidewatch,I am so lonely,"I've struggled with mental health for 5 years now and not a day has gone by where I haven't wanted to kill myself.I have no friends,no one checks up on me to see how I am even though I'm always checking up on others.Some days I feel so alone I cry.None of the girls I've been inlove with liked me back,i am still a virgin.There is something fundamentally wrong with me and I wish the pain would just end.Everyone I love leaves,I am a mere memory of the bright boy I once was.I have no purpose and fee",3,1,https://www.reddit.com/r/SuicideWatch/comments/1jjxx4o/i_am_so_lonely/
1j2js1i,2025-03-03 14:24:22,suicidewatch,Extremely lonely and tired,I don't want more pain,13,3,https://www.reddit.com/r/SuicideWatch/comments/1j2js1i/extremely_lonely_and_tired/
1jc549q,2025-03-15 21:03:08,suicidewatch,I'm so lonely.,"Hello everyone.

Towards the end of January my fiancee left me. Out of the blue. She was calling me the love of her life, best friend, favorite person in the world days before she left.

I have managed to make three friends in the 15 years since I moved up North to be with my ex wife. She stopped me seeing my dogs. 

Now my fiancee just upped and left because of an argument about nothing. Says prior she was giddy with excitement about planning our wedding. She has just gone about her life as if ",5,2,https://www.reddit.com/r/SuicideWatch/comments/1jc549q/im_so_lonely/
1b5341k,2024-03-03 00:11:48,suicidewatch,Lonely on my 23rd birthday,"Hey, guys. I am yet again alone on my birthday. I have gotten three happy birthdays but they didn't feel like anything. No one asked to go out, eat cake & ice cream or nothing. I don't even have the money atm to do it myself. Today has been bored, dull, grey and lifeless like every other day. But it's always worse on your birthday. Your birthday, to me, is a day you're supposed to feel special, at least more than the rest of days. You're supposed to receive love, and people caring and showing th",66,42,https://www.reddit.com/r/SuicideWatch/comments/1b5341k/lonely_on_my_23rd_birthday/
1hgnx65,2024-12-17 23:24:57,suicidewatch,i am so fucking lonely,i isolate myself from everyone and find comfort in solitude but sometimes it gets to a point where i just want to be held so bad. i want to be wanted. i want to be needed. i want my absence to be noticed.,49,9,https://www.reddit.com/r/SuicideWatch/comments/1hgnx65/i_am_so_fucking_lonely/
q8g9nt,2021-10-15 04:04:41,suicidewatch,"one hour after I tried to kill myself I had a panic attack. my mom told me to stop because ""I caused enough of a scene today"". I dunno, I just never really forgot about that.",I feel empty,557,69,https://www.reddit.com/r/SuicideWatch/comments/q8g9nt/one_hour_after_i_tried_to_kill_myself_i_had_a/
1i6uhhf,2025-01-21 21:54:49,suicidewatch,"I killed my dad, and I'm not sure how I'm supposed to live anymore","A bit of warning before anyone starts commenting on this. I'll likely not be responding a lot as it's taking a lot out of me just to start writing this, but I'll probably be reading most comments. 

A month before my 20th birthday my dad got scammed out of a lot of money on a dating website, it made him extremely pissed off and he attacked me with a knife on his way to get a shotgun. I managed to wrestle him to the ground and get the knife off of him without being stabbed, but I wasn't able to k",1399,149,https://www.reddit.com/r/SuicideWatch/comments/1i6uhhf/i_killed_my_dad_and_im_not_sure_how_im_supposed/
1ilo0k7,2025-02-09 20:15:41,suicidewatch,Panic attacks.,"Going to make it short I have severe depression and anxiety, I'm at work at Goodwill during weekends. I just want to know if anyone constantly feels like this world goes too fast for them. And people seem to bring this energy that you don't have to be perfect and no one is, yet in contradicting expectations especially as a parent or in work expects perfection. I just feel this way all my life and mostly everyday, the feeling hits while on work shifts at any job, I'm 39 and a mom, I just feel lik",4,3,https://www.reddit.com/r/SuicideWatch/comments/1ilo0k7/panic_attacks/
1h4p2he,2024-12-02 06:49:27,suicidewatch,I couldnt take meds and now im having a panic attack help,I got sick and kept vomiting yesterday so I couldnt take my anxiety meds at night and now I woke up super stressed. I already have health anxiety and hate vomiting so its really hard for me. Im scared to take meds bc i dont want to feel sick again. It has been 7 hours since i last felt nauseus,1,9,https://www.reddit.com/r/SuicideWatch/comments/1h4p2he/i_couldnt_take_meds_and_now_im_having_a_panic/
1ingrx9,2025-02-12 02:40:24,suicidewatch,I’ve been constantly on the verge of a panic attack for three weeks straight,"I just want it to end. I wanna be ok, but I can’t even remember the last time I was ok",1,0,https://www.reddit.com/r/SuicideWatch/comments/1ingrx9/ive_been_constantly_on_the_verge_of_a_panic/
1fvuhe7,2024-10-04 08:41:30,suicidewatch,I made a horrible irreversible mistake. Panic attack at 3:40 am now ,"I can’t even begin to describe what happened. All I know is I’m sitting I’m alone in bed wishing I hadn’t made those idiotic mistakes and there was some way to reverse them, but there isn’t

Now I’m awake in the middle of the night having a panic attack. And I have no one to talk to—so I’m here.

This will never end. Help me
",2,4,https://www.reddit.com/r/SuicideWatch/comments/1fvuhe7/i_made_a_horrible_irreversible_mistake_panic/
1g75qky,2024-10-19 10:09:48,suicidewatch,How do I stop a really bad panic attack omg help ,,2,2,https://www.reddit.com/r/SuicideWatch/comments/1g75qky/how_do_i_stop_a_really_bad_panic_attack_omg_help/
1fyrzo4,2024-10-08 04:51:19,suicidewatch,How do I be happy for my friends when I am fighting anxiety and panic attacks everyday.,,2,1,https://www.reddit.com/r/SuicideWatch/comments/1fyrzo4/how_do_i_be_happy_for_my_friends_when_i_am/
1g7w7xg,2024-10-20 11:04:28,suicidewatch,"Body dysmorphia panic attacks, its killing me","does anyone else get panic attacks over small change like cutting 1 inch of hair or 1 kg body weight or hours staring into face & body finding smallest change that isnt even that visible. im not sure if its called panic attack but i suddenly freeze, cant breathe, cant move, heart hurts, feel guilt & i shake a lot then the tears all come out like waterfall. I try to distract myself but i end up taking pics of it for hours trying to see it normal & keep thinking abt it for the next 3 days to a wee",0,0,https://www.reddit.com/r/SuicideWatch/comments/1g7w7xg/body_dysmorphia_panic_attacks_its_killing_me/
173vmjt,2023-10-09 16:07:41,suicidewatch,having a panic attack at work,"i hate working. i hate being alive. i am not equipped to survive. my teeth are chattering as if i was out in the cold. i cannot see a way out. there are no options left. i have done everything i can. fuck your hotlines, fuck your doctors, fuck your journaling, fuck your faith, fuck your joy, and fuck you. i hate you.",51,24,https://www.reddit.com/r/SuicideWatch/comments/173vmjt/having_a_panic_attack_at_work/
1e2wac4,2024-07-14 07:20:22,suicidewatch,Is there such a thing as a panic attack but for sadness,I’m not talking about just a depressive episode. I mean it comes on suddenly and leaves you with horrible gut wrecking sobbing sadness and mellows out after taking its course. Is there a name for that?,14,6,https://www.reddit.com/r/SuicideWatch/comments/1e2wac4/is_there_such_a_thing_as_a_panic_attack_but_for/
1giznep,2024-11-03 22:51:48,suicidewatch,i was gang raped at 10 and cant get over it,"im 14(f) and was gang raped by my very first group of friends.
at 6 i was raped by my brother and that already affected me, the group knew how much it hurt me, but they did it anyway.
that group was the first group i came out to as gay, and there was one other girl (13)
the guys (17,15,13,13,12) used her against me.
that girl was my childhood best friend, i related to her more than anyone else.
i cant sleep at night because i can feel their ""fluids"" on my face, on my body, in my hair, in my mout",667,131,https://www.reddit.com/r/SuicideWatch/comments/1giznep/i_was_gang_raped_at_10_and_cant_get_over_it/
1f278dt,2024-08-27 03:17:47,suicidewatch,I think I'm having a panic attack ,"I don't know what to do anymore. I just want this to end and me to go. I feel like I don't belong anywhere, I can't do anything with my life. I'm sick of myself and feeling this way. I just want to die ",1,0,https://www.reddit.com/r/SuicideWatch/comments/1f278dt/i_think_im_having_a_panic_attack/
1dr14ca,2024-06-29 02:41:29,suicidewatch,im having a panic attack pls help,"idk what to do. im just getting really intense sh and suicide urges and i am all alone. i cant breathe at all and i have no one to talk to. my best friend isnt answering his phone. pls someone just help, i dont know if i can hold
on any longer",4,2,https://www.reddit.com/r/SuicideWatch/comments/1dr14ca/im_having_a_panic_attack_pls_help/
1ijspwp,2025-02-07 11:16:38,suicidewatch,We dont want to die. We just want the pain to end.,"What is your pain? Please share with us. You are not alone.

 I wake up depressed every day. I live with the most horrible things in my head. Murder of my dog, dissapearance of my other dog. No father, abusive mother who hated and neglected me. Growing up without love. Suicides of family members, alcohol. They sold my home and made me homeless. I was bullied at school. Sexually abused. Always in poverty. Medical issues that doctors cant help with. Bad surgeries. Anxiety, panic attacks, depressio",399,108,https://www.reddit.com/r/SuicideWatch/comments/1ijspwp/we_dont_want_to_die_we_just_want_the_pain_to_end/
1dhsfdf,2024-06-17 07:33:58,suicidewatch,constant panic attacks all self caused,"i cant fucking do this anymore, ill be honest. almost every day i have an exausting and debilitating panic attack and i just cant help it. there is no controlling it. it's all my fault, im the one causing the issues. i cause every issue in every persons life. they all said they dont want me, but then cry when i get hospitalized what is this world. this is so fucking cruel. fuck slitting my wrists, trying to od, and jumping off high places. i might do it all at once. im so sick of this world, and",3,2,https://www.reddit.com/r/SuicideWatch/comments/1dhsfdf/constant_panic_attacks_all_self_caused/
1dtfhj9,2024-07-02 06:54:17,suicidewatch,Had a panic attack earlier and unsure about life.,5 months ago to the day my girlfriend broke up with me. It was over a really minor and stupid mistake that I made that I offered to fix and hoped to reconcile but she refused to work through it and just dumped me instead. All of this came not even a whole month after I moved cities and colleges (in part to be closer to her) and it left me feeling very abandoned in a time I needed someone the most. Some time later she tried to talk to me again but over the course of a few weeks it just felt like ,1,0,https://www.reddit.com/r/SuicideWatch/comments/1dtfhj9/had_a_panic_attack_earlier_and_unsure_about_life/
1cmx9sv,2024-05-08 05:50:02,suicidewatch,Had a panic attack in the middle of a date,"I’m a pathetic man… why do I get so anxious and nervous so easily. Why do I want to run away when something scares me. Why does my own body betray me in situations when I need it. Why am I like this. I’m not lovable, no one wants a man who’s like this. I’m so embarrassed, I’m tired. God just help me. 
",2,2,https://www.reddit.com/r/SuicideWatch/comments/1cmx9sv/had_a_panic_attack_in_the_middle_of_a_date/
1cs2ezu,2024-05-14 20:33:37,suicidewatch,I scared myself into a panic attack ,I opened a door between two class rooms because I was trying to se my friend I couldn't see the from one part of it so I moved to a different side. I  looked through and my ex was on the ground and looked up at me I didn't expect him to be there.  as soon at he looked at me I jumped backwards grabbing my friend and started to violently shake. I then dropped to the ground curled up in a ball and had a panic attack. I don't know why I was so scared I just was. For the rest of your he day I couldn',1,0,https://www.reddit.com/r/SuicideWatch/comments/1cs2ezu/i_scared_myself_into_a_panic_attack/
1cqi8j1,2024-05-12 21:14:59,suicidewatch,Feeling suicidal in the middle of panic attack,"Hi everyone

I'm currently in the middle of a panic attack and the suicidal ideation came back like a fucking trains barreling towards me. I haven't feel this suicidal in some months but this is something else. I don't even know what's the purpose of this post, whether to vent, seek help or share I don't even know. I just want the pain to stop.",1,0,https://www.reddit.com/r/SuicideWatch/comments/1cqi8j1/feeling_suicidal_in_the_middle_of_panic_attack/
1aknhbf,2024-02-06 23:00:03,suicidewatch,I am hopeless,"My girlfriend has suicidal thoughts. I am having a panic attack right now, because I don't know what to do. She wants to kill herself. She tells me she will do it soon. I can't do anything. Convincing her to go to the school psychologist didn't work. Convincing her to tell her parents she needs therapy didn't work. Talking her out of it didn't work. Distracting her didn't work. Going out with her every second day, giving her gifts and talking to her all the time didn't work. Convincing her to co",2,76,https://www.reddit.com/r/SuicideWatch/comments/1aknhbf/i_am_hopeless/
1j2m893,2025-03-03 16:12:10,suicidewatch,I feel so hopeless,"I'm severely overweight, everyone always makes fun of me for it, I have a hard time loosing weight because I'm struggling with a severe binge eating disorder. Right now I'm trying to starve myself but I know I'll cave soon because I'm so fucking stupid. I hate everything about myself. I'm transgender, but I wish I wasn't, I wish I could just be happy with myself the way I was born. I lost my virginity when I was 7 and consequently, I have trust issues and a fear of sex. I just want to end it all",5,11,https://www.reddit.com/r/SuicideWatch/comments/1j2m893/i_feel_so_hopeless/
1jkx9n4,2025-03-27 06:00:46,suicidewatch,"So mad at myself, there’s no hope, a desperate cry for help am I really  hopeless I might end it","I can’t believe I’ve fucked my life up this much, I’m only 22 and it’s already too far gone. I have infected wisdom teeth that can only be removed by the oral surgeon, it’s 4000 dollars that I don’t have and will never have. I figured I would apply for state insurance again, a good solution to help finally get my teeth dealt with. I got automatically approved, I was so happy, then it hit me. They count household income, I’m sure they’ll ask me for more information and I’ll be kicked off, so pret",2,7,https://www.reddit.com/r/SuicideWatch/comments/1jkx9n4/so_mad_at_myself_theres_no_hope_a_desperate_cry/
1iz783b,2025-02-27 04:11:42,suicidewatch,Hopeless,"I don't want to die but I don't feel like i have any other options. I feel absolutely stuck in this life hole. I am in a relationship with someone I don't even like anymore and I lost my job. I am not sure what to do or how to move forward. Our puritanical society is stifling and disgusting to me (if it was up to me I would want a much more sex positive society). I hate what this world has become (I live in the US and am horrified by our political situation).
So yah on both a personal and existe",3,11,https://www.reddit.com/r/SuicideWatch/comments/1iz783b/hopeless/
1iit1vc,2025-02-06 03:22:39,suicidewatch,I am hopeless,"I feel hopeless, without a way out, I don't know what else to turn to, I've already asked the heaven for help, I've been to a psychologist, I've spoken to friends, to family, but the hate against me, from my school people was so strong that it made me hated by everyone in my city, I feel like a criminal, I tried hard, but nothing I do has any effect, I feel like a barren land, nothing I plant succeeds.",4,11,https://www.reddit.com/r/SuicideWatch/comments/1iit1vc/i_am_hopeless/
1jf9gfp,2025-03-19 22:16:17,suicidewatch,I feel hopeless,i wish i had someone who understood. I called the suicide hotline. no one cares. ,3,4,https://www.reddit.com/r/SuicideWatch/comments/1jf9gfp/i_feel_hopeless/
1jjb01j,2025-03-25 04:10:53,suicidewatch,I'm hopeless,"I've tried killing myself 3 times, been bullied by teachers, mental health providers have been unprofessional, ignorant, or just don't give a shit. I saw those people in positions of care all help others, while I was so repugnant that they were too embarrassed on my behalf to even intervene or acknowledge me as a developing child. I was the embarrassing, awkward, cringey kid they'd rather avoid, all the while touting things about inclusivity and pretending they've always been bastions of empower",1,3,https://www.reddit.com/r/SuicideWatch/comments/1jjb01j/im_hopeless/
1jgzc2f,2025-03-22 03:22:59,suicidewatch,My insurance refuses to cover my psychiatry and I feel hopeless,"I've been seeing multiple therapists, psychiatrists, different medications, hospitalizations, since I was 10, but it worked out because I had Medicaid, but my mom makes too much now (65k a year) so we don't qualify. I got a new insurance, and they won't cover psychiatry, so my mom is refusing to take me now. She says I don't need it anyways, when literally 2 months ago the FBI came to our house for a SECOND TIME because of my mental crisis and they told her that I should be in intensive treatmen",2,2,https://www.reddit.com/r/SuicideWatch/comments/1jgzc2f/my_insurance_refuses_to_cover_my_psychiatry_and_i/
1jj0xng,2025-03-24 20:25:29,suicidewatch,I feel hopeless,"I am 17 an science (non med) student, my interest in studies has gone down drastically after my 10th grade, my parents enrolled me in a coaching, where I just felt helpless coping up with curriculum for 2 years, I scored very less in JM-1, my father expected big of me but I had failed drastically, my boards also got ruined due to this toll and now I just don't know how to face this situation, can't even talk to my parents about this cuz they'll start blaming me(rightly so), I feel like an failiu",1,1,https://www.reddit.com/r/SuicideWatch/comments/1jj0xng/i_feel_hopeless/
byd713,2019-06-08 22:06:58,suicidewatch,"Any body else feel, stressed/anxious /guilty/hopeful /hopeless /scared/sad /suicidal /all in around a 24 hour period give or take?",,584,61,https://www.reddit.com/r/SuicideWatch/comments/byd713/any_body_else_feel_stressedanxious_guiltyhopeful/
1ja6llm,2025-03-13 07:32:56,suicidewatch,It feels hopeless,"I’m just having mental breakdowns everyday. I go to sleep wishing to not wake up. I wish I had the courage to actually do it. I feel so miserable. I don’t even know who I am anymore. I regret everything in life. I just wish I could turn back time and fix all my mistakes, slap myself in the face. Any day now, one day, I’ll die. I don’t know how to overcome this. ",4,2,https://www.reddit.com/r/SuicideWatch/comments/1ja6llm/it_feels_hopeless/
1i4148u,2025-01-18 06:01:10,suicidewatch,It all feels hopeless,"I moved away from a relationship I was displeased with. I'm back with my parents, and my only support in my new girlfriend has now left me. I feel lost. I want to die. It feels hopeless, like my mental health has once again ruined something good for me. And the only thing that kept me around the last time I felt this way was my cat, and I lost her a few months ago. I miss her.

Now I have back problems, nobody to talk to, nobody to find support in my problems, and nothing to live for.

If I had ",5,4,https://www.reddit.com/r/SuicideWatch/comments/1i4148u/it_all_feels_hopeless/
1iy5rwe,2025-02-25 21:03:29,suicidewatch,"Everything seems hopeless and for the first time in my life , the “S” word seems like a legitimate option","I’ve been suffering from debilitating anxiety, depression, brain fog, depersonalization for months now and it just feels like it will never get better. I can’t sleep. Can’t eat. Can’t live.
I’ve never had SI in my life and now it’s becoming an option.

Anyone ever been this low and come out of it? Just need some thoughts cause I’m running out of faith here.",2,4,https://www.reddit.com/r/SuicideWatch/comments/1iy5rwe/everything_seems_hopeless_and_for_the_first_time/
1jjflqe,2025-03-25 09:44:54,suicidewatch,Feeling Hopeless? This Helps...,"    Friends, we are all here at r/suicide watch due to our troubled minds.  I, like you, am in a bad place in my life. Presently suffering the pain of loneliness, rejection, poverty, and poor decision making.  The key word is ""presently"".
  For I recall being suicidal and in sorrow many times before.  Things slowly changed.  Things improved.
 I felt relieved having persevered the dark times. Once I healed, thoughts of killing myself seem absolutely absurd.  What was I thinking?  Yet, here I am a",2,0,https://www.reddit.com/r/SuicideWatch/comments/1jjflqe/feeling_hopeless_this_helps/
1jiuxu1,2025-03-24 16:31:03,suicidewatch,Lost and Hopeless,"I feel like my whole life has been a joke. Not a funny joke, but a practical joke always at my expense. The world is a very cruel place and it is more than exhausting. I want to live less every day and very few people actually understand in my life. It's always about what I'm doing to everyone else because THEY think it's WEAK. Well maybe I'm weak then. ",2,0,https://www.reddit.com/r/SuicideWatch/comments/1jiuxu1/lost_and_hopeless/
1jcfa6s,2025-03-16 06:19:47,suicidewatch,I'm hopeless,"Somehow I started feeling hopeless, I don't see any more future for me. I'm 47, I don't have kids I just made some achievements in life that fulfilled my ego. My mom passed away 2 years ago and for some reason it gave me another perspective of life. I quitted alcohol and drugs and also that gave me another perspective, I feel depressed and I don't think of me having or achieving more dreams, of course i can grow more in my career and make more money, recognition but i just dont want it. I have a",2,1,https://www.reddit.com/r/SuicideWatch/comments/1jcfa6s/im_hopeless/
1jb8ng3,2025-03-14 16:56:55,suicidewatch,The people I least expected off’d themselves and makes me hopeless,"In the last two years I’ve had two people I knew unalive themselves 

One girl hung her self in her boyfriends house she was the ex of one of my friends who cared about her a lot 

We both took it as a shock 

I found out on Xmas one of my friends blew his brains out 

It’s weird these were people who were bright lights in a dark world 

My sister in law also off’d herself last year 

I’ve always thought about my own death and leaving this life behind 

I think that life isn’t worth it most days",3,1,https://www.reddit.com/r/SuicideWatch/comments/1jb8ng3/the_people_i_least_expected_offd_themselves_and/
1hycdfd,2025-01-10 19:16:51,suicidewatch,Had 500k stolen from me and feel completely hopeless about the future,"Around 2017 I got into the crypto craze. I had a job at the time as a low level employee, and I worked tirelessly (took any OT offered) because I believed in a certain crypto investment. Apart from savings I had already built up until that point I also would invest a little bit every week because I knew it would be the next big thing. Well in 2020 I ended up being right and my networth skyrocketed almost overnight. It was then that I decided to quit my job to be better able to track my investmen",5,9,https://www.reddit.com/r/SuicideWatch/comments/1hycdfd/had_500k_stolen_from_me_and_feel_completely/
1j7kanc,2025-03-09 23:02:04,suicidewatch,Feeling hopeless,"It’s a strange feeling when you want to end everything yet don’t for the possibility that things may get better.
***trauma dump***
My mum died when I was a teen, my father left.
I was brought up by an abusive aunt and my gran who recently died.
My last person, my partner of 15 plus years left me 3 weeks ago.
1 week before that we agree to defer my placement for my degree for 3 months so I could seek mental health help.
I was actively suicidal.
Now I have no one and I’m trying to hold on.
Mostly ",3,1,https://www.reddit.com/r/SuicideWatch/comments/1j7kanc/feeling_hopeless/
1jeap3r,2025-03-18 17:34:24,suicidewatch,i feel so hopeless,"i just want to finally be heard, but i also want for everyone to just leave me alone but it hurts to be alone, i have everything i could ask for, i have so much friends and a “loving” family yet i still have nothing, sometimes i even ask myself why bother? i should’ve killed myself back when i was 10. nothing matters anymore, i’ve been ridiculed and walked all over since the 6th grade and i’ve been so scared to open up ever since, people admit that i’m nice but yet still it makes me wonder why? ",1,0,https://www.reddit.com/r/SuicideWatch/comments/1jeap3r/i_feel_so_hopeless/
v1wp7i,2022-05-31 18:24:27,suicidewatch,"My psychiatrist telling me that suicide is a ""permanent solution to temporary problem,"" and then turning around to tell me that my depression is incurable and will likely require a lifetime of therapy and medication.",,2305,239,https://www.reddit.com/r/SuicideWatch/comments/v1wp7i/my_psychiatrist_telling_me_that_suicide_is_a/
1hxuxij,2025-01-10 03:09:02,suicidewatch,Contemplating suicide as therapy,Does anyone else find it therapeutic and comforting thinking about suicide. Thinking about the fact that I can end it all and finally have peace brings me peace of mind. Life for most people only gets harder as you get older and it is nice having death to look forward to.,337,69,https://www.reddit.com/r/SuicideWatch/comments/1hxuxij/contemplating_suicide_as_therapy/
gfsv5a,2020-05-08 13:05:30,suicidewatch,Why does everyone think therapy is some miracle cure???,"CBT is literally a psychologist or psychiatrist or therapist or fucking whatever telling you things you already damn know and don’t have the motivation or energy to execute. “Think positive”, “focus on breathing”, “exercise”, “find time to do things you enjoy”. I could pull this shit out of my ass. I fucking hate it when people tell me to “get help”. There is no fucking help. Only I can help myself, and I can’t.


Edit: The comments saying you only get what you put in, I’m done, I have nothing t",853,170,https://www.reddit.com/r/SuicideWatch/comments/gfsv5a/why_does_everyone_think_therapy_is_some_miracle/
1j2a24t,2025-03-03 04:02:42,suicidewatch,Therapy is a bullshit scam,"I just want to start by saying that if therapy works/worked for you, then thats great more power to you. This is just my personnal experience.

So I've been going to therapy every friday for about 3 months now. So far it has just reinforced all of my preconceived ideas about it. I just walk in, vent on some shit that happened/thoughts I had during the week, get some useless feedback/insight and then leave. My parents are currently paying for it and it's 135$/45 mins, which feels fucking insane.
",130,33,https://www.reddit.com/r/SuicideWatch/comments/1j2a24t/therapy_is_a_bullshit_scam/
1i7r9a5,2025-01-23 00:57:59,suicidewatch,"I should’ve listened, therapy isnt helping","Someone on this subreddit told me there was a chance that therapy wouldnt help and they were right. I had my first session today and I could barely open up and discuss what I wanted to. The person who was listening to me didnt seem to understand how I was feeling and more so alluded to the fact that therapy might not even be for me at all and basically straight up told me we could not get to the core of my issue and fix it in any way that matters. This is soul crushing, therapy was my last optio",21,25,https://www.reddit.com/r/SuicideWatch/comments/1i7r9a5/i_shouldve_listened_therapy_isnt_helping/
bodzsr,2019-05-14 04:15:31,suicidewatch,Therapy was the worst thing that happened to me,"A few years ago when I was suicidal I was lied to by my therapist and told we were going to the hospital for an emergency prescription change. At the time, it made sense. But looking back I feel like such an idiot. 

As I got to the hospital I was honest about how I felt suicidal, but made no plans to commit suicide, and had no method. The doctor told me that soon he’d have a discussion with me about what would be best for me. The second they got me a wheelchair I knew my mistake. I shouldn’t ha",530,114,https://www.reddit.com/r/SuicideWatch/comments/bodzsr/therapy_was_the_worst_thing_that_happened_to_me/
1ik5of0,2025-02-07 21:04:43,suicidewatch,therapy makes me wanna kms bro,was open to my therapist and the next day at school i got called into the office and the dcf said they were gonna go to my house. they freaking told my mom what i told my therapist and took pictures of the scars all over my body like my arm stomach and thighs and made me give them my blades and glass shards (thank GOD i hid more blades in my room idk what id do if i couldnt cut). i dont even use the glass to cut anymore since theyre dull i just keep them for sentimental value since those were th,18,15,https://www.reddit.com/r/SuicideWatch/comments/1ik5of0/therapy_makes_me_wanna_kms_bro/
1bj9sf9,2024-03-20 09:58:25,suicidewatch,"I am so fucking sick of words like “it will get better” and “keep moving forward” bs. Every single second of the day I think about not being in this world. Why can’t people just understand that? I have been to therapy, meds, gym, eaten healthy, and so on and it’s not a cure. I am done...",,147,39,https://www.reddit.com/r/SuicideWatch/comments/1bj9sf9/i_am_so_fucking_sick_of_words_like_it_will_get/
1j6pfth,2025-03-08 19:55:28,suicidewatch,therapy made it worse,"before therapy I still had a bit of hope because I thought that there was still a way out but now I want to die even more because if even professional help didn't made it better then what will? its like they gave me the ultimate proof that it won't get better and it won't get easier, what's the point then? i can't help myself and I'm not good at anything so I cant help other people, there is truly no reason to continue. I'm so bad at everything that I even failed my first attempt wtf bro, hopefu",4,5,https://www.reddit.com/r/SuicideWatch/comments/1j6pfth/therapy_made_it_worse/
1j2l8zn,2025-03-03 15:30:31,suicidewatch,i just want help/therapy,"im 15 this year and i have been struggling with my depression. i have talked to my parents on how i feel suicidal and how i attempted once and they keep saying things like ""if we ever hurt you tell us"" knowing damn well they dont care. ive been telling them i want therapy but they haven't changed a bit at all‚ is there any other way i can get help? ",4,5,https://www.reddit.com/r/SuicideWatch/comments/1j2l8zn/i_just_want_helptherapy/
1ivpai1,2025-02-22 18:22:06,suicidewatch,Why do people bother to reply just “go to therapy” or “you’ve got issues” when you ask for advice on a problem?,"I am just venting, sorry. I know I should expect it of reddit at this point, but I don’t understand it. Everytime I post asking for advice on a serious problem on a subreddit besides this one, subreddits for Autism, medical issues, niche subjects, somebody and usually many people reply like this. If I could just go to therapy and work on the problem, I would not bother posting anything. I have been to therapy my whole life, and there is only so much mindset can do to help if you are currently ha",3,7,https://www.reddit.com/r/SuicideWatch/comments/1ivpai1/why_do_people_bother_to_reply_just_go_to_therapy/
1jf2bzy,2025-03-19 17:20:51,suicidewatch,I just want to end it all. I'm such a pathetic human being. I've been sick of life since I was 8and I refuse to go to therapy.,"I've tried therapy. Unfortunately nothing has ever helped. No amount of talking about my problems have ever made me think differently or ever even give a shit about life. I couldn't even confess my feelings towards a woman I felt so strongly for. Clearly I'm just a pathetic pussy who can't accomplish anything in life because it all just comes crumbling down on me.

I have no job. Almost killed myself during my last couple. Tried getting a new job, it seemed like a sure thing so I quit my dead en",6,2,https://www.reddit.com/r/SuicideWatch/comments/1jf2bzy/i_just_want_to_end_it_all_im_such_a_pathetic/
1jc2r8p,2025-03-15 19:16:48,suicidewatch,does therapy really help?,"I suffer from depression and I‘m at a point in my life where I want to off myself. The internet keeps telling me that therapy helps, but talking has never been something that helped me - it‘s rather made things worse because as a man, crying in front of others or talking about personal problems often has the opposite effect in comparison to when women do it. 

can someone who is/ was in a similar situation tell me if therapy really helps and if it is worth it to keep living?",1,3,https://www.reddit.com/r/SuicideWatch/comments/1jc2r8p/does_therapy_really_help/
xiyai7,2022-09-20 03:53:35,suicidewatch,Kicked out of therapy for being suicidal,"Apparently you can be too suicidal for therapy. I was told to find other services, but I can’t afford them. 

Nothing has made me want to die more. Even when I do what I’m “supposed” to do, I don’t get helped.",295,51,https://www.reddit.com/r/SuicideWatch/comments/xiyai7/kicked_out_of_therapy_for_being_suicidal/
1jhqjfg,2025-03-23 03:45:05,suicidewatch,I wish I could get a lobotomy or conversion therapy actually worked,"Failed again at killing myself again and I can't help but come to the conclusion that I have been cursed to suffer. Being transgender is the dumbest experience on the planet earth because I literally can never be female but I cannot tolerate the realities of my body without fantasizing about gouging my eyes out and stripping the flesh from my body. The problem cannot be solved and I cannot be fixed and yet I am expected to continue on as if there were any hope for a better future. 

I don't want",2,1,https://www.reddit.com/r/SuicideWatch/comments/1jhqjfg/i_wish_i_could_get_a_lobotomy_or_conversion/
1jbe7tr,2025-03-14 21:00:11,suicidewatch,I can’t afford therapy or meds and I’m on the verge of suicide,"I don’t know what the fuck to do anymore. Every appointment I have made with doctors and psychiatrists has been cancelled because I only have state insurance. I have been looking for months. 

I’m already a huge burden on the system being on insurance and food benefits. I can’t afford the medication for my physical illness either, so even if by some miracle I cured my mental illness myself, I would still be sick. I literally cannot afford to get better and am stuck in a cycle of poverty. 

I thi",3,2,https://www.reddit.com/r/SuicideWatch/comments/1jbe7tr/i_cant_afford_therapy_or_meds_and_im_on_the_verge/
1j9pxit,2025-03-12 17:42:58,suicidewatch,"i have no family, i hate all of my friends, i hate this entire earth, existing is exhausting, no therapy has ever worked and i don’t want to live another minute but when it comes to it i don’t have the fucking courage to actually end it. wtf is this fucking bullshit, like wtf do i do then",i hate living in this in between gap,5,2,https://www.reddit.com/r/SuicideWatch/comments/1j9pxit/i_have_no_family_i_hate_all_of_my_friends_i_hate/
mtx39c,2021-04-19 09:43:55,suicidewatch,Gonna kill myself after therapy,That’s it,8,191,https://www.reddit.com/r/SuicideWatch/comments/mtx39c/gonna_kill_myself_after_therapy/
16nnhvu,2023-09-20 15:01:21,suicidewatch,Therapy is entirely worthless and a waste of time,"I’ve wasted thousands of dollars on therapy and it’s all entirely meaningless, just platitudes. I waste my gas to go to an appointment and sit on a couch, answer questions and vent, then it’s “aw poor baby. That’ll be 150 dollars” girl what? Reddit is free and just as helpful. I get told to kill myself on the internet and that’s about as helpful as therapy is.

“You need professional help” yeah, probably, but I think the professionals need help. I have been failed by the system and fucked in the",143,44,https://www.reddit.com/r/SuicideWatch/comments/16nnhvu/therapy_is_entirely_worthless_and_a_waste_of_time/
1jkv0ev,2025-03-27 03:38:45,suicidewatch,Therapy without getting hospitalized,"I'm thinking of getting back into therapy, but idk if I should. Because I think it would only work if I can talk about my suicidal thoughts but I've never had luck with that.

Usually in therapy, I just lie. I tell them I'm not suicidal because if I do or talk about it more, I just start wasting time with stupid questions and at worst, I get hospitalized (happened twice). But then we just talk about nonsense that doesn't matter

So what do y'all do? How to you navigate therapy while talking abou",1,0,https://www.reddit.com/r/SuicideWatch/comments/1jkv0ev/therapy_without_getting_hospitalized/
1j88iad,2025-03-10 20:28:15,suicidewatch,relapsed after being clean for half a year,"i don’t know what to do with my life anymore, i feel like im so easily replaceable and dull, when my friends say otherwise it feels like they are mocking me. i need advise, i don’t know where to bring myself anymore ",3,7,https://www.reddit.com/r/SuicideWatch/comments/1j88iad/relapsed_after_being_clean_for_half_a_year/
1iy3ojp,2025-02-25 19:37:06,suicidewatch,Relapsed my 99th day of sobriety,"I feel like a joke lol, this was my longest streak (SH) yet but ofc I fucked up anyways.

Idk how to stop.",1,9,https://www.reddit.com/r/SuicideWatch/comments/1iy3ojp/relapsed_my_99th_day_of_sobriety/
1j4h95o,2025-03-05 23:19:39,suicidewatch,i want to relapse and die when the year ends,"I feel really lonely and i'm tired of every single day feel the same way, depresed and even if i'm try new things, even if i'm doing the things right, go to my classes, meet with my friends and family, gou outside, eat and sleep properly i feel tired and bad i don't want that anymore about the relapse maybe is the habit, i've been clean for almost 3 months, but these days i think in relapse, maybe i feel really lonely and stressed, idk what i should do now",2,5,https://www.reddit.com/r/SuicideWatch/comments/1j4h95o/i_want_to_relapse_and_die_when_the_year_ends/
1ji0p26,2025-03-23 14:37:34,suicidewatch,relapsed,alot has happened lately idk where to start i relapsed recently after I've been getting suicidal thoughts again i didnt think id get back to that state i lost everything i have no energy to interact with anyone ive ghosted most people i know i feel lost. it's not enough i dont wanna bear all that pain anymore im exhausted I've never felt truly happy always pretended i was idk why i can't just be happy. my thoughts have been getting more intense lately i dissociate alot now idk what to do idk why,2,1,https://www.reddit.com/r/SuicideWatch/comments/1ji0p26/relapsed/
1jc6ug0,2025-03-15 22:28:02,suicidewatch,I relapsed,"I was 115 days clean from cutting myself but I just relapsed, I couldn't even get it as deep as I wanted and it looks so stupid and its a stupid thing to ruin my streak over just from some tiny cuts, but I want to go deeper, I want to kill myself but I don't know how, my life isn't going anywhere anyways, its fucked and I can't fix it and its like suicides the only option ",0,1,https://www.reddit.com/r/SuicideWatch/comments/1jc6ug0/i_relapsed/
1j8gt49,2025-03-11 02:43:22,suicidewatch,Relapsed,"TW sh

Title says it all. I relapsed on self harm today. I cut myself for the first time in months. Deepest I’ve ever gone. I’m scared how it’s gonna heal. I just wish I had the guts to finish the job.
I feel so ashamed. I’m such a failure. I tried hanging myself a few nights ago and I couldn’t do that. Can’t even cut my wrists right. I chickened out. Maybe next attempt I’ll finally get it.",1,2,https://www.reddit.com/r/SuicideWatch/comments/1j8gt49/relapsed/
1jg7q92,2025-03-21 03:31:26,suicidewatch,Gonna relapse tonight,"I was already have a pretty borderline day and was messaged by the person I care about more than anything. Telling me they can’t do it anymore. It was them that wanted to be a “fwb” until they were ready…and against myself I said okay…even though I stayed loyal and had no interest in anyone else, even though I knew it was bad for my mental health after my abusive past…I said okay for them…and now it’s “I can’t anymore” and “I want to be alone”.

I’m ready to harm again because it never matters h",2,0,https://www.reddit.com/r/SuicideWatch/comments/1jg7q92/gonna_relapse_tonight/
1j9fkwi,2025-03-12 08:44:45,suicidewatch,I think I'm relapsing,"I attempted multiple times by the time I was 13. 3 times. Almost yearly lol. I'm 14 now and I think I might genuinely do it. Life's never been worse and everyones been acting weird so idk what to do. Everything just seems off. Nothing seems correct. It's almost as if life has slowed down to a crawl. I still live, I go out with friends and have school during the day but at home I sit in my room and do homework or read or scroll and everything feels so surreal. It's incomprehensible and I don't kn",2,1,https://www.reddit.com/r/SuicideWatch/comments/1j9fkwi/i_think_im_relapsing/
1iubfkj,2025-02-20 22:32:27,suicidewatch,Im relapsing and regressing,"I’m starting to hate being alive again, I haven’t felt this way for a while. I’ve always struggled with my mental health, middle-high school was hell. Self harming, suicidal, always depressed you name it but I somehow got better. I was in a really good relationship that helped me out a lot and I helped the person I was with too. Until it suddenly wasn’t like that. Long story short, the love of my life admitted to me he had a suicide plan for a whole year then two weeks later broke up with me and",1,3,https://www.reddit.com/r/SuicideWatch/comments/1iubfkj/im_relapsing_and_regressing/
1j2y57n,2025-03-04 00:34:43,suicidewatch,Eating disorder relapse getting worse,"Ed relapse

Hi. Iv been sobbing myself for days because I have eaten so much
Iv been anorexic 4 years and I was in recovery for a year. I was  so sure I was good and I felt good. But the anxiety and guilt caught onto me two months back I cry after eating I feel horrible. I have panic attacks daily. I lost alot and my family's started to see I'm thin. I'm so lost. I don't want to reach out or feet advice I just need to vent. My bmi is 15, almost 14.i know it's bad and unhealthy but I can't help m",2,1,https://www.reddit.com/r/SuicideWatch/comments/1j2y57n/eating_disorder_relapse_getting_worse/
1ies5x2,2025-01-31 23:08:47,suicidewatch,Guys I fucking relapsed,I relapsed over something so damn stupid! I was fucking 13 days clean! I feel like such a fucking failure I literally wanna end it over that it’s so damn stupid I don’t even know what to do anymore ,11,4,https://www.reddit.com/r/SuicideWatch/comments/1ies5x2/guys_i_fucking_relapsed/
1j895ib,2025-03-10 20:54:49,suicidewatch,I just relapsed after not cutting for 3+ months,I feel so shit I relapsed and feel like I can't stop it again now that I started it. I have never been this long clean and last spring I had already loaded shotgun in my mouth but just wasn't able to kill myself. I feel like this spring I will go till the end. I hate when people are so happy that it is spring and hanging out with friends having fun cause when I see that I realize how lonely I really am and I just want to kill myself. And I just feel like attention seeking piece of shit cause I c,1,0,https://www.reddit.com/r/SuicideWatch/comments/1j895ib/i_just_relapsed_after_not_cutting_for_3_months/
1icnu7b,2025-01-29 06:40:50,suicidewatch,I feel so worthless after relapsing,"So luckily it’s been a week since the incident, but I can’t convince myself that I’m a good person anymore. The reason I relapsed in the first place is because I stopped my hobbies like going to the gym and going outside and all that. So, I just really feel like I dont deserve anything. ",1,5,https://www.reddit.com/r/SuicideWatch/comments/1icnu7b/i_feel_so_worthless_after_relapsing/
1isy7f1,2025-02-19 05:39:14,suicidewatch,I want to relapse so bad,Ive been self harm clean for over a year now but the urges to do it again or eating at me and i feel so bad. I think the only way ive been able to not do it is by just staying otp with my bf but Im still thinking of it practically the entire time. My life is good i dont get why i am the way i am but the guilt is crushing me and i genuinely feel like i cant take it anymore.,1,2,https://www.reddit.com/r/SuicideWatch/comments/1isy7f1/i_want_to_relapse_so_bad/
1j133yf,2025-03-01 16:19:09,suicidewatch,"My cat died,I relapsed on drugs,I got caught and my family is abusing me. I think it's over for me","
Hey 
So I've struggled with so much in the past, my life was a movie and not a good one haha, I'll forever be haunted by it but whatever.

I got arrested n shit, my family abused the shit out of me mentally as well as physically. I was living for my cat I wanted to do better for her I always knew if anything happened to her Its over for me she passed unexpectedly although I was using I know I did everything right but it happened.
I'm 25F, atheist living in a Muslim community and a Muslim abusiv",2,0,https://www.reddit.com/r/SuicideWatch/comments/1j133yf/my_cat_diedi_relapsed_on_drugsi_got_caught_and_my/
1j0jkdg,2025-02-28 22:01:01,suicidewatch,bpd & self harm relapse.,"i am 17 years old diagnosed with BPD, i saw a psychiatrist through camhs and five months ago he assessed me and diagnosed me with this, and started me on fluoxetine 20mg. today i've been put onto 40mg instead cuz i relapsed self harm and was in a&e on tuesday. arterial bleeding. needed 10 staples to close it. refused to see crisis but they called them anyway, and discharged me about 5 hours after i arrived. i don't think camhs can help me anymore because my condition is too severe for them to ha",2,0,https://www.reddit.com/r/SuicideWatch/comments/1j0jkdg/bpd_self_harm_relapse/
1itue36,2025-02-20 09:10:26,suicidewatch,I relapsed depression and feel trapped,"I had thought I had healed from grief and depression 
But I started feeling like hurting myself again
The pain of losing my daughter and my little brother tryign to take his own life is to much for me
I don’t know what to do
My grades are horrible
My everything is going bad
I want to get better but what’s the point if I’m going to relapse once I think im starting to feel better
",2,1,https://www.reddit.com/r/SuicideWatch/comments/1itue36/i_relapsed_depression_and_feel_trapped/
1izjfjr,2025-02-27 16:13:05,suicidewatch,Relapse,I can't wait to relapse again 🤩🤩,1,0,https://www.reddit.com/r/SuicideWatch/comments/1izjfjr/relapse/
1itpt46,2025-02-20 04:13:26,suicidewatch,Relapsing,"I don't even remember how long I've been clean for, I'd guess about 4 months. 

Relapsing because someone hurt you, said someone doesn't have a care in the world about you.",0,1,https://www.reddit.com/r/SuicideWatch/comments/1itpt46/relapsing/
1iqg7xh,2025-02-16 00:49:03,suicidewatch,anorexia relapse,"I can't do this anymore. I seriously can't. I developed anorexia 3 years ago at the age of 15. I tried recovering on my own for the first time in November, 2023, and I failed miserably. I couldn't seek professional help cause of my parents (long story, but our relationship is more than miserable). In October, I turned 18 and that's when I finally sought professional help. I hoped I could recover, but once again I failed. I felt so so hopeless, and I attempted to end my life in November. My attem",1,1,https://www.reddit.com/r/SuicideWatch/comments/1iqg7xh/anorexia_relapse/
e8gjky,2019-12-09 21:41:43,suicidewatch,Raped in front of my girlfriend. feeling like giving up.," 

I don't know what to say or do, I just feel like my life is falling apart.

Three weeks ago My apartment was broken into by 4 strangers, my girlfriend was sleeping over. It was an awful, horrific long night, and she witnessed every single thing. 8 hours of prolonged humiliation and abuse.

These 4 strangers destroyed me. They shredded every bit of self-esteem and sanity I had. After the hell they put me through, they simply left me there. bleeding heavily and stunned. My girlfriend was tied u",2819,348,https://www.reddit.com/r/SuicideWatch/comments/e8gjky/raped_in_front_of_my_girlfriend_feeling_like/
1ijspwp,2025-02-07 11:16:38,suicidewatch,We dont want to die. We just want the pain to end.,"What is your pain? Please share with us. You are not alone.

 I wake up depressed every day. I live with the most horrible things in my head. Murder of my dog, dissapearance of my other dog. No father, abusive mother who hated and neglected me. Growing up without love. Suicides of family members, alcohol. They sold my home and made me homeless. I was bullied at school. Sexually abused. Always in poverty. Medical issues that doctors cant help with. Bad surgeries. Anxiety, panic attacks, depressio",398,108,https://www.reddit.com/r/SuicideWatch/comments/1ijspwp/we_dont_want_to_die_we_just_want_the_pain_to_end/
xzh07i,2022-10-09 09:07:03,suicidewatch,"I'm too much of a coward to actually off myself, so I've been abusing my body with alcohol and cigarettes, my insides started hurting earlier this year and I can't wait for it all to be finally over","I've been a high functioning substance abuser for a while. I have a savings account expiring soon, it will be enough to live on for some time while succumbing to the full on degenerate lifestyle without contributing anything to society, and hopefully bringing my death closer.

I can wait a few more years, the damage is already irreversible. The only thing I have a hard time of letting go are my cats but they will have a better home after me.

edit: I wanted to keep it short and sweet but finally",7,4,https://www.reddit.com/r/SuicideWatch/comments/xzh07i/im_too_much_of_a_coward_to_actually_off_myself_so/
10tjd47,2023-02-04 15:43:03,suicidewatch,"28 year old male with anxiety, drug/alcohol issues, no friends. Was I emotionally abused as a child or am I just feeling sorry for myself?","28 year old male with anxiety, drug/alcohol issues, no friends. Was I emotionally abused as a child or am I just feeling sorry for myself?

Long post warning.. 

*WARNING This gets kind of dark as it goes on, it is stuff I've never shared before and I need some help...*

I was hoping somone might be able to give me some perspective on some thoughts that I've been having around my upbringing and my relationship with my parents. 

My parents didn't teach me much when I was younger. They were devou",2,0,https://www.reddit.com/r/SuicideWatch/comments/10tjd47/28_year_old_male_with_anxiety_drugalcohol_issues/
wz4ild,2022-08-27 14:41:03,suicidewatch,"i really don’t understand why my mom keeps putting up with my alcoholic, abusive and jobless father who does nothing but hurt us and shame her, i am the eldest and i still have my young siblings and im so scared that anytime now anything worst can happen to us",,5,1,https://www.reddit.com/r/SuicideWatch/comments/wz4ild/i_really_dont_understand_why_my_mom_keeps_putting/
tu70h9,2022-04-02 01:26:11,suicidewatch,"[TW: abuse, drugs, alcohol, divorce, sh, suicide] I can't do this anymore. I'm ready to go. I don't care.","I'm only 14.

I'm tired. I can't do this anymore.

I'm close to my father. He has mouth pain. He and my mother just went through a nasty divorce. My father got custody. I must have visitation with my mother, who's abusive and drinks.

Court orders say that neither parent can have alcohol unless it's for a medical reason. My mother must provide transportation every Sunday 10-6, to her place and back. My mother doesn't drive. My father is very kind and decided to bring her down every weekend to st",1,4,https://www.reddit.com/r/SuicideWatch/comments/tu70h9/tw_abuse_drugs_alcohol_divorce_sh_suicide_i_cant/
ufvr3e,2022-05-01 08:49:49,suicidewatch,Every holiday was and still is a living hell for me because of mentally ill alcoholic abusive parent,"I suffer everyday because I was born from this fucking monster, my life is beyond fucked up but no one cares what the fuck is wrong with this world I can't even kill myself properly",3,0,https://www.reddit.com/r/SuicideWatch/comments/ufvr3e/every_holiday_was_and_still_is_a_living_hell_for/
t9sbk9,2022-03-08 22:13:44,suicidewatch,Living in a country in a literal state of war + abusive mentally ill alcoholic mother + Aspergers + tinnitus plus many more issues,"Is this what they call living life on hard mode? I'm terrified of the next time when my mother throws a tantrum, I might do some stupid fucking things because the suffering is so bad. I'm thinking of finding a nice spot in a city where I can cut my veins and nobody's going to stop me. Or perhaps train could be better?",3,1,https://www.reddit.com/r/SuicideWatch/comments/t9sbk9/living_in_a_country_in_a_literal_state_of_war/
q06lmo,2021-10-03 00:07:34,suicidewatch,"My dad said I’m worse than his deadbeat, alcoholic, abusive brother and I realised it’s true","I racked up tens of thousands in debt, dropped out of college and was living on my parents money they sent for college. I’m unemployed. I’m severely depressed and haven’t taken a shower in days. I didn’t talk to my family in a year. 

About 10 minutes ago my dad found out about all of it. I already attempted many times and today will be my last.

I’m not scared, just tired and very disappointed in myself and the kind of person I’ve become. 

I’m truly useless, worthless and hopeless.
I love love",2,3,https://www.reddit.com/r/SuicideWatch/comments/q06lmo/my_dad_said_im_worse_than_his_deadbeat_alcoholic/
atoxys,2019-02-23 00:19:53,suicidewatch,I'm being abused by my alcoholic father.,I don't want to be alive anymore. I don't know what to put here. I'm at a loss for words. I'll try ending it tomorrow.,0,13,https://www.reddit.com/r/SuicideWatch/comments/atoxys/im_being_abused_by_my_alcoholic_father/
oklo16,2021-07-15 04:48:54,suicidewatch,Alcohol abuse has made it so hard to make it through the day,Nvm delete,2,0,https://www.reddit.com/r/SuicideWatch/comments/oklo16/alcohol_abuse_has_made_it_so_hard_to_make_it/
fx6hsi,2020-04-08 13:29:47,suicidewatch,Alcohol and drug abuse as a substitute for suicide?,"I'm having some suicidal thoughts but I don't want to do this to my mom. She wouldn't understand. I avoided alcohol up to this point(25M) because I have a tendency to get too fucked up when drinking. I don't like reality or living or any of that nonsense. Working out releases some happy chemicals but it's about an hour a day and it's back to fantasizing about vacating my skull with a buckshot.

Is being a high functioning addict really that bad? My 'loved ones' get to see me live and suffer whil",8,2,https://www.reddit.com/r/SuicideWatch/comments/fx6hsi/alcohol_and_drug_abuse_as_a_substitute_for_suicide/
eavf37,2019-12-15 06:09:06,suicidewatch,"Out of e everything I had to deal with growing up; my alcoholic, abusive father. My mother having no desire to raise me once I moved in at 13 to escape my father.","Everything they did to me. Out of all of it, the only thing I cannot forgive, the only thing I am still blindingly angry about is the fact that they even gave me life to begin with. 

Why did they bring me into a world that is just never ending struggle, and suffering and pain.",1,1,https://www.reddit.com/r/SuicideWatch/comments/eavf37/out_of_e_everything_i_had_to_deal_with_growing_up/
1hhk6jr,2024-12-19 03:54:04,suicidewatch,It feels like being trans is a death sentence ,"We have a 50% rate of having suicidal thoughts, and a high suicide attempt rate. Nonbinary trans people have a high rate of abusing drugs and alcohol, and I’m transmasc. Trans men have the highest suicide and suicidal thoughts, and I’m pretty close to being a trans man. It just feels like being who I am in the world we live in is a fucking death sentence.",97,45,https://www.reddit.com/r/SuicideWatch/comments/1hhk6jr/it_feels_like_being_trans_is_a_death_sentence/
3zs96k,2016-01-06 22:31:46,suicidewatch,"I've lived through abuse, poverty, neglect, three mental illnesses, and alcoholism. They always said it would get better, the opposite is true.","I used to be afraid to die, that is, until recently. I finally figured out the perfect way to kill myself.

I think I was holding onto some hope that my boyfriend would actually start to change. I'm at the point where I think I might hate him. There's a lot of resentment from previous issues, I'll spare the long backstory. Honestly I have felt that I should have left a while ago, but he is all I have left. We've been together for 4 years, and I think we are poisonous to each other. I think we've",6,10,https://www.reddit.com/r/SuicideWatch/comments/3zs96k/ive_lived_through_abuse_poverty_neglect_three/
az834x,2019-03-09 21:04:56,suicidewatch,Abusive alcoholic parent,"My mum went through an awful period of alcoholism and still drinks but no where near as bad as it was but this still gives me extreme anxiety, but when my mum used to drink awfully she used to hit me and throw things and me and say horrible things to me and now she acts s if it never happened? The other day she said how she’s never “physically hurt” anyone on purpose due to anything to do with her mental health and her not acknowledging what she did to me for years makes me feel even worse. I do",5,2,https://www.reddit.com/r/SuicideWatch/comments/az834x/abusive_alcoholic_parent/
1pacvb,2013-10-27 00:53:50,suicidewatch,How long to kill oneself with alcohol abuse?,"I've posted on here before trying to keep folks from doing themselves in. I'm not eager to assume room temperature but I'm tired of pretending I'm all that interested in watching everything in my life play out. So....my plan is now to drink myself to death.

I have some emphysema already and am at high risk of heart disease. I'm supposed to be on a statin but can't afford it. I'm 41, don't have health insurance, have performed my biological function and am generally pretty fucking depressed. I a",1,7,https://www.reddit.com/r/SuicideWatch/comments/1pacvb/how_long_to_kill_oneself_with_alcohol_abuse/
53qm5p,2016-09-21 00:42:53,suicidewatch,"Suicidal, depressed, stressed, lonely, abusing alcohol, and cannot get help. Feeling worse after calling the hotline.","Well, the title has it all but let me start by talking about the last issue: (not being able to get help) I live in a 3rd world country where mental health problems are utterly neglected. My insurance does not cover any mental health or therapy related issues and I cannot afford any form of it myself. Group sessions or general gatherings are just not a thing here either.

I really want to talk to a therapist, I simply cannot.

So what did I do? I managed to call the US national prevention suicid",3,1,https://www.reddit.com/r/SuicideWatch/comments/53qm5p/suicidal_depressed_stressed_lonely_abusing/
4kqvzt,2016-05-23 23:25:54,suicidewatch,"I have too many reasons. Drug problems, rape, emotional abuse, alcoholic parents, no friends."," My family has emotionally abused and neglected me my entire life and for the past 10 years I have struggled with suicidal ideation, believing that I would die by the time I was 18 or at least hoping I would because I ""knew"" I would not be able to handle life as an adult after constantly being discouraged by my dad who is a successful stockbroker. My dad is an alcoholic. When I was a kid drinking and doing drugs like ecstacy, vicodin, and cocaine was acceptable and done in front of my sister and",3,1,https://www.reddit.com/r/SuicideWatch/comments/4kqvzt/i_have_too_many_reasons_drug_problems_rape/
okgd08,2021-07-14 23:24:20,suicidewatch,I wish I had killed myself when I was a teenager,"I have never actually been actively suicidal, but the thought has been there ever since my early teens when something pretty traumatic happened to me. It was sort of a back door, you know? But never something I considered going through with in a near future. I didn't have a plan or anything really, but the thought of having a way out was comfort enough. Really, the simple thought that ""this won't last forever, it will all end some day"" was usually enough to keep me from feeling panicked and clau",665,63,https://www.reddit.com/r/SuicideWatch/comments/okgd08/i_wish_i_had_killed_myself_when_i_was_a_teenager/
168ipyk,2023-09-03 00:31:24,suicidewatch,I'm going to start doing heroin in hopes that I accidentally OD,"If I remember correctly, I heard somewhere that 50% of first time heroin users eventually die from the substance. I intend to be a part of that statistic

I've had a long history of half-suicide-attempts by being irresponsible with my drug use. I've overdosed 4 times and twice were near fatal. For a while I was mixing alcohol with xanax in hopes of dying a death without a care in the world. This didn't work. I need to get on something more likely to kill me

I don't have the guts to just kill my",404,158,https://www.reddit.com/r/SuicideWatch/comments/168ipyk/im_going_to_start_doing_heroin_in_hopes_that_i/
1az4bi2,2024-02-24 20:22:54,suicidewatch,Overdose know how (tw: tips),"So I am back from the hospital and i just wanned to share something. I have overdosed a ton of times and this was my experience:

(I am addicted to selfharm and this is one of my worst ideas of harming my body... I took prescribed Psychotropic drugs and ended up having a seizure, being artificially held alive and couldn't walk or speak properly)

GUIDE TO ANTIPSYCHOTICA OR PSYCHOTROPIC DRUGS ONLY

5 
not very much side affects. Might make you hyperactive or extremely tired.

10-20
 probably diar",29,13,https://www.reddit.com/r/SuicideWatch/comments/1az4bi2/overdose_know_how_tw_tips/
1ihvuq0,2025-02-04 23:27:54,suicidewatch,Best Drugs to overdose on?,"Legtimately thinking of killing myself. I feel like my whole world is crashing down, nothing ever gets better and no matter hard I try to improve, my past always comes back to haunt me.

I havent decided on a method yet, but I was wondering if anyone knew what drugs are easily accessible and guaranteed to kill you if you take too much of them.",7,14,https://www.reddit.com/r/SuicideWatch/comments/1ihvuq0/best_drugs_to_overdose_on/
1icxf57,2025-01-29 16:13:44,suicidewatch,what’s the easiest drug to overdose on?,help,0,5,https://www.reddit.com/r/SuicideWatch/comments/1icxf57/whats_the_easiest_drug_to_overdose_on/
1gu1moj,2024-11-18 10:17:11,suicidewatch,is it possible to die by overdosing any common prescription drugs? ,Please name some which are really effective. Those which I can take in an hour and collapse on the bed. I'm the shit rn and I gotta go soon. ,2,12,https://www.reddit.com/r/SuicideWatch/comments/1gu1moj/is_it_possible_to_die_by_overdosing_any_common/
1i34qbn,2025-01-17 01:14:18,suicidewatch,Drug overdoses,Does consuming a large amount of ibuprofen and Tylenol (acetaminophen) together be lethal in an overdose?,0,4,https://www.reddit.com/r/SuicideWatch/comments/1i34qbn/drug_overdoses/
1i4yj5r,2025-01-19 13:34:05,suicidewatch,best drugs to overdose ?,"i have some morphine from 2 years ago  that i need to find, aside from that i have cold medicine. if u have suggestions please lmk",2,3,https://www.reddit.com/r/SuicideWatch/comments/1i4yj5r/best_drugs_to_overdose/
9wr0c6,2018-11-13 17:20:47,suicidewatch,I got arrested buying drugs off the darknet that I intended to kill myself with via overdose and now I am facing a felony and 5-8 years in prison. Whats the point in continuing on?,"I have been depressed for a third of my life (the last 10 years).  I have attempted suicide by overdose (opiates, benzos and alcohol) 3 times in the last 4 years.  The first time I woke up the next day and continued on like nothing happened.  The second time my parents found me and EMT s were able to narcan and resuscitate me.  The third time I overdid it on a benzo analogue with not enough alcohol or opiates to stop my breathing and ended up coming to 7 days later.  I don't know if I was uncons",283,88,https://www.reddit.com/r/SuicideWatch/comments/9wr0c6/i_got_arrested_buying_drugs_off_the_darknet_that/
1hddvpw,2024-12-13 14:52:19,suicidewatch,is this list reliable? IT said just Alcohol in some as drug for overdose ,"some of them are hard to find but this is a first good step even though some drugs are hard to find

[https://en.wikipedia.org/wiki/List\_of\_deaths\_from\_drug\_overdose\_and\_intoxication](https://en.wikipedia.org/wiki/List_of_deaths_from_drug_overdose_and_intoxication)",3,0,https://www.reddit.com/r/SuicideWatch/comments/1hddvpw/is_this_list_reliable_it_said_just_alcohol_in/
158whxg,2023-07-25 03:34:54,suicidewatch,I think I’m going to overdose myself with sleep drugs again. It’s a great way to be brain dead for x hours.,"I’ve done it 4 times already. It almost killed me, but it also helped me to pass the days. 

Every time I took it I was passed out for 24 hours, the following 48 hours I’m awake, but can’t remember stuff. Was it healthy? No. I’ve got marks on my brain and other health related shit. But god damn, it’s the fastest way to skip a few days. 

And would i be disappointed if i died? Not really. I know it would hurt my mother. But on the other hand, she’s the only one who would care. 

I would be sad fo",98,31,https://www.reddit.com/r/SuicideWatch/comments/158whxg/i_think_im_going_to_overdose_myself_with_sleep/
1fz1mdc,2024-10-08 14:49:37,suicidewatch,"I'm a 17year old Indian, and drugs or a gun are not easily accessible here. I can't really jump off or hang myself either. What are some pharmaceutically available drugs that can kill you if overdosed or mixed with other drugs.",,1,0,https://www.reddit.com/r/SuicideWatch/comments/1fz1mdc/im_a_17year_old_indian_and_drugs_or_a_gun_are_not/
1f28337,2024-08-27 04:04:47,suicidewatch,What is an over the counter medication or drug that I may be able to successfully overdose from?,,1,0,https://www.reddit.com/r/SuicideWatch/comments/1f28337/what_is_an_over_the_counter_medication_or_drug/
1ehgqb4,2024-08-01 13:30:31,suicidewatch,what drugs to use to overdose and d3ee?,i’m so done with life. nothing matters anymore.,1,1,https://www.reddit.com/r/SuicideWatch/comments/1ehgqb4/what_drugs_to_use_to_overdose_and_d3ee/
1cts9z9,2024-05-17 00:28:43,suicidewatch,I need an answer. How can I make drug overdose work?,"I tried other methods and they didn't work; cutting neck and wrists, hanging, failed to set myself on fire. So paracetamol is all I can think of. I took 10. Didn't work. Took 24. Didn't work. Took 7. Didn't work. Took 30 4 and a half days ago. Didn't work. What am I doing wrong? How can I make it work?

For the 24 and 30, I felt the pain. Vomited, but that was it. For the 30, I felt very dizzy. I slept and woke up to no pain, no dizziness, just the nauseousness and even that is gone now. Why doe",3,4,https://www.reddit.com/r/SuicideWatch/comments/1cts9z9/i_need_an_answer_how_can_i_make_drug_overdose_work/
1ct5i53,2024-05-16 05:19:30,suicidewatch,This stuff is such a mess. Ik it gets better but I don't want to. I want to just end this. Idk how to. I want to do drugs. I want to be alone. And just pass away one day from an overdose or something. I don't care about beautiful life or my purpose or anything. I wish I had done this sooner.,"I'm 14

I have a bunch of stuff that happens to me but veryyy rarely
Like the intensity and duration and how often it happens has been increasing but still rare and mild

Have hallucinations
Like seeing, lights, text, black figures
I hear random noices
I also get paranoid especially when I'm in public
It can literally see everyone who's not in my direct vision staring when they aren't
I see black figures looking at me
Every noice sounds like my name
I have involuntary eye movements like rolling ",1,0,https://www.reddit.com/r/SuicideWatch/comments/1ct5i53/this_stuff_is_such_a_mess_ik_it_gets_better_but_i/
14ius9u,2023-06-25 19:25:16,suicidewatch,"I am a pedophile. I have never touched a child or consumed media that harmed a child, but I am a pedophile. What is the easiest obtainable drug to overdose on. I don't have the strength or mental fortitude to cut open any veins or wrists but I need to die for this.",,24,14,https://www.reddit.com/r/SuicideWatch/comments/14ius9u/i_am_a_pedophile_i_have_never_touched_a_child_or/
18nb13f,2023-12-21 01:34:34,suicidewatch,I plan to travel the world and end it by overdosing on drugs,"Hi,

I've been depressed for many years and it just isn't getting any better, I'm incredibly lonely and the only good times I've had this year were when travelling. Whenever I come back from travelling and have to go back to normal life my depression gets much worse. I have a decent amount of money saved and want to blow it all on travelling the world and then overdosing on Heroin when I run out of money.

I'm 28, my life sucks, I can't really socialize without alcohol, have ADHD, depression and",1,2,https://www.reddit.com/r/SuicideWatch/comments/18nb13f/i_plan_to_travel_the_world_and_end_it_by/
12l3qsj,2023-04-13 20:51:59,suicidewatch,"SO overdosing on prescription drugs, now in a coma.","I'm absolutely shattered, devastated and I think I'm losing my mind. I just want to know if there's any hope of her waking up? The fluid buildup in her lungs are a lot too and the doctors aren't doing much to treat her.

 She has been in a coma for almost 5 days now and with every passing day I feel like I'm losing a piece of my sanity. The day before we were heading home, and she cried like I have never seen her before, telling me I can't take this anymore. She has BPD and it has been progressi",14,11,https://www.reddit.com/r/SuicideWatch/comments/12l3qsj/so_overdosing_on_prescription_drugs_now_in_a_coma/
12sok3u,2023-04-20 06:23:19,suicidewatch,would overdosing on an opioid drug like heroin and then jumping into a body of water lead to a somewhat painless death?,"I'm not exactly suicidal right now, but stuff might happen in the future which would leave me with no other choice. So i wanted to prepare if such a situation does come to unfold. Anyone here who's knowledgable in this regard?",4,3,https://www.reddit.com/r/SuicideWatch/comments/12sok3u/would_overdosing_on_an_opioid_drug_like_heroin/
11jr1y6,2023-03-06 06:44:09,suicidewatch,I'm disabled. Half my body gives out on me. I'm a burden. I plan on becoming homeless then overdosing on drugs.,"I can't find anymore medical help. I've lost most of my friends. I can't even emote properly because half my face is weaker. Can't move a whole lot or I have an episode and one side of my body goes out. On top of that, I realize mistakes in my life I have no hope of correcting now. 
I'm a burden on my fiance. 
I do have a father I love very much who has Parkinson's but, I feel guilty, I just can't hold on any longer. 
So I plan on taking my car and transporting my wheelchair to a local park wher",3,3,https://www.reddit.com/r/SuicideWatch/comments/11jr1y6/im_disabled_half_my_body_gives_out_on_me_im_a/
1j62b9h,2025-03-07 22:34:40,suicidewatch,"Male, 29, unemployed after burnout, living with mom, not even 5'6, vision issues, balding, utterly worthless","Nothing else to say. Been this way for over a year now. Been looking for a source of cyanide (sodium or potassium) but so far nothing. Another option is hekium but with risks of failure and permanent disability. Family doesn't give a shit, calls me useless and lazy. I'm too old to actually reconvert and no one will want to hire someone like me anyway. There's nothing left for me to do. By killing myself I'll be doing a favor to both me and the entire world. I'm completely worthless.",125,56,https://www.reddit.com/r/SuicideWatch/comments/1j62b9h/male_29_unemployed_after_burnout_living_with_mom/
1hb0346,2024-12-10 11:54:30,suicidewatch,A burnout and a waste,"I can’t deal with it anymore, I’ve been suicidal since I was fourteen and I’ve made a lot of bad decisions since, and I keep trying to change my life but it’s just not happening and I don’t know what to do. It wasn’t supposed to be like this but it is, and I don’t know how to cope with it. Now, I’m sitting for entrances again and it feels like gruelling. Every day is a struggle and I have panic attacks all the time. I wish I had died a long time ago. I really wish I wasn’t here anymore.",2,0,https://www.reddit.com/r/SuicideWatch/comments/1hb0346/a_burnout_and_a_waste/
1i66dze,2025-01-21 00:55:59,suicidewatch,I want to die because I don't want to work ,"I'm glad that I had a relatively good childhood, normally being a child means that you get to see the good part of the world, you are innocent, you are protected, people care about you, you don't have to work.

But no one warns you about growing up, you suddenly are supposed to adapt and smile at how things work in the world, you have to accept that you are going to be a slave and if you don't do it you are mentally ill, homeless or you are going to prison. I believe that people who love their j",691,109,https://www.reddit.com/r/SuicideWatch/comments/1i66dze/i_want_to_die_because_i_dont_want_to_work/
1d1gkrn,2024-05-27 01:42:53,suicidewatch,Burnout abt life,"Today for once again i feel regret for everything i had done in my life.
So many opportunity i miss it.
Idk since when i hate myself.
And since when i keep thinking negatively.
But for sure i feel like i dont have any achievements in my currently life.
I feel my future not bright as other people.
Somehow Many people tell me i was bad,idk its just my overthinking or is tru.
Many people who can show bright smile and life like in their own life,for me i feel there big chain hold me and i cant do so",1,0,https://www.reddit.com/r/SuicideWatch/comments/1d1gkrn/burnout_abt_life/
1c4ekm2,2024-04-15 05:38:59,suicidewatch,workaholic parents + Suicidal Burnout,"Does anyone else suffer from a dysfunctional family that centers around money, working alot and forced toxic positivey about doing stuff everyday to ""improve your life""?

He doesn't understand my autism and had made no attempts to see the struggles it causes. Especially for burnout and exacerbating ocd flares

I know on the surface it's a good thing but in practice it becomes draining and depressing. My Dad used to drink and smoke alot but now never does drinking nor smoking. He may have the cas",2,0,https://www.reddit.com/r/SuicideWatch/comments/1c4ekm2/workaholic_parents_suicidal_burnout/
1bur4py,2024-04-03 12:17:24,suicidewatch,How to accept 50 more year of burnout and fear?,,1,0,https://www.reddit.com/r/SuicideWatch/comments/1bur4py/how_to_accept_50_more_year_of_burnout_and_fear/
17h6ver,2023-10-26 21:14:55,suicidewatch,I don’t think I will recover from this burnout anymore,"Burnout from life since the first trauma.
I’m so tired. It’s been so long. When can I be happy?
I just want to feel something….",5,1,https://www.reddit.com/r/SuicideWatch/comments/17h6ver/i_dont_think_i_will_recover_from_this_burnout/
17e2il0,2023-10-22 20:30:38,suicidewatch,"I believe have no friends, am afraid of graduating ,have constant burnout and have considered suicide","Title. I have been in Italy for approximately 10 years now (i am 19) and in all that time I have only now believe I have gotten a friend. I have never gone out with a group or partied unlike the rest of my class, I also have not worked or been athletic like them despite being the oldest by one year. I also envy my class for having passions while I am searching for a new one because my old one (artistic photography) was lost because of my mom and sister, but because they’ve deflected blame and in",2,0,https://www.reddit.com/r/SuicideWatch/comments/17e2il0/i_believe_have_no_friends_am_afraid_of_graduating/
15rpk8g,2023-08-15 11:05:56,suicidewatch,I'm burnout,"Friends, we need help. The situation is this. I'm stuck in a job that I can't quit. I work in another country in a small Italian restaurant. There are only two of us. Me and my boss. The boss is Italian. Toxic old grandfather who is not satisfied with anything in this life. I work 6 days a week for 17 hours. Not officially. Without medical insurance. Without anything. I've been tolerating this toxic person for two and a half years now. I don't get out of depression. He began to drink a lot. I un",3,1,https://www.reddit.com/r/SuicideWatch/comments/15rpk8g/im_burnout/
xziggq,2022-10-09 10:37:04,suicidewatch,I'm going through a horrible burnout and my loved ones are making it worse,"They're pushing me to keep being producitve and constantly add stuff to my plate without consideration. They don't care that I'm burnt out and will scream, shout, threaten and abuse to get their way. I'm exhausted and suicidal but too tired and burnt out to even attempt anymore.
Having ADHD, autism, fatigue and all of the horrible health issues I have is ruining my life but my family doesn't even care.",3,5,https://www.reddit.com/r/SuicideWatch/comments/xziggq/im_going_through_a_horrible_burnout_and_my_loved/
xoydu3,2022-09-26 22:39:55,suicidewatch,Academic burnout,Failure in school has gotten the best of me. Due to my mental health my grades have suffered. Going to try to drown myself tonight. If that doesn’t work idk what else to do because i have no other way to escape this hell hole.,8,5,https://www.reddit.com/r/SuicideWatch/comments/xoydu3/academic_burnout/
11ot2t0,2023-03-11 19:42:23,suicidewatch,relapsed - burnout n exhausted,"I'm completely burnt out. I'm sick of my job, and of this drone of existence. 

A situation with a potential partner has made me finally break done. I dont want to have to take care of other people, I dont want to run this fucking family, I dont want to continue working these terrible hours!(3pm-midnight) 

I haven't had a good night's rest in months, and my illness is getting worse... 

I need to change, fix my life, but I dont know how. 

Ending things feels like it would be easier than contin",5,0,https://www.reddit.com/r/SuicideWatch/comments/11ot2t0/relapsed_burnout_n_exhausted/
yruzf5,2022-11-10 23:22:04,suicidewatch,overachiever burnout,"I've tried so hard and at 20 years old I feel like it's meaningless. Everyone wants me to be a doctor, thinks I'm capable, but I can't do the long hours of that life. I have no motivation to continue. I keep fantasizing about quitting. Right now I'm in college and have friends and family that love and support me. What happens when I leave and we grow apart and my family is disappointed in me. What happens when I'm broke and alone. I want to quit while I'm ahead. I know it will hurt people around",1,4,https://www.reddit.com/r/SuicideWatch/comments/yruzf5/overachiever_burnout/
116l9qf,2023-02-19 19:14:52,suicidewatch,"3 months from being 32, felt like i wasted my life all those years. stayed in same place. Not suicidal, just burnout overworked, need someone to vent to.","hi there i'm 3 months away from being 32. good thing is i work, healthy, have a car, live with family while they support me, and i support them as they're getting old. using time to get all my shit together.

&#x200B;

Halfway through college to become a social worker, I just need to do my placements, however poor spending , using multiple credit cards, taking out loans for a junk  car, certain idiot using me for all my stuff caused me in this poor state of being debt.

&#x200B;

i found the ans",1,0,https://www.reddit.com/r/SuicideWatch/comments/116l9qf/3_months_from_being_32_felt_like_i_wasted_my_life/
t9bidl,2022-03-08 07:33:40,suicidewatch,It's not burnout.,"I was reading some posts on here and came across this one statement. It hit me like a truck. For the past 2 years, I've been excusing my lack of motivation by saying it's a burnout. That I've ran out of fuel and I simply need to replenish. It's not a burnout. I am depressed. I am suicidal. I always have been and it's only worsening. There's no point in seeking help anymore because I'm way past the stage of being saved. Just hoping my last days on this shitty planet are bearable. I'm not burnt ou",4,0,https://www.reddit.com/r/SuicideWatch/comments/t9bidl/its_not_burnout/
lp137l,2021-02-21 16:50:57,suicidewatch,"Burnout,depression or what ?"," Hi all, I am a last year engineering student and I am studying in one hell of a toxic environment and i made the mistake of not dropping out early, mainly because i was always an elitist and failure is never an option for me.  
for the last 4 years I ve been dealing with deep sadness and feelings of helplessness. I feel like i hate what i am studying but i am doing it regardless to have my surrounding proud of me ( mainly my mom and granma who just died a few month ago).  
last week i was feeli",9,4,https://www.reddit.com/r/SuicideWatch/comments/lp137l/burnoutdepression_or_what/
mcqs18,2021-03-25 05:22:26,suicidewatch,Burnout,"I’m in college studying biology. I have autism. This semester has been hard on me emotionally and while I have As in pretty much all my subjects(the ones I have this semester, too) everything is going as wrong as possible with my term papers and I am so tired I am(again! This happened before and I temporarily lost my math and communication skills) so tired I’m losing comprehension of what I’m even doing anymore. My little sibling has also gotten pretty sick this week and I had to take care of th",6,0,https://www.reddit.com/r/SuicideWatch/comments/mcqs18/burnout/
k4trzq,2020-12-01 20:48:57,suicidewatch,"gifted kid, now school burnout","right at this very moment i have around 4 tests i gotta study for (all of them this week) and more than 20 missed dms to respond to and yet i can’t bring myself to leave bed or do anything except switch between the same apps and it hurts SO much because i still somehow expect myself to get top grades when all i can do is bring a bunch of books home and return them to school, untouched. it’s so painful to realise that my childhood didn’t last because i took pride in being “mature” and “an old sou",12,1,https://www.reddit.com/r/SuicideWatch/comments/k4trzq/gifted_kid_now_school_burnout/
l6u9p3,2021-01-28 11:16:47,suicidewatch,another shitty 'gifted kid burnout' story,"* gonna fail my second to last semester of high school
* never applied to college even though i said i did
* never filled in fafsa even though i said i would
* never caught up on my late work even though i said i did
* failing most, if not all my classes
* so much fucking late work
* lied this whole year about being on top of my shit (i am nowhere near on top of my shit)

this school year has been absolute garbage i've always had problems focusing and completing work but this is on an entirely n",2,1,https://www.reddit.com/r/SuicideWatch/comments/l6u9p3/another_shitty_gifted_kid_burnout_story/
dra28s,2019-11-04 01:10:05,suicidewatch,School burnout,"Anybody else so burned out by school that they basically no longer pay attention or do the work, and just silently suffer as it makes their mental health worse than it already was? It's been weird for me, I'm so burned out that I actually don't want days off anymore because at least I'll be able to pass the time by crying in the bathroom.",17,3,https://www.reddit.com/r/SuicideWatch/comments/dra28s/school_burnout/
