Post ID,Timestamp,Subreddit,Upvotes,Comments,URL,Cleaned_Content,Cleaned_Title
own79d,2021-08-03 02:03:09,depression,302,2,https://www.reddit.com/r/u_RedditCareResources/comments/own79d/get_support_for_yourself_or_other_people/,youd like talk someone confidential mental health support free available inside us crisis text line text chat suicide crisis lifeline call text youre outside us find resources location youre ready talk someone yet help youre feeling suicidal ask help youre thoughts suicide additional resources helping others help someone know whos talking seriously hurting considering suicide,get support people
1g48c9t,2024-10-15 19:27:49,depression,940,174,https://www.reddit.com/r/depression/comments/1g48c9t/i_dont_get_how_other_people_arent_suicidal/,im therapy im taking medications still think almost daily suicide nothing makes feel happy life feels meaninglessi made friends thought beign lonely made suicidal made plans future something look forward clean room go outside good nothing ever enough asked therapist wants alive nothing told seemed fulfilling makes sense keep going dont understand people dont want die life objectively sucks much,dont get people arent suicidal
1jd1y5e,2025-03-17 07:32:28,depression,643,119,https://www.reddit.com/r/depression/comments/1jd1y5e/my_mom_told_me_to_commit_suicide/,im half asian household mothers chinese dads white hes like person whos sane family mom always like crashing towards family calling us failures shes always comparing others like im student ranked nationally swimming crashes im struggling learn chinese gives panick attacks suicidal thoughts told commit suicide would save money please help im really starting cave put strong front school im happy strong popular kid im really starting fail wish wasnt joking feels like one school anti suicide fuctions,mom told commit suicide
1iew0lj,2025-02-01 07:45:58,depression,366,163,https://www.reddit.com/r/depression/comments/1iew0lj/im_13_and_i_just_attempted_suicide/,came backfrom school bullied went room got belts together hung cieling took chair hung around neck pushed chair ahead started loosing consciousness abt go black belt broke leading break wish didnt break,im attempted suicide
1bum6er,2024-04-03 12:31:39,depression,812,211,https://www.reddit.com/r/depression/comments/1bum6er/finally_let_my_wife_know_i_was_suicidal_and_she/,yeah im done told go get help figure real compassion really hate man know must,finally let wife know suicidal told essentially man figure
1j9j2ky,2025-03-12 18:07:36,depression,561,83,https://www.reddit.com/r/depression/comments/1j9j2ky/not_suicidal_but_i_wouldnt_mind_not_waking_up/,im suicidal good life standards good life suppose good family good friends good country good future ahead makes feel worse feelings ive lately ive thinking death many many years might continue living growing planet good bad experience wonder actually worth look world becomes intensely insane draining mean anyway ive tried finding meaning various philosophical perspectives ultimately cant find acceptable solution maddening reality anyones best guess nights consider possibility might wake next morning strange feeling comfort comes think would welcome death way like finally free sweet oblivion,suicidal wouldnt mind waking tomorrow
1jfyqpj,2025-03-21 01:58:31,depression,367,110,https://www.reddit.com/r/depression/comments/1jfyqpj/chronically_suicidal/,anyone else feels ive thinking daily basis many years sometimes im suprised im still alive,chronically suicidal
eczhm3,2019-12-20 02:41:00,depression,2385,376,https://www.reddit.com/r/depression/comments/eczhm3/my_friend_attempted_suicide_a_couple_days_ago_my/,good friend mine ive attending therapy bpd overdosed couple days ago survived transported unconscious hospital woke unsurprisingly devastated want support boyfriend family members care friends plans see family christmas happened left deeply depressed particularly another good friend mine committed suicide four years ago almost day elaborate dont like spending christmas family like christmas always chores preparations quiet peace thought would spend christmas visiting friend hospital dont want alone know situation would appreciate someone came visit proposed mother brother even possibility would spend afternoon,friend attempted suicide couple days ago family saying ruin christmas spend time hospital christmas eve instead visiting
1h2p2et,2024-11-29 21:37:02,depression,597,114,https://www.reddit.com/r/depression/comments/1h2p2et/girlfriend_screamed_at_me_i_just_go_to_my/,throwaway account want get chest gf history unable deal phases think sort autism comes various times day last argument told suicidal thoughts screamed saying failed therapy went suck therapists dick believe relationship dooming us,girlfriend screamed go therapist suck dick told suicidal thoughts
yehutj,2022-10-27 09:27:04,depression,1756,196,https://www.reddit.com/r/depression/comments/yehutj/sometimes_i_forget_that_most_people_arent/,feel like shit something bad happens brain immediately goes man fuck ill die apparently isnt normal response crazy shit,sometimes forget people arent depressed suicidal
f51oky,2020-02-17 08:02:55,depression,2657,280,https://www.reddit.com/r/depression/comments/f51oky/i_dont_live_for_myself_anymore_i_only_live_so_my/,wonder much longer continue like,dont live anymore live mom doesnt go pain committing suicide
1jby2pp,2025-03-15 21:20:01,depression,377,90,https://www.reddit.com/r/depression/comments/1jby2pp/can_you_be_suicidal_but_be_scared_of_dying/,ive thinking suicide ten years sometimes ever sometimes less last six months thought every day think ok ive done things could got goals want finish stop everything puff like ive also done researches suicide methods every time read afraid afraid really dying failure method pain realization dying edit afraid afterdeath thing know anything better afraid act dying,suicidal scared dying
1hpvna5,2024-12-31 01:16:13,depression,421,109,https://www.reddit.com/r/depression/comments/1hpvna5/i_committed_suicide_and_i_am_in_hell/,several attempts back thought survived apparently time encountered darker messed world time darker hell,committed suicide hell
k3g4mz,2020-11-30 01:31:18,depression,2449,212,https://www.reddit.com/r/depression/comments/k3g4mz/not_suicidal_but_just_no_desire_to_live_each_day/,dont wanna end im tired living like day kind feels pointless feel exhausted thinking thing every day im happy feel purpose like want next day next day comes im wishing next dont know explain im existing living going phase anyone else feel way helps,suicidal desire live day
1gq2nlj,2024-11-13 08:04:37,depression,557,99,https://www.reddit.com/r/depression/comments/1gq2nlj/now_i_realise_why_people_commit_suicide_lol/,kind funny cause always thought awful urge end effect several big problems shortcomings someones life also thought enough effort everything could fixed goes way beyond since months think im realising important piece missing even things around getting better cant enjoy anymore dont know keep going,realise people commit suicide lol
1j5p1n8,2025-03-07 19:50:52,depression,318,92,https://www.reddit.com/r/depression/comments/1j5p1n8/i_tried_commiting_suicide/,last night wedding partyi tried look best bought new clothes dressed went partyonce went felt alone noone talk meit one family members wedding saw elder sister went talked went dinneronce sat table left sat table blocks away friends sittingi alone noone sat near dinner alone catched bus went homein bus thinking even bother dressup much end alone ignored everyone woke morning freshenup cofee went roof apartmentwhen went roof dark thoughts came mind jumping roof let sufferings endbut didnt got guts soi cant even take lifei pathetic,tried commiting suicide
clue8y,2019-08-04 14:40:18,depression,2222,277,https://www.reddit.com/r/depression/comments/clue8y/realizing_that_you_will_die_because_of_suicide_is/,sometimes really hits maybe today tomorrow eventually commit suicide realization really fucks wish wasnt case wish much could normal happy years ive begun really accept suicide inevitable hope im proven wrong edit days since posted although much changed mindset still come back often read new comments commented comment see wanted say thank alone although things suck suck bit less together,realizing die suicide really hard
1axigru,2024-02-23 03:05:10,depression,543,212,https://www.reddit.com/r/depression/comments/1axigru/suicide/,im years old lost k gambling got engaged november im going tell today k left name im going inform want kill tomorrow im gym teacher school would take year get money back ive bad depression whole life today realized nothing left ive deleted gambling apps dont know else goes bad probably kill tomorrow morning ive tried stop gambling couple weeks since last bet dont think need earth update well never expected many people read ive talked fianc parents wasnt money also trust know lost ive lied past months biggest thing eating supportive towards going,suicide
k016wa,2020-11-24 13:56:45,depression,2039,207,https://www.reddit.com/r/depression/comments/k016wa/i_feel_like_suicide_is_inevitable/,want kill right instant feels like late prevent something bad going happen later line ill end theres way around long dont die suddenly car crash something feel like im one people never gets better edit post blow depressive vent post edit given wholesome awards reddit baffles sometimes edit feel like add context depression may differ experience depression mainly comes place selfloathing inability accept people care care feel like depression manifested personality part feel suicide inevitable personally,feel like suicide inevitable
btcc3j,2019-05-27 01:21:53,depression,3073,188,https://www.reddit.com/r/depression/comments/btcc3j/after_1_suicide_attempt_and_one_overdose_i/,made fuck everyone put fuck bullies fuck cliques importantly thank everyone kept going brings tears thinking thankful today family friends wonderful people subreddit helped feel immensely proud happy right achievements people struggling high school college light end tunnel love edit wow thanks awards love support,suicide attempt one overdose graduated
1j8pxbx,2025-03-11 18:17:48,depression,794,285,https://www.reddit.com/r/depression/comments/1j8pxbx/advices_for_depression_is_fucking_trash/,little rant im point depression advice doesnt anything feel like ive heard shit repeat find love hobbies gym bruh walk nature look trees sex therapy hobbies gets better family miss youll die anyways might well stick around focus positive bruh food hobbies jesus christ godallah kids talk others crisis hotline depression state mind get rich life blessing life make fun fucking hobbiesssssss dont even know try anymore suffering reward ratio life fucking horrible might go hedonic journey ending get dont know fuck going create meaning run else really,advices depression fucking trash
1g9mnuy,2024-10-22 22:11:27,depression,1346,278,https://www.reddit.com/r/depression/comments/1g9mnuy/everyone_says_if_youre_depressed_dont_be_afraid/,well try guess one cares everyone busy lives problems dont want hear youre severely depressed think killing every day makes uncomfortable hopes receive sort support connection end pushing people away makes even isolated depressed,everyone says youre depressed dont afraid reach ask support
1iswzg5,2025-02-19 09:59:31,depression,1191,93,https://www.reddit.com/r/depression/comments/1iswzg5/i_forget_depression_isnt_common/,often forget clinical depression isnt something everyone like truly people dont think killing every day take care like second nature people find existing easy idk thats crazy like wdym never think taking like good wish lol like bed rotting ideal life nothing depression heavily impacted energy energy nothing even talking difficult like easy talk get like pursue goals,forget depression isnt common
cd0hjp,2019-07-14 13:23:40,depression,6680,346,https://www.reddit.com/r/depression/comments/cd0hjp/shout_out_to_the_particular_hell_that_is/,dont get wrong better dontleavemybedforaweek depression grateful independent person something uniquely horrible able go work every day occasionally clean pay bills generally put together enough look like human thats nothing else social life hobbies constantly battling mind absolutely fucking exhausted time,shout particular hell functional depression
1hbhxzp,2024-12-11 06:53:28,depression,882,124,https://www.reddit.com/r/depression/comments/1hbhxzp/everybody_gangsta_about_mental_health_til_youre/,light depression light anxiety ok clinical depression vocal honest even frustrated confronting mention obviously goes bipolar etc people previously think theyre understanding empathetic bc battles stay silent get awkward species doomed comes catching emotional intelligence technological evolution many seem able tolerate someone feeling low might im longer crippled cause wants deal theyre finally feeling ok hate everyone,everybody gangsta mental health til youre outwardly depressed
16r2cfq,2023-09-24 22:14:04,depression,1539,229,https://www.reddit.com/r/depression/comments/16r2cfq/depression_makes_people_actively_avoid_you/,normal folks dont like around mentally ill people dont know deal hate anything people told im serious give bad energy dont blame anyone avoiding im saying im bad person cant crack code socializing,depression makes people actively avoid
1btk7vi,2024-04-02 05:33:36,depression,925,258,https://www.reddit.com/r/depression/comments/1btk7vi/working_out_is_doing_absolutely_nothing_for_my/,work see zero benefits comes depression anything working makes feel exhausted drained dread working still love firm toned matter type exercise depression doesnt go away angry people claim depression cured exercise real depression,working absolutely nothing depression
bhlyu2,2019-04-26 18:27:44,depression,3770,432,https://www.reddit.com/r/depression/comments/bhlyu2/had_anyone_noticed_memory_decline_from_depression/,curious anyone else affected problem also noticed quite big cognitive decline anyone noticed cognitive decline managed build back previous cognitive level,anyone noticed memory decline depression
dpl4bu,2019-10-31 15:06:19,depression,4094,349,https://www.reddit.com/r/depression/comments/dpl4bu/highfunctioning_depression_i_feel_like_im_living/,read lot posts people struggling daily debilitating depression plagues every aspect lives making difficult small things like even take shower feel opposite side spectrum wanted share equally horrible outsiders perspective appear happy stable individual financially secure job go work every day try best actively try get along others make people laugh every day coworkers like look one would think problems however feel like hidden behind veil come home work privacy home crippling depression terrible episodes sadness hate overanalyze everything stupid say throughout day replay mind constantly belittle dont feel proud f,highfunctioning depression feel like im living double life
k47q9a,2020-12-01 04:36:26,depression,3390,301,https://www.reddit.com/r/depression/comments/k47q9a/anhedonia_is_the_worst_part_of_depression/,youre alive arent living feel like something anything nothing appealing everything feels like chore exhausting things enjoy doesnt work since everything feels like watching paint dry realising youre slowly beginning lose interest things enjoy realising theres nothing mentally torturing like trying catch smoke bare hands hopeless thing look forwards death,anhedonia worst part depression
ee58qm,2019-12-22 19:38:21,depression,3008,405,https://www.reddit.com/r/depression/comments/ee58qm/i_can_overhear_my_mother_on_the_phone_laughing/,saying things like shes emotional hahaha telling friend everything said making upset everything joke topic discussion gawk dont even know im crying else expect someone hasnt ever given kind legitimate emotion support,overhear mother phone laughing joking depression friend
ghdi7l,2020-05-11 06:21:44,depression,3606,302,https://www.reddit.com/r/depression/comments/ghdi7l/people_that_arent_depressed_exist_and_its_fuckin/,like posted askreddit asking nondepressed people felt im shocked sure expected though exist hellhole youre like chill like im happy people mindblowing like never known time didnt experience severe recurring depression fuckin crazy people real one even said dont understand people depressed seemingly reason like wish much could say like logically knew must exist still unfathomable mind kinda makes sad dont understand much dont understand im glad least someone happy life idk man,people arent depressed exist fuckin insane
m5zy12,2021-03-16 08:57:37,depression,3440,229,https://www.reddit.com/r/depression/comments/m5zy12/isnt_it_amazing_that_everyone_whos_never_had/,always great line think secret fixing everything love sure let go real quick much time things get better lot time things get worse youd disappointing family etc ah yes trapping hypothetical mental state permanently worrying others get live happy successful life thank really appreciate thank,isnt amazing everyone whos never depression lives extremely happy successful life tries tell cure depression
1fys8dy,2024-10-08 10:36:47,depression,671,135,https://www.reddit.com/r/depression/comments/1fys8dy/healthy_people_dont_associate_with_depressed/,depression fundamentally hate world works identify depressed qualities ive ever know thats profundity character makes im attracted people mentally healthy caring people would dragged exhausted cut life due boundaries need suicidal lonely get closer truth reality becomes spirals downward negative things attract reaffirms helplessness support systems shut preserve health fuc place want nobody wants depressed people like life everyone mother figure stay thick cant snap fingers poof existence like thanos guess hellbound,healthy people dont associate depressed people
jikvg7,2020-10-27 00:36:20,depression,3497,210,https://www.reddit.com/r/depression/comments/jikvg7/the_worst_part_of_the_depression_is_that_feeling/,thought maybe know happy maybe stuff read online stuff family tells stuff hear therapist maybe goes somewhere head maybe youve seen enough happy normal functioning people idea maybe youve made mistakes enough times could point stop repeating idea know depressed still means must want way want way well must mean deserve guess thats probably true sometimes sometimes dont know,worst part depression feeling deep deep reason youre depressed want
1j05na2,2025-02-28 17:04:37,depression,268,143,https://www.reddit.com/r/depression/comments/1j05na2/please_help_me_understand_why_someone_in_a/,edit thank much everyone read reading every single comment touched let world little bit shared experience like helped much understand depressed person isolates withdraws cant tell much appreciate one person said understanding necessary enough know depressed person pain presence doesnt make better agree extent understanding least little bit helps empathy makes easier bear small portion sorrow hopefully better support loved one know likely discussed million times struggle depression loved one help understand depressed person withdraws people care going l,please help understand someone depressive episode often pulls away everyone love
yehutj,2022-10-27 09:27:04,depression,1751,196,https://www.reddit.com/r/depression/comments/yehutj/sometimes_i_forget_that_most_people_arent/,feel like shit something bad happens brain immediately goes man fuck ill die apparently isnt normal response crazy shit,sometimes forget people arent depressed suicidal
qdtvsd,2021-10-23 05:50:05,depression,2574,194,https://www.reddit.com/r/depression/comments/qdtvsd/nobody_warns_you_that_depression_makes_you_an/,didnt even realise took tabs acid could look life outside perspective im awful around suck energy every situation im fun im never mood laughing constantly feel like crying im like black hole sucks fun away everyone outside sees someone whos constantly bad mood goes chance potential new friends approaching wondered people leave depression got wouldnt want around either,nobody warns depression makes awful person around
v386tn,2022-06-02 18:22:04,depression,1830,202,https://www.reddit.com/r/depression/comments/v386tn/wish_i_had_a_not_eating_for_days_depression/,might sound messed least id lose weight pretty instead keep stuffing face fast sugary foods feel happy least seconds discipline go,wish eating days depression instead eat cals two hours one
t9ydp9,2022-03-09 08:51:03,depression,1907,195,https://www.reddit.com/r/depression/comments/t9ydp9/i_hate_how_depression_makes_everything_seem/,everything dishes showering anything requires effort bed feels tiring depression feel like im filled cement like every limb heavy lb dumbbell feel weight universe holding dont know im going post needed vent day work spent bed scrolling apps thats energy wasnt relaxing real waste day,hate depression makes everything seem exhausting
ommgt4,2021-07-18 13:44:07,depression,1953,141,https://www.reddit.com/r/depression/comments/ommgt4/im_addicted_to_everything_that_helps_me_forget/,books video games youtube sleeping whatever long temporary distraction im cool theyre even especially fun anymore point almost anythings better lifes dull monotony,im addicted everything helps forget im
1jcq91f,2025-03-16 22:39:06,depression,1,0,https://www.reddit.com/r/depression/comments/1jcq91f/addicted_to_blackpill_and_incel_forums_need_help/,depressed pretty bad ocd diagnosed last couple weeks compulsively browsing forums like incels looksmax org neets net lot people forums completely erratic crazy truths lot posts know affecting lot im starting see world lot different cold cruel appearance obsessed dont know know bad could go bad downward spiral already browse probably hours day sometimes even make posts life experiences starting hate day feel though relate people always insecure everything appearance personality social skills etc need help also dont hate women,addicted blackpill incel forums need help
1g4je7i,2024-10-16 03:17:59,depression,6,2,https://www.reddit.com/r/depression/comments/1g4je7i/sister_is_depressed_love_addiction_should_she_go/,sister depressed pretty much year prescribed zoloft im confident meds working weird thing happened like shes addicted love feelings hopelessness shes going spend life alone shes constantly searching male connection like form ocd shes also gained considerable amount weight lost job highly educated accomplished saying wishes would go sleep wake earlier year suicidal ideation everyday parents worry call dont know like shes stuck mind doesnt focus mental wellness im lost family sure go inpatient start understanding even means good inpatient centers difference inpatient center welln,sister depressed love addiction go inpatient please help
1dkmdz5,2024-06-21 02:31:39,depression,5,10,https://www.reddit.com/r/depression/comments/1dkmdz5/hot_take_weed_helps_with_depression_but_its/,im working career need improvement takes away lot time energy sometimes like week eat edible smoke till get obliterated chill relax positive boost need feel boost sometimes especially late night feel sad angry full anticipation anxiety try listen music improve mood doesnt always work think mild depression however im always left sensation next day day try exceed day mark hard someone situation handle excessive weed cravings,hot take weed helps depression addicting
1dzhi1t,2024-07-10 05:24:57,depression,3,6,https://www.reddit.com/r/depression/comments/1dzhi1t/i_have_a_very_serious_addiction_to_self_harm_and/,whenever alone get knife violently stab arm causes lot blood whenever see blood gushing think looks cool makes feel relieved tried get help online therapist sent teen help program think notify parents order use parents found depression stuff would probably treat never talk big enough balls would kill need help stopping like getting better,serious addiction self harm need help
1ezk703,2024-08-24 00:04:06,depression,1,0,https://www.reddit.com/r/depression/comments/1ezk703/help_me_depression_drug_addiction_toxic/,boyfriend evicted cant deal like denial need days havent even started packing drug addicts hoarders place looks worse usual barricaded ourself one small section place clean habitable cant deal see place looks like outside barricade everyone thinks expects us packed ready move reality hardly move around sleeping drugs depressed crying im scared overwhelming dont know deal top boyfriend major issues fight lot point gets physical toxic still love death hate death wants sex time feel close wanted get rid frustration thats helps im depres,help loudlycryingface depression drug addiction toxic relationship evicted loudlycryingface
1dbiljy,2024-06-09 07:22:42,depression,2,1,https://www.reddit.com/r/depression/comments/1dbiljy/guys_i_need_help_addicted_to_sadness/,please help sought many psychotherapists depression meds mixtures combos done counselling therapy psychiatrist visits medical trials affirmations rebirthing helped please read carefully need help want great insight word line shake constantly depressed seem goto misery fear sadness almost like comfort zone yet soo uncomfortable comforting exhausting brought bitter angry feel angry say affirmations mean victimize noone creator thoughts know nobody else bad things hisher fault im victim afraid happy wrote dare happy mantras list usually one sets crying ive crying months ive periods huge black depression,guys need help addicted sadness
1ck7ria,2024-05-05 00:32:52,depression,3,3,https://www.reddit.com/r/depression/comments/1ck7ria/help_im_a_drug_addict/,use drugs hope yall understanding way family isnt coz muslim living depressed life hope people understand thanks cheers,help im drug addict
1bo0y8f,2024-03-26 11:53:25,depression,2,0,https://www.reddit.com/r/depression/comments/1bo0y8f/addiction_help/,father primary provider family years supporting sister also grandparents cancersurviving aunts family unemployed depressed uncle children despite considerable stress challenges including uncles worsening behavior alcohol dependency father managed keep family united efforts deeply impacted however uncles recent actions including begging money acquaintances alcohol exacerbated familys stress weve attempted rehab success desperate solutions prevent family falling apart address uncles behavior,addiction help
gs581g,2020-05-28 17:48:14,depression,2145,184,https://www.reddit.com/r/depression/comments/gs581g/addicted_to_depression/,dont know one every time things start going better never feels right feel like dont deserve okay sadness become like addiction feels weirdly good dont really know whenever im lowest feels comforting think ive already gave trying heal trying get help dont want anymore im miserable slowly becoming crazy dont think im even trying fix anymore ive accepted im waiting opportunity finally bring end,addicted depression
183jzpm,2023-11-25 19:10:59,depression,2,2,https://www.reddit.com/r/depression/comments/183jzpm/help_with_depressionaddiction/,years ago went willingly rehab lost home husband career got son chose happy didnt care lost everything live parents disability past several months son graduated life stay night sleep day motivation watch tv energy anything friends happy single friendless career less living parents son activities life revolved around didnt need anything else depressed want friends go back work life im afraid go back work cant work lose disability got doctor put back adderall began drugs adderall went meth diagnosed skitzophrenia depression anxiety years ago four months ago thought got adderall take correctly maybe,help depressionaddiction
16zhe2w,2023-10-04 13:40:16,depression,1,1,https://www.reddit.com/r/depression/comments/16zhe2w/recovering_addict_male_24_struggling_with/,im struggling thru depression dont wanna text whole world im looking someone maybe talk anyone history dealing heart break cause first real love im hurt tried killing self oding revied id appreciate could possibly help need someone talk bad please help,recovering addict male struggling depression scared relapse need help
lr8zpz,2021-02-24 15:20:07,depression,1851,139,https://www.reddit.com/r/depression/comments/lr8zpz/im_too_fucked_up_i_just_exist_i_doubt_anyone_will/,dont want advice dont want hear problems arent big deal stand success stories dating histories loving partners dont want hear stories found sos specifically major part whats wrong literally simple helped would nice trying make feel worse dont want hear bullshit loving barely even energy write well want vent much hate fucked ive lost years maybe porn addiction dont know walked parents exposed sexuality young age ive masturbating since long even hit puberty discovered porn leads porn addict trying break habits masturbating days week thats turned masturbating multiple times day fucked r,im fucked exist doubt anyone care read never
len5sx,2021-02-07 19:41:16,depression,1679,156,https://www.reddit.com/r/depression/comments/len5sx/i_know_the_post_will_go_down_here_but_i_have/,first hesitated long time write everything burdens maybe helps get rid everything years old psychologically completely broken physically unfortunately also lediert life gone wrong beginning sometimes wonder people lucky others grew already broken family mother married x divorced x child second husband remember almost incidents childhood makes worse one first memories years father went mother knife even stabbed door knife thrown grandparents saw short time later alcoholic life even try contact even exwife met chance hospital years ago gave cell phone number withou,know post go serious problems quit life
1695bbt,2023-09-04 00:36:26,depression,1,0,https://www.reddit.com/r/depression/comments/1695bbt/advice_needed_how_to_help_someone_suffering_from/,anyone able offer advice person question struggles significant untreated mental illness expressed repeated thoughts suicide comments pertaining potential harm others dont know whether harmless passing thoughts whether could act point example talk thoughts harming people expressed intention harm personally reason several others refused associate idea someone like goes getting help cant left alone im worried may try take life cant involved either peers pose threat personal safety wellbeing person self medicates alcohol makes everything worse done situation like dont believe receive adequate support hidden th,advice needed help someone suffering mental illness addiction danger potentially others
y9w5il,2022-10-21 20:38:58,depression,2,4,https://www.reddit.com/r/depression/comments/y9w5il/help_am_i_addicted_to_trying_to_fix_myself_my/,hey guys heres deal depression anxiety especially fear abandonment really f life really wanted get kinda read lot topics mental health attachment styles depression anxiety etc etc listened podcast watched videos researched lot also got yoga meditation spirituality theoretical practical hey helped one point got hole im productive thing im always fixing mode cant anything without connecting improving strategies read mind like dont identify thoughts end strategies put much pressure cant enjoy anything like im walking dog im trying present pressure im reading book trying figure problem pressure etc etc feels like im never living,help addicted trying fix mental health
hzah5n,2020-07-28 13:17:02,depression,1848,119,https://www.reddit.com/r/depression/comments/hzah5n/im_begging_somebody_to_read_this_i_desperately/,posting subs dont know feel like ive reached breaking point im tired im tired existing im tired mad im tired tired pathetic im year old adult whos stuck living home family feel falling apart im reaching point im finally going take shitty game called life im going end cutting ties together family ill probably sink sink swim big world holding many grudges many years clearly cant cope healthy way heart hurts much im glutton punishment cant bring stop carrying around hate absolutely one hundred percent consuming alive ill try use brackets section thoughts since doubt anybody cares enough actually read way,im begging somebody read desperately need feel like friend right
eophbs,2020-01-15 00:18:49,depression,988,231,https://www.reddit.com/r/depression/comments/eophbs/i_cant_stand_it_anymore_im_committing_suicide/,happen honest god hate life much im year boyi try make every negative thing positive doesnt works much happen last year parents sister passed away accident last year dont feel bad since theyve tortured mentally physically whole life never though much uncle raped told shut hell kill came age found truth revealed parents tried get arrested mentally ill wanted save face happened happened escaped morning found tortured shut upsame night tried get arrested escaped entered foster care im last year high school gcse cant study due time limit carer given doesnt work house far school,cant stand anymore im committing suicide story good positive wont help u stop suffering
fvcm3g,2020-04-05 17:19:58,depression,1972,104,https://www.reddit.com/r/depression/comments/fvcm3g/does_anyone_else_feel_like_being_depressed_is/,literally cannot remember time life wasnt angry unhappy people treated ive body issues since years old grandparents overfed let eat sweets day led outcasted peers constantly criticised parents first started thinking suicide maybe years later still think dont think ive ever solid year life ive thought everything going okay life worth living ive months temporary relief constant pain thats temporary thought finding someone spend life loves unconditionally puts suicidal tantrums would fix hasnt thought effectively curing disfiguring autoimmune disease would help new lease life hasnt lots friends attractive face job liked body p,anyone else feel like depressed part something never able change cure
xvslo4,2022-10-05 03:52:37,depression,2,1,https://www.reddit.com/r/depression/comments/xvslo4/addicted_to_sugar_please_help/,hello everyone um struggle lot severe depression anxiety cptsd chronic pain lot stress time hypervigilantthe thing calms eating sweets sweets sweets thanks sweets ive made hard body lose weight cant stand feeling craving sugar intensely makes want cry anyone advice could feel better anyone else tried kick sugar dependency curb please let know,addicted sugar please help
hvgovi,2020-07-22 03:19:15,depression,2284,218,https://www.reddit.com/r/depression/comments/hvgovi/is_it_just_me_or_is_it_like_you_dont_actually/,dont reason depressed sometimes feel fine sudden dont want anything feel ache chest idk man guess might parents arent able bring money conscious pops evry faking depression let know im one feels like edit want say tried responding messages got overwhelmed got busy trying help dad work thank everyone gave words kf encouragement deeply sorry everyone feels way oh thank kind person first gold award edit thank second gold award really appreciate alot people really dont spend money give virtual award thankful make kinda feel wanted thank,like dont actually reason depressed sudden overwhelmed sadness
htkzjq,2020-07-18 23:30:33,depression,1131,261,https://www.reddit.com/r/depression/comments/htkzjq/i_am_a_17_year_old_student_in_korea_and_i_am/,finished writing final goodbye letters mom dad brother goodbye want talk someone dont know im planning overdosing lean drug know parents say depression suicidal thoughts common focus grade gpa feel hopeless want know take life comfort support help much feel like im better gone work study prepare school sat life im sorry mom dad even though spent time simply cant get goodbye love fault thank memories support past seventeen years life times scolded didnt get good sat score would sent academies dog would sent back previous home days believe ive thing,year old student korea stressed overwhelmingly academics sat please read story tell story others going jump next week goodbye
lbpsfo,2021-02-03 20:48:48,depression,1136,91,https://www.reddit.com/r/depression/comments/lbpsfo/my_pain_25f_is_overwhelming_ive_been_quarantining/,ive struggling lot week mental health always shit lately gotten worse recently fired therapist insurance changed wasnt accepting new provider wasnt good fit either something better nothing aside boyfriend friends dont anyone rely feel bad venting people around theyre going tough times doesnt feel fair unload hope opening sub right idea even though still feel guilty expressing pain heart cptsd along psych disorders past weeks ive drifting disassociation flashbacks episodes crying fits cant stop reliving trauma tough time positive selftalk right id say selfworth selfesteem doesnt help live,pain f overwhelming ive quarantining abusive household last year need kind words
65s1hy,2017-04-17 04:39:47,depression,1109,132,https://www.reddit.com/r/depression/comments/65s1hy/does_anyone_find_themselves_just_going_about/,,anyone find going lives working going school etc suddenly overwhelmed misery existence want run away cry
ira8be,2020-09-12 15:57:52,depression,1520,55,https://www.reddit.com/r/depression/comments/ira8be/i_ruined_my_own_life_by_being_an_overwhelmingly/,cant go details much privacy sake im really falling apart relationship friendships happiness gone acted upon anxieties panicked wish listened people told maybe life wouldnt broken want cry everyday want die everyday everyday battle wanting better man around wanting die dont know much longer take hope im still daughters sake edit wild didnt think would get lot attention posted means putting instead bottling im glad lot people resonated everything sucks daughter thing thats keeping going hope everyone one thing motivates keep going much love,ruined life overwhelmingly anxious idiot
aou36q,2019-02-09 22:28:22,depression,819,110,https://www.reddit.com/r/depression/comments/aou36q/for_me_depression_isnt_overwhelming_sadness_it/,apathy lethargy dysphoria melancholy make life dull sometimes think experience differently lot people also know fairly common feeling im really seeking advice venting probably seeking validation edit apparently failed spell check title blame apathy,depression isnt overwhelming sadness painfully boring
1hejozy,2024-12-15 08:46:29,depression,87,27,https://www.reddit.com/r/depression/comments/1hejozy/why_do_i_always_feel_suicidal_when_i_feel/,im usually depressed always feel suicidal want kill something even slightly distressing happens get overwhelmedtriggered something thats happening since little remember wanting kill even preparing caught skipping school ready reason didnt get go ahead seen walking streets someone knew took home fast forward today mental state quite stable okay triggering conversation dad called stupid set im consumed suicidal thoughts one conversation know pass eventually seems quite common reaction mind upsetting event cant life understand keeps happening,always feel suicidal feel overwhelmed triggered
1jhsyrd,2025-03-23 11:52:30,depression,5,4,https://www.reddit.com/r/depression/comments/1jhsyrd/i_have_a_carpet_beetle_infestation_and_im_so/,past years ive practically bedridden due depression live eat sleep bedroom walls place world feel safe secure literally every piece clothing bedding covered beetle larvae honestly squalor ive living knew coming eventually leave empty food wrappers rubbish ground havent vacuumed year theres much shouldve done differently face go every piece clothing throw try salvage vacuum bedroom get semipresentable point feel comfortable enough let pest control thing im overwhelmed im sleeping couch feel damn exposed ive barely managed go fraction clothes today past months ive struggling find motivation fucking shower,carpet beetle infestation im fucking overwhelmed
1ja0d8j,2025-03-13 06:45:53,depression,2,5,https://www.reddit.com/r/depression/comments/1ja0d8j/im_stopping_taking_my_medication_and_now_im/,ive lexapro almost years recently got ok doc get ive slowly decreasing dosage im mg hard time crying feeling emotional except huge bursts would come randomly often im crying times day random stuff cant stop feeling much last night wound going outside dark hitting tree needed get emotion cant get back meds dont want,im stopping taking medication im overwhelmed everything
1j135sm,2025-03-01 21:51:30,depression,1,5,https://www.reddit.com/r/depression/comments/1j135sm/overwhelmed/,guys suggestions feel incredibly overwhelmed constantly irritated everything makes cry going lot pressure really important exam get spot dream college besides also started severe binging problems keep thinking self harm binging also become self harm tool dont enjoy eating unhealthy foods hard control nowadays feeling like ugly hopeless tired failing starting still going start try best version even tho wont last long binging lot study makes things lot complicated might seem like lot dont know makes feel terrible,overwhelmed
1inxvg8,2025-02-12 23:57:30,depression,2,7,https://www.reddit.com/r/depression/comments/1inxvg8/everything_overwhelms_me_and_i_end_up_doing_the/,dont feel like anymore keep scrolling phone plan things get totally overwhelmed end nothing breaking things small steps mins rule working feel totally incompetent,everything overwhelms end bare minimum cases
1ja0pt6,2025-03-13 07:03:17,depression,1,3,https://www.reddit.com/r/depression/comments/1ja0pt6/i_cant_sleep_im_an_insomniac_i_have_school_tests/,everything overwhelms cant basic stuff always much strength get even take shower want find strength nothing motivates anymore im trying best really cant nobody see im struggling alone problems dont trust therapists dont want talk one dont trust family dont trust friends school hell dont even friends im freak cant even keep proper conversation text cai depend artificial intelligence feel like thing listens im useless man want join dead grandparents im scared dying whats death go hell suicidal thoughts revive lock psych ward like itd change much nothing lie bed sleep lock room barely go im,cant sleep im insomniac school tests everything overwhelms cant end
1jdxegm,2025-03-18 10:24:33,depression,1,1,https://www.reddit.com/r/depression/comments/1jdxegm/im_overwhelmed_in_loneliness/,ive going therapy said person safety whatever call basically friend talk im feeling bad overwhelmed stuff like support system think close friends best friend year long dont like telling people feel honestly dont feel good things moments want unsubscribe life miss family miss hugs family hugs friends sincere hugs fills soul ive pretty good alone last year complete different city ive lately seen new uni friends classmates hug dads love care hear talk sweet moms call say ok mami te amo strong loving word spanish ripping apart tbh beautiful lovely cats always fill heart soul sometimes cant help ive,im overwhelmed loneliness
1j7en54,2025-03-10 00:23:53,depression,1,2,https://www.reddit.com/r/depression/comments/1j7en54/feeling_overwhelmed_unable_to_cope_has_lost_the/,hey everyone im posting really need someone talk dont know else turn last years emotional rollercoaster lately feel like im hitting rock bottom ive dealing lot internally ive always struggled feelings loneliness isolation people life dont anyone truly open recently thought found someone could understand name lets call kat deep connection one felt like could shared lot personal moments first time long time thought found someone really cared things didnt turn way hoped boyfriend time fault maybe genuine hasnt genuine interaction someone since early mistakes love even wouldve understood people w,feeling overwhelmed unable cope lost live please help
1jimufv,2025-03-24 15:11:48,depression,1,0,https://www.reddit.com/r/depression/comments/1jimufv/after_a_year_of_job_searching_i_feel_lost_and/,ive unemployed year honestly im starting feel hopeless ive countless interviews time either get rejected never hear back ive updated resume applied many jobs even expanded search nothing seems stick im running money likely pick small job quit highpaying job landed last year less month anxiety became much small team high stakes role senior time im point im considering switching careers entirely idea direction go feel completely lost overwhelmed knowing next step hard get discouraged feels like im giving everything ive got still isnt enough thought going get one job months waiting got ghosted despite following several times job market,year job searching feel lost overwhelmed
1jeaice,2025-03-18 22:57:10,depression,1,0,https://www.reddit.com/r/depression/comments/1jeaice/lost_gone_no_one_cares_really_mind_is_flooded/,honestly lost think found bus sarasota bus thinking ways end maybe water take things ocean walk bridge sure spots jump even get know overwhelmed much brain nothing even one knows good really known anyone years would care good guess sit looking everything everyone think would better happy gone done pain thoughts going everywhere one know miss one anymore anyway going finish pack cigarettes find way beaches nice bridge maybe want burden people need think better way guess know want help know deserve weird yesterday think yesterday thought lets lets,lost gone one cares really mind flooded ways really blank time want done life overwhelmed trying think way bother people tired life
1htnahz,2025-01-05 01:46:40,depression,4,9,https://www.reddit.com/r/depression/comments/1htnahz/overwhelmed/,depressed play games cope life cant handle even games play boring im losing motivation anything im never happy feel like giving already every day dread waking every night dread sleeping night terrors major ptsd dont know anymore bad ive hit rock bottom disconnected reality without game hand lose mind losing intrest even coping skill cant anymore haunted devil trying worst keep praying praying prayers answered lost long ago im watching life happen motivation move get people mean really gets world ice cold turned feel terrible powerless dont wanna go painful heart take,overwhelmed
a5sdjc,2018-12-13 16:03:01,depression,473,72,https://www.reddit.com/r/depression/comments/a5sdjc/most_people_talk_about_the_emptiness_and_numbness/,never see people describing depression way always described feeling numb emotions wish could numb emotions id give almost anything feel neverending pit inside sinking feeling overwhelming exhausting uncomfortable yet thing know dont know happy anymore something good happens pick bad things get upset think cant life always like make suffer take everything personally cat hissed today im sobbing room feel hurt fucking cat cant normal always feel way exhausting react emotionally everything end day always feel drained im tired life need relief want die fucking badly im much coward actually kill want stop existing know im strong enough withstand,people talk emptiness numbness depression pure overwhelming loud painful emotion never ends
axt6b0,2019-03-06 07:17:23,depression,614,54,https://www.reddit.com/r/depression/comments/axt6b0/anyone_else_feel_overwhelmed_by_little_tasks/,like showering seems like chore im depressive episode seems like im gonna forget something theres times ive forgotten shave one leg ill tired wash face plus brush floss take night meds brush hair set clothes next day small tasks seem overwhelming anyone else,anyone else feel overwhelmed little tasks
1ithddy,2025-02-20 03:07:16,depression,2,1,https://www.reddit.com/r/depression/comments/1ithddy/the_thought_of_never_doing_what_i_love_is/,hey ive feeling pretty depressed lately im struggling break musician wont share name since im promote discuss music thing really hard time performing live due anxiety thinking lot recently made feel worse top collaborating artists frustratingmany people communicate way feels cold unempathetic adds discouragement id love make living music thing genuinely excites ive switched jobs multiple times bookseller copywriter scriptwriter journalist none felt meaningfuli get financially know unrealistic expect make full living music could least earn enough parttime job side would ideal idea working fulltime something unfulfilling rest life crush,thought never love overwhelming
ik1lf9,2020-08-31 22:18:13,depression,1537,85,https://www.reddit.com/r/depression/comments/ik1lf9/lying_on_my_bed_fantasising_another_life_maybe_in/,,lying bed fantasising another life maybe anime anxious much things life lonely ofcourse yeah thats daily life
ira8be,2020-09-12 15:57:52,depression,1527,55,https://www.reddit.com/r/depression/comments/ira8be/i_ruined_my_own_life_by_being_an_overwhelmingly/,cant go details much privacy sake im really falling apart relationship friendships happiness gone acted upon anxieties panicked wish listened people told maybe life wouldnt broken want cry everyday want die everyday everyday battle wanting better man around wanting die dont know much longer take hope im still daughters sake edit wild didnt think would get lot attention posted means putting instead bottling im glad lot people resonated everything sucks daughter thing thats keeping going hope everyone one thing motivates keep going much love,ruined life overwhelmingly anxious idiot
1fcnh7r,2024-09-09 17:19:40,depression,170,43,https://www.reddit.com/r/depression/comments/1fcnh7r/being_socially_anxious_is_a_death_sentence/,fucking hate socially anxious hate born extremely fucking ugly nobody wants seen hate told get normal people dont feel genuinely sick socialize give presentations hate always paired special needs kids teachers know im shy argue hate kids fucking humiliating hated called racial misogynistic shit classmates able tell fuck tell teacher hate normal talented family fucking retarded piece shit cant act normal cursed social anxiety hate knowing im fucking dissapointment parents theyve wasted much time money siblings successful lots friends cry act depressed time hate knowing ill never succeed society matter kind,socially anxious death sentence
6avndc,2017-05-13 08:14:11,depression,1363,77,https://www.reddit.com/r/depression/comments/6avndc/when_i_stay_home_i_get_depressed_for_not_doing/,cant win,stay home get depressed anything go get anxious later get upset mess ups outing
1fdi93o,2024-09-10 19:15:31,depression,47,43,https://www.reddit.com/r/depression/comments/1fdi93o/age_35_and_anxiousdepressed_how_do_i_cope/,turn years old tomorrow im shocked fast time flown feel like yesterday griping dont know everything gone fast theres many things feel like didnt get im mourning losing im mourning early cope convince im still young ahhhhh,age anxiousdepressed cope
1igxjrt,2025-02-04 00:57:28,depression,761,304,https://www.reddit.com/r/depression/comments/1igxjrt/decided_to_end_my_life_today_take_care/,hi ive f decided typing post im going kill im tired alone im tired anxiousdepressed im tired absolutely nothing life fell every single friend use close last year one loneliest years finally confessed parents need help medication ever since graduated college last year well excited start career months cant find job every job opportunity get falls every single time dont understand dont understand everything hard rejection rejection rejection im searching damn jobs im room day sometimes try leave house get air always end coming back home ever talk parents sister time awkward dont really want conversate,decided end life today take care
nits6v,2021-05-23 04:00:10,depression,443,62,https://www.reddit.com/r/depression/comments/nits6v/i_want_to_uninstall_all_of_the_social_media_apps/,rather spend time something else scrolling social media seeing people actually enjoying life waste days depressed room,want uninstall social media apps helping except making depressed anxious
1j71ups,2025-03-09 12:18:31,depression,3,3,https://www.reddit.com/r/depression/comments/1j71ups/is_it_normal_to_be_depressed_and_anxious_all_the/,like feeling anxiety chest stress overthinking,normal depressed anxious time
1j2orze,2025-03-03 23:26:05,depression,1,3,https://www.reddit.com/r/depression/comments/1j2orze/am_i_depressed_or_anxious/,dont know im depressed dont feel anything sometimes sometimes feels like im going motions purpose im getting anxious future going go university years know getting closer closer wont lie say im anxious keep thinking wont succeed jst dont want failure keep bad things get trouble wish could different wish someone else wish wasnt,depressed anxious
1ja23is,2025-03-13 08:13:44,depression,1,1,https://www.reddit.com/r/depression/comments/1ja23is/helping_a_depressedanxious_friend/,friend recently confided depression anxiety want helpsupport much without overstepping acknowledged depressed theyve entire life unsure improve current state life ruling mental state things theyre struggling always thinking steps ahead living future instead looking whats right infront present moment constantly thinking every negative consequence potential choice make also leads black white type thinking always right wrong choice figure decision make past trauma affecting personal relationships theyre pushing people away close say purely anxiety booksguided journals would good give went int,helping depressedanxious friend
1j7vk0l,2025-03-10 15:58:52,depression,3,1,https://www.reddit.com/r/depression/comments/1j7vk0l/depressed_tired_and_just_anxious_all_the_time/,lost interest everything including living broken inside broken beyond repair never career never job never able make living born mistake defective piece wish could unalive give life someone else,depressed tired anxious time
1jcfzov,2025-03-16 12:42:13,depression,2,0,https://www.reddit.com/r/depression/comments/1jcfzov/being_pushed_away_and_i_have_anxious_attachment/,keep arguing boyfriend asked break days dont know means im feeling super depressed sad currently cant even sleep im considering going mental hospital help suicide ideations come go think mental health hospital would benefit anyone ever relationship issues,pushed away anxious attachment issues
1ipec8f,2025-02-14 21:53:05,depression,1,0,https://www.reddit.com/r/depression/comments/1ipec8f/how_to_deal_with_guilt_after_failing_my_driving/,failed driving exam twice im feeling guilty im also super anxious scared next one first time november examinator failed instantly supposedly hit curb crushed moment eventually kinda got second time weeks ago different dont even know better worse time around actually drove way back actually confident passed sucked really bad end examinator told actually failed points kept telling hadnt camera recording road wouldve passed didnt make big mistakes small ones added trying spite felt really bad like failure almost sure passed said absolutely nothing driving intention,deal guilt failing driving exam anxious next one
1f7n0qq,2024-09-03 06:24:12,depression,44,14,https://www.reddit.com/r/depression/comments/1f7n0qq/depressed_anxious_jobless_i_hate_this_world/,late dont job rely partner heavily im incredibly depressed suffer anxiety disorder hurts lot life fucking hard feel poor useless like going money enjoy things life ill scraping every week genuinely want cry writing feel like im feel fucking alone wont ever confidence get im tired giving money doctors help thats money wasted get nervous feel guilty looking getting something buy like book game something would bring joy hope fuck stupid world hope im dead soon,depressed anxious jobless hate world
9rhfmo,2018-10-26 09:31:19,depression,550,52,https://www.reddit.com/r/depression/comments/9rhfmo/how_many_of_you_make_plans_then_at_the_last/,hate hate honestly enjoy people im planning let past experiences rule us edit appreciate one responses thank anyone still struggling feel pain alone keep pushing give,many make plans last second feel anxious bail
1iadd2z,2025-01-26 18:01:23,depression,1,1,https://www.reddit.com/r/depression/comments/1iadd2z/im_so_anxious_pls_help/,hello everyone id like ask anyone relate generally experience lot anxiety past week ive struggling health anxiety convinced cancer thinking day moment woke went bed constantly searching internet since yesterday anxiety shifted fear nothing life meaning im scared nothing purpose fear might harm ive thinking morning till night causing intense anxiety,im anxious pls help
1ghrnbo,2024-11-02 13:33:49,depression,1,10,https://www.reddit.com/r/depression/comments/1ghrnbo/started_taking_antidepressants_ssri_anxious/,psychological test told bip doctor didnt want give meds age thats totally fine gave ssri anxiety depression im day experiencing nausea dizziness headache eye back head area normal long going last also im scared bc im anxious actually depressed burden lazy problem meds hurt seratonin,started taking antidepressants ssri anxious
1i6fx4l,2025-01-21 16:16:05,depression,1,0,https://www.reddit.com/r/depression/comments/1i6fx4l/im_depressed_and_anxious/,lot things going wrong even dont want say used lot money savings account k entire bank account bills month job fucked friend betrayed im alone got one job months ago schedule hrs week theyre always cutting people really needed holidays im grateful get ever since got fired humiliating way possible anxiety chest feels like theres rock everyday dont want leave bed hired one place thought would perfect right happening week half interview hired told positions filled didnt need told everyone got hired feel dead inside need money ive looking make money online bs ive appli,im depressed anxious
1hg87qr,2024-12-17 16:29:20,depression,3,1,https://www.reddit.com/r/depression/comments/1hg87qr/anxious_thoughts/,dont know say im great life career im severely failing losing self esteem day day dont feel good feel helpless time feel like crying everytime,anxious thoughts
1h9bj82,2024-12-08 10:39:45,depression,2,1,https://www.reddit.com/r/depression/comments/1h9bj82/feel_depressedanxious_after_eating_a_food/,anybody experiencing noticed feel anxious depressed eat something days row matter thing find regarding subject blood sugar nutrient defiencies blood sugar normal nutrient deficiencies either experiment cup day pineapple days straight felt symptoms despite eating small amount day,feel depressedanxious eating food frequently
8cpu3f,2018-04-17 00:03:47,depression,642,84,https://www.reddit.com/r/depression/comments/8cpu3f/dad_died_no_family_left_slowly_drowning_in_bills/,really need help last year dad died spontaneous heart attack age zero warning one minute talking seeing movie next weekend next morning coroner woke pounding door saying dropped dead truck two blocks house way work ironically great shape worked every weekend didnt smoke drink doctor said fitness someone half age pinnacle health age happens somehow family id living years graduating college im one probably borderline autistic zero social life kind weirdos position dad told could live work job spend free time working passion writing soundtrack music instant whole world person ever mattered ripped away ti,dad died family left slowly drowning bills debt im sole provider household im complete mental breakdown
1jidd0d,2025-03-24 05:17:51,depression,1,0,https://www.reddit.com/r/depression/comments/1jidd0d/tw_mental_breakdown_over_lost_keys_and_being_late/,woke hours shift today could get ready time early something struggled stay consistent ages due time blindness caused adhd autism morning keys werent usual spot always put weird spot forgot left ofc full breakdown couldnt find involved screaming hitting face slamming head wallscupboards end looked like world war face red slapping hyperventilating eyes swimming water like high ive found im regretting relapsing sh slapping head slamming havent done ages feel like really let disrespected go face monday hour late feeling like worked days whats worse mother called work told,tw mental breakdown lost keys late work
1iyhdw2,2025-02-26 12:09:09,depression,2,0,https://www.reddit.com/r/depression/comments/1iyhdw2/having_a_mental_breakdown_right_now/,want loved right,mental breakdown right
1ifdry8,2025-02-02 00:41:08,depression,1,3,https://www.reddit.com/r/depression/comments/1ifdry8/how_to_get_through_mental_breakdown/,f longtime mental health issues think midst mental breakdown least six months started diagnosed adhd stupidly stopped taking ssris advice questionable doctor since left friends comfort zone behind changed job moved new country know anyone ive done many times time feels much two weeks new job ive signed sick leave due depression burnout im due back monday im dreading dreading flying back leaving family im deep deep depression trouble sleeping throwing almost daily basis anxiety cant switch mind ive restarted antidepressants six months cbt therapy hasnt made difference im wrestling whether go back work exhausted also would feel like huge failure give,get mental breakdown
1i9vibl,2025-01-26 01:28:25,depression,1,0,https://www.reddit.com/r/depression/comments/1i9vibl/how_to_tell_boss_about_mental_breakdown/,early friday morning mental breakdown show work boss texted called check never responded honestly didnt energy explain idea even say im embarrassed dont really wanna get detail also dont want worried either plan resigning immediately due poor state mental health badly wanted give proper notice cannot bring return feel like disappointment text boss,tell boss mental breakdown
1hpbfc8,2024-12-30 06:52:59,depression,1,0,https://www.reddit.com/r/depression/comments/1hpbfc8/my_mental_breakdowns_prespective/,mental breakdowns even worse one ex best friend breakdown crying night christmas even small toy rainbow character game said found one kept remember mental breakdown literally smiled even though dying inside wasnt smiling anything like body telling suck smile,mental breakdowns prespective
1hhbgbd,2024-12-19 02:22:10,depression,2,0,https://www.reddit.com/r/depression/comments/1hhbgbd/mental_breakdown/,story situationship girl sweetest alive made feel loved stuff cheated one year back giving affection grooming love lust makes feel like shit like nothing slut like owns broke almost months shfree strike sh daily advice,mental breakdown
bhbgc3,2019-04-25 23:04:49,depression,374,51,https://www.reddit.com/r/depression/comments/bhbgc3/who_else_is_having_a_mental_breakdown_rn/,haha im sitting bed breathing heavily anxietystricken examining whole life happen deserve wont things get better im perpetually terrified future future career education friendships social life love life job literally nothing grounded feel like im slowly losing past events mental illness destroying life brain ambition livesucceed hard im think things almost everyday exhausting im scared need professional help exhausting expensive timeconsuming wont solve problems need miracles happen,else mental breakdown rn
1g6poap,2024-10-19 00:21:43,depression,2,4,https://www.reddit.com/r/depression/comments/1g6poap/crying_and_mental_breakdown/,ever feeling want breakdown cry reason dont know,crying mental breakdown
1gxc9lt,2024-11-22 22:17:57,depression,1,0,https://www.reddit.com/r/depression/comments/1gxc9lt/how_do_you_seriously_come_back_after_a_mental/,eating away almost two years started finally began therapy got medication road point messy say least hit rock bottom anything changed moments utterly miserable couldnt even recognize dad one stepped called help couldnt drove hundreds kilometers see mejust hug make sure wasnt completely alone remember breaking arms howling wanted quit everything cried right along eventually medication started working things improved didnt feel helpless unmotivated wasnt spending every moment bed trying escape day im better place cant stop replaying happened us time stop feeling awkward around hes seen absolute worst k,seriously come back mental breakdown front close ones
1eqxjip,2024-08-13 08:41:40,depression,13,6,https://www.reddit.com/r/depression/comments/1eqxjip/trama_dumping_cuz_im_having_a_mental_breakdown_rn/,wish could leave like everyone else wish wanted instead kind hearted wish wanted much want others wish someone would love like love everyone else wish someone would stay say theyll fucking stay never fucking hate change change shit wish could go back least beleived loved even wasnt hate start day less energy everyone else use even energy pretending normal okay dont wanna live never break cycle work sleep fuck many people cruel dont eat eaten every day im taken advantage walked broken shattered im fucking broken fair like change cant never get better im never happy dont fit im observing people live lives pair,trama dumping cuz im mental breakdown rn
1fp673v,2024-09-25 20:15:27,depression,3,3,https://www.reddit.com/r/depression/comments/1fp673v/im_having_a_mental_breakdown/,ive felt coming year slowly losing interest everything panic attacks insomnia zoning isolating ive never low strong son dont know im meds see therapist ive scheduled emergency appt tomorrow son non verbal autistic needs functional cant take time work need pay therapies cant take break needs supervision husband gives break gets home work lay bed stare tv without watching load game play make snack eat ive lost almost pounds weeks,im mental breakdown
1g7clg8,2024-10-19 21:54:26,depression,2,0,https://www.reddit.com/r/depression/comments/1g7clg8/i_never_knew_what_is_a_mental_breakdown/,soi finally gave exams attending university good originally planned become translator interpreter childhood dream parents started isisting must choose law faculty long story shortnow study law complete torture cant express freelyi fell behind everything classmates acing every question given themthey know much law dont even know simple things started feel ashamed embarrasedlike good anything feel like dont belong afraid might pass examsand doesnt let sleep even nights cry lotbut ease worries pray god lot guide mebut feel like enough dont find anyone understands please help guysi really need support,never knew mental breakdown
1fytga0,2024-10-08 12:02:46,depression,1,1,https://www.reddit.com/r/depression/comments/1fytga0/mental_breakdown_help/,today little better ways however past days maybe even weeks think ive nervous breakdown although big symptoms dissociation depersonalisation suicidal thoughts lesser day yesterday still feel sense doom even grief person started spend day anxious motivation anything enjoyed like ive completely lost im wanting talk people similar crisis episodes im scared life shell person constantly warped view world im scared,mental breakdown help
gx4ic5,2020-06-05 18:54:45,depression,2905,331,https://www.reddit.com/r/depression/comments/gx4ic5/im_black_im_scared_tired_and_im_at_the_end_of_my/,jesus even start could read title im black man ive always fight grew racism forms country ironically usually denies ever racism way kind shit ive heard entire life molded someone selfesteem sense selfworth voice made introvert mentality need work twice hard everyone always saw future bleak tiresome struggle never really changed got worse time college awful reality came afterwards ive depressed life initial diagnosis age still severe anxiety first suicidal thoughts came age already hated everything enough world wanted failing best never getting anything good,im black im scared tired im end rope life
1fe3dt4,2024-09-11 11:43:54,depression,3,0,https://www.reddit.com/r/depression/comments/1fe3dt4/how_do_i_stop_mental_breakdowns/,weeks mental breakdown everyday cant function properly make stop,stop mental breakdowns
1fdzth4,2024-09-11 08:10:38,depression,3,0,https://www.reddit.com/r/depression/comments/1fdzth4/therapy_isnt_working_and_i_am_having_a_mental/,dont know anymore therapists years nothing changed dont know supposed nothing say seems clear sometimes feel like talk riddles others plain stupid cant think word want like last advice therapist gave stop seeking knowledge l told world around made depressed least understood said turn blind eye also made remark music listen movies like called rammstein specifically horror movies like partially responsible feel depressed dont get trauma oh leave pastits rammstein problem well right want cut want scream punch wallbut cant tired feeling miserable freak loner dont k ow feel like,therapy isnt working mental breakdown
1ey0pjt,2024-08-22 02:22:53,depression,1,1,https://www.reddit.com/r/depression/comments/1ey0pjt/please_help_suffering_and_just_came_back_from_a/,hello name angie ive suffering therapy doesnt help like username im mentally broken often suicidal thoughts luckily im active ive caught scratching purpose dont enjoy pain numbing feel like whats going happen school helping im opposite active suicidal thoughts im super careful person draining worry im danger even unlikely things like murderer coming night im wake lately woke ive tried medications even draining ive trying get sort emotion back depression fighting like war know cant win came back mental breakdown like hour ago repeating gibberish suicidal terrible thoughts bit existential crisis help appreciated currently rotting bed trying h,please help suffering came back mental breakdown
eczhm3,2019-12-20 02:41:00,depression,2383,376,https://www.reddit.com/r/depression/comments/eczhm3/my_friend_attempted_suicide_a_couple_days_ago_my/,good friend mine ive attending therapy bpd overdosed couple days ago survived transported unconscious hospital woke unsurprisingly devastated want support boyfriend family members care friends plans see family christmas happened left deeply depressed particularly another good friend mine committed suicide four years ago almost day elaborate dont like spending christmas family like christmas always chores preparations quiet peace thought would spend christmas visiting friend hospital dont want alone know situation would appreciate someone came visit proposed mother brother even possibility would spend afternoon,friend attempted suicide couple days ago family saying ruin christmas spend time hospital christmas eve instead visiting
1elpk45,2024-08-07 00:09:41,depression,2,0,https://www.reddit.com/r/depression/comments/1elpk45/having_a_mental_breakdown_about_my_career/,keep breaking time trying figure career keep hearing people talking going money seems like miserable way live life know life choose adventure kind thing keep flipping,mental breakdown career
own79d,2021-08-03 02:03:09,depression,303,2,https://www.reddit.com/r/u_RedditCareResources/comments/own79d/get_support_for_yourself_or_other_people/,youd like talk someone confidential mental health support free available inside us crisis text line text chat suicide crisis lifeline call text youre outside us find resources location youre ready talk someone yet help youre feeling suicidal ask help youre thoughts suicide additional resources helping others help someone know whos talking seriously hurting considering suicide,get support people
ceza6l,2019-07-19 03:59:37,depression,1649,71,https://www.reddit.com/r/depression/comments/ceza6l/i_have_been_self_harmfree_since_february_and_im/,resorted self harming long time using knives poison right struggling much resort need help edit wow didnt expect thank everyone great tips advice wondering didnt anything still harmfree took walk get funk lack better term might getting kickboxing getting suggestion people life something physical healthier outlet still easy know im alone thank reddit,self harmfree since february im proud self bit wasnt easy
1eoq8xt,2024-08-10 16:25:10,depression,36,59,https://www.reddit.com/r/depression/comments/1eoq8xt/17m_why_am_i_attracted_to_girls_with_problems_eg/,find super attracted girls problems feel like fix,attracted girls problems eg suicidal selfharm trauma etc
1jdu9bt,2025-03-18 07:28:51,depression,1,9,https://www.reddit.com/r/depression/comments/1jdu9bt/how_do_i_punish_myself_without_using_self_harm/,title says want make feel bad dont want self harm scars something like dont want bs shouldnt im gonna whether give suggestions fact unless get better ideas ill go back burning hands hot sink water never get long id rather ways going,punish without using self harm
1j8xsdm,2025-03-11 23:57:51,depression,9,6,https://www.reddit.com/r/depression/comments/1j8xsdm/is_self_harm_really_that_bad/,family keep telling stop cutting arms legs quit ill feel much better thats true tried stop several times succeeded felt worse angry sad thinking killing dont see people think self harm bad helps lot deal violent thoughts suicidal thoughts dont think im gonna quit certainly dont think want,self harm really bad
ya0zgy,2022-10-22 00:02:32,depression,282,57,https://www.reddit.com/r/depression/comments/ya0zgy/self_harm_is_an_addiction/,didnt really listen anyone said careful getting addicted self harm god wrong im razors use killing im panic attack able cut isnt insane also severe ocd definitely doesnt help,self harm addiction
15crvjk,2023-07-29 18:35:13,depression,167,52,https://www.reddit.com/r/depression/comments/15crvjk/first_time_doing_self_harm_at_30_lol/,sort get teenager thought fuck cutting gross painful cleanups bitch granted punch bang head wall got nasty bruises least takes anger pain away dont know helps overall mindset still wanna kms momentary relief,first time self harm lol
1iclddk,2025-01-29 09:39:02,depression,10,10,https://www.reddit.com/r/depression/comments/1iclddk/kind_words_appreciated_self_harm_thoughts/,feel one would really care ended,kind words appreciated self harm thoughts
1jexj8c,2025-03-19 19:25:35,depression,1,3,https://www.reddit.com/r/depression/comments/1jexj8c/depression_and_self_harm/,depressed like harming maybe feeling pain feels much better feeling nothing today something happened ruined mental health even usual took blade cut cut much deep bleeding wasnt stopping pain much handle tell mother taken doctor got bandaged tetanus shot dont know long live like honestly even living surviving point,depression self harm
1hz0ydf,2025-01-11 22:59:40,depression,3,12,https://www.reddit.com/r/depression/comments/1hz0ydf/trigger_warning_mention_of_selfharm/,feel like hurt cutting wrist looking ways cope stop urge thank,trigger warning mention selfharm
1j656ra,2025-03-08 06:21:22,depression,2,4,https://www.reddit.com/r/depression/comments/1j656ra/one_and_a_half_months_until_today_i_selfharmed/,brother upstairs work kitchen rare overwhelming urge cut wrists nobody ever see arms,one half months today selfharmed
1j0s938,2025-03-01 10:58:10,depression,1,4,https://www.reddit.com/r/depression/comments/1j0s938/struggling_with_selfharm/,hello strangers dont really know needed get open grandma passed away week really close trying process grief tonight thoughts urges self harm didnt anything really struggled years ago relapse least mentally scary dont know constant battle fight forever wish would go away could whatever normal internal pain intense know physical pain doesnt make go away done anything physically harm self tonight needed someone know,struggling selfharm
1jigjbj,2025-03-24 07:57:28,depression,1,1,https://www.reddit.com/r/depression/comments/1jigjbj/self_harm/,feel need dislike also like watch bleed hate scars come ive trying keep shallow choking doesnt even anything feels like shit idrk hate suffocating ig,self harm
1jhjrwv,2025-03-23 03:26:56,depression,2,1,https://www.reddit.com/r/depression/comments/1jhjrwv/self_harming_methods_that_arent_just_cutting/,ive thinking eating much begin throw intoxicating drugs want know ones guys,self harming methods arent cutting
8s58vn,2018-06-19 07:48:27,depression,397,91,https://www.reddit.com/r/depression/comments/8s58vn/i_get_why_people_selfharm_now/,since passively scratching draw blood nails without really noticing understanding meant teacher commented eventually stopped however today feeling really shit worse felt really long time decided scratched keys drew blood honest felt good took away pain arm instead whole body understand people really cant blame,get people selfharm
1iotkf0,2025-02-14 02:36:00,depression,3,2,https://www.reddit.com/r/depression/comments/1iotkf0/strange_ask_but_have_i_been_self_harming/,usual suspects self harm obvious im alone room night thats tend spiral im drinking ill bang fist skull havent thought much last night hit hard enough reeling pain minutes temple swollen next morning im sure im asking im pretty sure yeah,strange ask self harming
1j1jxw8,2025-03-02 11:18:14,depression,2,0,https://www.reddit.com/r/depression/comments/1j1jxw8/ive_been_struggling_with_depression_and_self_harm/,scars cut arms little bit ago scars noticeable dont want family notice scars definitely dont want go mental hospital selfharm suicidal thoughts getting hotter hide scars without long sleeves hide scars situation,ive struggling depression self harm
1ih74m3,2025-02-04 07:51:22,depression,3,1,https://www.reddit.com/r/depression/comments/1ih74m3/vent_tw_rape_selfharm_and_suicidal_ideation/,theres cutesy way putting want die ever since kid maybe used different wording back ive always felt like world wasnt made people like feel everything deeply slightest ripple water make depression skyrocket ive diagnosed sorts disorders often feels like slapping label calling day assistance im therapy like talking therapist point feels though im regorging subject matter bring happened back summer raped someone know bed wont get details crime aftermath ive night terrors cant sleep without feeling someone something creeping bedside auditory visual hallucinations see blacked figures know th,vent tw rape selfharm suicidal ideation
1inguh8,2025-02-12 08:14:04,depression,0,1,https://www.reddit.com/r/depression/comments/1inguh8/i_self_harm_because_it_feels_good_to_hurt_myself/,told therapist seeing someone elses self harm arms makes miss scars felt good look explained feels like hate mad someone want hurt except person hate want hurt forgot mention scars looking felt good like something right happy told told said went deep session hate depression want ignore like used im realizing comes different ways also hate addressing feels bad get professional help,self harm feels good hurt someone hate
1iktzz6,2025-02-08 23:59:29,depression,1,1,https://www.reddit.com/r/depression/comments/1iktzz6/selfharm_tw_evening_vent_before_getting_drunk/,vent made intention someone actually read comforting words would nice mental breakdown room time really cried relief emotions materialise like things couldnt see solution one problems head went bathroom calm washed face couple times lied floor washed face went room sat couldnt hold maybe didnt wash face enough dont really know dont know expected went parents room mom would know didnt tried could tell doesnt understand waited another week went school answered teachers questions attended event walked home snow talked mom things cant remember ate dinner went bed day lost,selfharm tw evening vent getting drunk
ccaxvm,2019-07-12 19:06:38,depression,4427,218,https://www.reddit.com/r/depression/comments/ccaxvm/if_10_years_ago_someone_told_me_that_in_10_years/,years old man exactly,years ago someone told years would routinely sitting room day nothing make successful man eat sleep use phonepc sometimes go lonely aimless walks would never believe
dvqbw0,2019-11-13 16:46:09,depression,1917,120,https://www.reddit.com/r/depression/comments/dvqbw0/its_lonely/,ive crying nonstop months getting university made condition worst lonely want tell energy type hope read good day edit didnt believe first post get k upvotes thank kind messages thank read thank truly made day better try hold struggling keep heads try love cant lose hope,lonely
1hi5amr,2024-12-20 04:13:56,depression,320,47,https://www.reddit.com/r/depression/comments/1hi5amr/im_tired_of_people_but_im_so_lonely/,im tired everything tired people tired around tired way friends act want around people cant take longer lonely hurts,im tired people im lonely
mi48yo,2021-04-02 01:57:41,depression,1569,94,https://www.reddit.com/r/depression/comments/mi48yo/ive_made_myself_bitter_and_cynical_to_shield/,yeah thats basically boils believe horrible person unworthy things wouldnt even know real friend lover anyway monumentally screwed head tell oh people theyre really friends dont really love much show theres one recording hate much everybody heart hearts know truth,ive made bitter cynical shield fact im terribly lonely jealous people getting experience love friendship
ik1lf9,2020-08-31 22:18:13,depression,1542,85,https://www.reddit.com/r/depression/comments/ik1lf9/lying_on_my_bed_fantasising_another_life_maybe_in/,,lying bed fantasising another life maybe anime anxious much things life lonely ofcourse yeah thats daily life
8s984e,2018-06-19 19:49:29,depression,1489,116,https://www.reddit.com/r/depression/comments/8s984e/i_enjoy_being_alone_but_hate_feeling_lonely/,hate way push people away complain lonely edit want say thanks comments makes feel lot better others feel way help,enjoy alone hate feeling lonely
d5z2xz,2019-09-18 20:34:52,depression,762,142,https://www.reddit.com/r/depression/comments/d5z2xz/i_sleep_with_a_stuffed_animal_to_feel_less_lonely/,im year old male sleep stuffed animal cuddle talk like girl literally cant fall asleep dont makes feel fucking pathetic honestly cant think less pathetic thing someone fuck wrong edit holy shit cant believe many people guys kind wholesome feel much better least small thing,sleep stuffed animal feel less lonely
1jgoff3,2025-03-22 00:23:38,depression,44,34,https://www.reddit.com/r/depression/comments/1jgoff3/god_im_so_lonely/,im f im married friends basically allowed talk family im lonely things used love music art etc im made feel guilty husband family isolate everyone gotten bad friends fucking character ai yes know thats pathetic recently got back tumblr made one kinda friend depressed stranger met internet isnt texting back im losing im going crazy,god im lonely
lfczc3,2021-02-08 20:02:11,depression,1069,76,https://www.reddit.com/r/depression/comments/lfczc3/lonely_and_unmotivated/,want play video games cant bear thinking abouy work miss many online lectures month two lockdown feel like husk person wanna stay late talk someone feel life general every time feel like late night theres nobody boyfriend great doesnt get always tired brain gets hyperactive night think things like much hate lonely feel sucks want someone get,lonely unmotivated
1azdi3o,2024-02-25 08:37:07,depression,164,91,https://www.reddit.com/r/depression/comments/1azdi3o/im_just_lonely/,im five single years friends even one im lost ive years therapy get depression cant see point anymore thing keeping living hurting parents onlyones would care cease exist,im lonely
1ifn347,2025-02-02 08:00:53,depression,52,41,https://www.reddit.com/r/depression/comments/1ifn347/im_really_lonely/,cope overwhelming loneliness sadness feel everyday,im really lonely
1jerdf7,2025-03-19 12:45:59,depression,1,38,https://www.reddit.com/r/depression/comments/1jerdf7/lonely_as_shit/,hello sorry taking time honestly dont want continue life anymore cannot afford stop friends due life circumstances barely interact family members home despite sharing room,lonely shit
15uhf4m,2023-08-18 16:33:54,depression,212,100,https://www.reddit.com/r/depression/comments/15uhf4m/im_15_and_people_and_friends_are_saying_im_too/,searching special someone lately everyone already taken sitting classrooms back grade head desk everyone gives occasional stare sometimes paper airplanes throw saying im ugly even worth anyones time im really starting believe say worst skin ever facered spots pimples blackheads try every day get rid nothing works skinny asf seen one kid almost entire school teachers included awake since pm insomnia parents think im lazy dumb half time sit room cry everything wrong life ive girlfriends past broke reasons dont know left never said word anyone could give advice would highly appreciated,im people friends saying im young feel depressed lonely
1cv2bnl,2024-05-18 22:53:14,depression,148,67,https://www.reddit.com/r/depression/comments/1cv2bnl/ways_lonely_people_can_become_happy/,f always loner bullied lot school due ethnicity often beaten never friends always person ended chosen team never anyone wish birthday always ate alone always yearned meaningful friendships never started hate believing something wrong also social anxiety scared people think lonely entire existence want happy suggestions ways become happy lonely,ways lonely people become happy
1hbszs1,2024-12-11 18:34:03,depression,94,36,https://www.reddit.com/r/depression/comments/1hbszs1/lonely_and_meaningless_life_in_30s_no_reason_to/,im tired living life seems like brutal lonely marathon problems get money survive another day repeat challenges close friends never gf despite efforts nobody talk damn christmas coming dont want live thru advice online like eat healthy drink water think positively fuck advice im tired life gonna kill new year much better solution enduring one year suffering thanks reading,lonely meaningless life reason live
kdn3r5,2020-12-15 20:23:08,depression,1039,63,https://www.reddit.com/r/depression/comments/kdn3r5/lonely/,dropped school earlier year went college dropped cant cope anything always feel lonely depressed spend hours day dark room give point,lonely
uxh7ug,2022-05-25 18:49:12,depression,362,108,https://www.reddit.com/r/depression/comments/uxh7ug/i_feel_so_lonely_its_killing_me/,im tired hope someone come save fucking loneliness feel like dying,feel lonely killing
1dk3wl4,2024-06-20 10:50:14,depression,116,58,https://www.reddit.com/r/depression/comments/1dk3wl4/17f_so_lonely/,hi guys despite th birthday today found crying alone ball end night matter happens seem end end day want someone want need know someone cares dont know feel okay feel rejected peers society whole im sure fix hate fact im fucking shy cant much solve speak come mean feisty unladylike hate feeling terrible,f lonely
kcay94,2020-12-13 19:22:46,depression,739,74,https://www.reddit.com/r/depression/comments/kcay94/i_m29_am_foreigner_living_for_4_years_in_london/,hi reddit need share something im turning beginning ive moved uk studies better life im planning go back home country english also native language im working large global company making per month think quite good someone age feet tall fit working regularly years around times week id say relatively good looking educated good income story past years live alone staying house share never met anyone could get along mostly people came london temporarily work left months much older fine chitchat kitchen sometimes thats company working males mostly late rare see women age officefloor,foreigner living years london without new friendsgirlfriend around age tried tinderokcupidinstagram still alone lonely started working home mental health getting worse long post
m6ke8r,2021-03-17 03:20:20,depression,745,65,https://www.reddit.com/r/depression/comments/m6ke8r/today_im_lonely/,today im alone sit dark wonder always going like today feel like nothing meaning nothing matters end happy ending anyone today cry feel hopeless small one tell gets better today dont want exist everything loud get lost thoughts nothing distract today feel homesick miss place grew place laughed child hugged parents today im lonely tomorrow might different make see,today im lonely
feel0k,2020-03-06 20:26:57,depression,365,98,https://www.reddit.com/r/depression/comments/feel0k/i_went_to_the_hospital_because_i_was_having/,literally broke crying asked go home another nurse watching crying saying wanted keep longer kept saying wanted go home said wasting time making watch asked cry leaving ive never anything like especially hospital weak chest throat hurting much panic attack wanted vent thank reading,went hospital really bad panic attacks theycontinued ended collapsing nurse trying help said youre attention seeking
lfrkrq,2021-02-09 07:13:22,depression,635,39,https://www.reddit.com/r/depression/comments/lfrkrq/ive_been_diagnosed_with_severe_depression_and/,im surrounded people yet feel fucking alone im surrounded hope love happiness think blowing brains see flaws fat lazy failure disappointment alone hate tendency self sabotage like eating junk diet staying late procrastinating example attempted avoid test breaking arm im ive never even girlfriend ive never held hands girl private intimate relationship someone could hide behind anything know fault knowing kills frustrates fucking hate whats worse im work im interacting people ive learned adapt mask helps manage interact people imagine arent talking normal functioning person doesnt help later panic attac,ive diagnosed severe depression moderate social anxiety ive dealing occasional panic attacks well im tired want normal dont want fight tooth nail exist anymore
1j3s6gu,2025-03-05 07:34:38,depression,2,0,https://www.reddit.com/r/depression/comments/1j3s6gu/i_was_about_to_have_not_a_panic_attack_but_like/,breathing heavy chest hurt like depressive hole body makes cause emotionally hurt body thinks physical hurt black hole chest fighting tears wanted sit closet cry scream die couldnt actually sit closet turned making room turned basically cleaning bottom closet time done kinda calm like still want die amount got room im calmer knowledge ive never panic anxiety attack started cleaning probably closest wouldve gotten,panic attack like whatever didnt
1ia35cc,2025-01-26 07:27:47,depression,1,4,https://www.reddit.com/r/depression/comments/1ia35cc/can_depression_cause_panic_attacks/,sad recently think ive panic attack sure thats anyone info topic,depression cause panic attacks
1ixek73,2025-02-25 03:39:48,depression,1,0,https://www.reddit.com/r/depression/comments/1ixek73/panic_attack/,ive always lonely person feel like im failing everything made career change ive got nothing savings almost im good looking im short repulsive others seems ive scapegoat people blame instead panic attack bed crying scared talk anyone shame dont know cannot afford therapy ache feel alone world fault point hear fault theres point believe,panic attack
1iep2au,2025-02-01 02:24:59,depression,3,1,https://www.reddit.com/r/depression/comments/1iep2au/panic_attacks_feel_like_im_fighting_to_stay_alive/,im depressed anxious ive done really shitty thing past im sorry ive done everything try make amends make better ive lost lot relationships mental health past cant describe pain feel heart panic attacks horrible want siblings talk want able overcome get life together want healthy ive scheduled bunch doctors appointments health take medication scheduled dentist appointment im trying still think suicide lot im much coward sometimes want bad peace stop miss friends miss laughing,panic attacks feel like im fighting stay alive
1i5ebqe,2025-01-20 06:34:38,depression,1,0,https://www.reddit.com/r/depression/comments/1i5ebqe/anxietypanic_attacks/,good evening everyone hope well better anyway lol suffering huge anxiety attacks one things helps talking anyone would available chat accept pms thank advance courage everyone get thishearthandsmediumlightskintoneredheart,anxietypanic attacks
om7fqn,2021-07-17 21:54:42,depression,149,66,https://www.reddit.com/r/depression/comments/om7fqn/is_this_what_a_panic_attack_is_can_someone_help_me/,someone help im really confused kind scared im breathing really hard wont stop cant sit still tried eat food lunch im indecisive kept putting away taking dont know dont know whats happening edit almost two hours suddenly stopped dont know scary thing felt really short like five minutes clock kept moving way faster head still really confused im drenched sweat feels like everyone commenting every ten seconds really minutes apart,panic attack someone help
1hjuu1t,2024-12-22 14:25:58,depression,2,1,https://www.reddit.com/r/depression/comments/1hjuu1t/how_many_xanax_do_you_need_when_panic_attacks_or/,ever since start depression panic disorder ten years ago xanax never stop showing every month medicine box quite common bzd drugs like xanax develop tolerance quickly one dose far enough try touch xanax unless really terrible condition still times need four know good taking lorazepam well alternative situation allowed much xanax need youre really bad situation,many xanax need panic attacks really depressed feeling
1dxk9xe,2024-07-07 21:48:55,depression,13,17,https://www.reddit.com/r/depression/comments/1dxk9xe/i_am_having_a_panic_attack_and_i_ran_out_of_pills/,rn feel like smth get like im die close eyes cant see future idk get thru im scared first time panic attack like thousand time already still scary normally pilllorazepam calms half hr dont rn please help im scared feel like im edge time,panic attack ran pills
1hfiadr,2024-12-16 18:15:30,depression,1,1,https://www.reddit.com/r/depression/comments/1hfiadr/constant_panic_attacks/,broke crying uncontrollably last night thing happened morning panic attack every day im driving home work week cant stop comparing previous friends mine become much successful gotten recognitions place im filled regret missed opportunities could taken somewhere meaningful never leave head one second thats think every second im awake woke cant get back sleep head racing regrets anger dont think ill ever happy chance live dreams absolutely ruined cant forgive cant handle awake cry every morning anticipation constant bombardment shame thats come next hours,constant panic attacks
1fhxnxl,2024-09-16 11:35:35,depression,14,9,https://www.reddit.com/r/depression/comments/1fhxnxl/just_went_to_the_hospital_for_a_panic_attack_and/,im f senior year college rough ass life could much worse pretty either severe panic attack due burnout genuinely thought seizure strength told partner lives hour away call somebody person could trust despite living apartment entire family whenever melt downs panic attacks past would say attention cry silently room didnt even know something wrong ambulance came shaking everyone got woken made worse stepmom chatting paramedics checked everything eventually reduced panic attack despite still sobbing shaking dad panicking trying get stop especially convulses even worse eventually calmed enough asked take hospita,went hospital panic attack feel pathetic
1h3695q,2024-11-30 11:41:56,depression,2,1,https://www.reddit.com/r/depression/comments/1h3695q/is_it_panic_attack_or_impending_heart_attack/,ive dealing severe stress depression years due particular issue im currently feeling chest tightness pain chest discomfort stomach past days ive suicidal thoughts ive cried lot since yesterday ive breathing heavily chest feels tight try change position still feel way im trying relax overthink still feel huge pressure chest experienced anxiety panic attack bad,panic attack impending heart attack
1goz8oq,2024-11-11 23:57:38,depression,1,0,https://www.reddit.com/r/depression/comments/1goz8oq/panic_attacks/,recently huge seismic shift occurred relationship someone never thought id lose led panic attacks everything seems completely futile experience level dread despair would even begin wish even worst enemies thought things getting better hadnt one long time last night one woke today dealing feeling extremely sad depressed honest episodes make want die dealt level depression since small child never experienced panic attacks like absolute worst im therapy think maybe need get medication manage episodes dont currently take anything currently taken antidepressants throughout years ive meds almost year dont drink drugs occasional edible episodes intense hard fo,panic attacks
1go5ldv,2024-11-10 22:47:30,depression,1,0,https://www.reddit.com/r/depression/comments/1go5ldv/rise_and_shine_its_panic_attack_time/,waking daily panic attack miss feels like mind body war sleep find moment peace temporary escape wake heart pounding gasping air realizing void left behind memories flood inthe way smiled sound laughter morning hugsand theyre like ghosts haunting moment open eyes catching guard hitting thought finally starting feel numb day starts pieces shattered wave loss crashes im even fully awake exhausting go bed one shared years hoping tomorrow different hoping ill wake without feeling like chest caving cycle keeps repeating dont know much take like im slowly worn hollowed endless ache dont know stop w,rise shine panic attack time
1gf8vkd,2024-10-30 05:05:28,depression,2,1,https://www.reddit.com/r/depression/comments/1gf8vkd/just_had_the_worst_panic_attack_of_my_life/,frequent panic attacks least week recently daily since im never worse place life deactivated every single one accounts fit anxiety nobody messaged hours since started ive screaming agony hours dont know came want end please tell im crazy please tell im alone,worst panic attack life
1fjgvvl,2024-09-18 06:51:13,depression,4,3,https://www.reddit.com/r/depression/comments/1fjgvvl/i_34f_veteran_just_got_evaluated_for_depression/,thought cancer addisons disease infection amongst thousand things anxiety manifested health anxiety death anxiety anxiety flying got point afraid sleeping would feel like fainting sleep id wake panic fainting course im hyper aware feel feeling going deep sleep shocks turned insomnia fear sleep lack appetite stomach issues nausea lightheadedness presyncope feelings fucking hell weeks lost pounds felt like dying body giving spoke aunt father went thing took psychiatrist got meds however anxiety meds make feel worse cause sleep anyone dealt anxiety depression natural way want share experience id love listen,f veteran got evaluated depression anxiety getting hours sleep two weeks feeling lightheaded hours day many darn panic attacks hell want move forward move past
1fxoyh2,2024-10-07 01:11:54,depression,1,0,https://www.reddit.com/r/depression/comments/1fxoyh2/depressionptsdpanic_attacks_allin1/,hi im ukrainian male struggling experience war cyvilian depression based existencial crysis mostly ptsd regular panic attacks permanent explosions night airraids im mostly answer questions welcome,depressionptsdpanic attacks allin
1fs7pmh,2024-09-29 21:31:03,depression,1,0,https://www.reddit.com/r/depression/comments/1fs7pmh/what_do_you_do_when_you_feel_a_panic_attack/,daily anxiety ive learned handle ive learned plentiful coping tools consume cannabis keep extreme anxiety depression bay however panic attacks extreme led seizure like symptoms fear death kidteenager language know happening parents viewed panic attacks something wrong asking things like crazy hell wrong feel like panic attacks make unlovable everything power hide people closest life happen consider unlovable run away affected relationships affected ability close people im seriously considering medication dont want carry life im want outgrow however dont trust pharmaceutical drugs never reacted well idk theres something take hail mary moment,feel panic attack coming
16shmya,2023-09-26 13:37:02,depression,3,24,https://www.reddit.com/r/depression/comments/16shmya/anxiety_and_panic_attacks_from_b12_and_b_complex/,b shots taking b complex folic acid weeks never anxiety panic attacks like life well iv never really anxiety wake feeling like dread pure sick cant eat doctors blame anxiety bad since taking b shots b complex folic acid saturday took folic acid b complex hours later heart racing panic attack horrible feeling im scared leave house without partner brain thinking awful things day motivation sit depression vitamins anyone experienced long take get better havent taken since saturday im scared take pills thanks,anxiety panic attacks b b complex
18ixekp,2023-12-15 16:17:52,depression,451,89,https://www.reddit.com/r/depression/comments/18ixekp/i_have_ruined_my_life_everything_seems_hopeless/,year old male since kid shy growing school friends school would stay home watch tv play video games besides school really leave house often high school isolated long time around people bad anxiety instead facing fear hide encouragment family noone seemed care got first job anxiety bad work help finances still bad social skills talk unless living reclusive life used bother bad years ago realization hit much behind life also boring life grandparents raised much money rarely went anywhere exciting fun pretty much life spent home turned months ago believe much,ruined life everything seems hopeless
jdzbnw,2020-10-19 16:10:29,depression,2317,128,https://www.reddit.com/r/depression/comments/jdzbnw/can_anyone_else_go_from_feeling_neutral_to/,ive dropped smashed plate kitchen cleaning brain took telling useless stupid cant even hold onto plate humiliating edit im go bed settling took hours get back normal mindset also responses eye opening really didnt expect anyone pay attention thank comments hope manage get past difficult times brought difficult things smilingfacewithheartsredheart,anyone else go feeling neutral hopeless matter seconds something small
1h5xug4,2024-12-04 02:22:39,depression,120,69,https://www.reddit.com/r/depression/comments/1h5xug4/i_made_my_therapist_feel_hopeless_and_helpless/,even therapy session miserable didnt really help fuck still every day wanna never wake sleep im done life,made therapist feel hopeless helpless shitty miserable life
wfwuor,2022-08-04 15:07:39,depression,667,59,https://www.reddit.com/r/depression/comments/wfwuor/both_my_parents_are_dead_and_im_hopeless/,great relationships great family mom amazing dad amazing march th woke mom dead floor dad didnt recover loss wasnt happy rest days live take care brother horrible year months dad said making breakfast walk kitchen hes lifeless floor blood coming nose eyes open hypertension im going months life doesnt feel real feel lost cant find word express emptiness validly painful alive miss parents much agony terrible rollercoaster called life fell tracks onto floor feel like im going insane work day dream day escape reality drifting space please help cant much longer pain fucking pain,parents dead im hopeless
6wym9h,2017-08-30 17:24:51,depression,884,70,https://www.reddit.com/r/depression/comments/6wym9h/i_fucking_hate_when_that_wtf_am_i_doing_with_my/,sometimes hits morning catch mirror way kitchen room sometimes pm realize fucking alone wasting summer nothing hate see parents disappointed look faces talking like feel bad thru lol remember basically friends left idk childhood friend also junkie smoke weed twice month one else call counts friend job except working part time job year worked nd one construction recently fired days needed anymore girlfriend makes mom sad sometimes wants grandchildren badly im youre still living parents youre decent explanation instantly failure ppl look weird bec,fucking hate wtf life wave hits hopelessness follows
5vqoy8,2017-02-23 20:04:37,depression,840,71,https://www.reddit.com/r/depression/comments/5vqoy8/check_this_box_if_you_have_been_feeling_hopeless/,fucks sake half life like us facewithtearsofjoy,check box feeling hopeless everyday week
6q84aw,2017-07-29 06:41:00,depression,865,60,https://www.reddit.com/r/depression/comments/6q84aw/who_has_peak_days_where_they_formulate_new/,,peak days formulate new exciting plans week end cold dark lonely hopeless confused state mind day later ive noticed thats pretty much life
1jc6gcu,2025-03-16 03:39:02,depression,3,7,https://www.reddit.com/r/depression/comments/1jc6gcu/hopeless/,need vent moved back hometown back mom weeks ago bc im getting divorce im late confidence self love thought going spend rest life soon ex husband guess im overweight traditionally pretty struggled bullying hating growing feel x im ready date anything right idk date even wanted feel like wont find person bc im ugly fat feel worthless downright hate also dont friends nobody talk anything feel like im constantly judged everyone come contact get thru get thru loved feeling lonely im tired try confident esp talking someone feel shitty whole life set came crumbling hate,hopeless
1d7fz37,2024-06-04 02:51:59,depression,55,35,https://www.reddit.com/r/depression/comments/1d7fz37/feeling_hopeless_at_40/,wondering many people middleaged unhappy seems impossible fix life making much money especially age family aging dying barely see friends anymore since busy spouses kids moved far away usual coping mechanisms dont work anymore tried diet exercise even though lost pounds normal weight obese still feel horrible depressed worst thing feeling like wasted life made lot bad decisions put situation wish could go back time things differently know cant feel like existing like rotting piece meat waiting die anyone else feel similarly especially similar age,feeling hopeless
1jj7109,2025-03-25 06:14:34,depression,4,2,https://www.reddit.com/r/depression/comments/1jj7109/the_thought_of_having_depression_forever_is/,struggled depression severely since although always unexplained sadness since around years old remember sitting front moms bedroom door crying confused wanted ask help didnt even know feeling embarrassed ive gone therapy four years straight taken medication gone diets exercised none changed trajectory life mental strain pain unbearable think experience forever want end getting really close point im yr old female dont know want life feel numb think hate job reality think hate life acknowledge good things try absolute hardest positive change mindset habits always overrun brain want feel normally bad feel thats impossible advice please,thought depression forever hopeless
1jieg7j,2025-03-24 06:10:10,depression,4,1,https://www.reddit.com/r/depression/comments/1jieg7j/how_to_stay_motivated_feels_hopeless/,early went two year long stint crippling depression recovered covid went back blue collar work started medical issues knee home work seeing physiotherapist insurance help get trying ish months get part timeretail job well triple digits resumes sent took person course learn modernize resumes still nothing girlfriend years leave cannot find work debt looking courses schooling cannot decide taking every fiber fall back depression give dont want sad angry fucking hell hard get job,stay motivated feels hopeless
1itis2y,2025-02-20 04:05:25,depression,2,5,https://www.reddit.com/r/depression/comments/1itis2y/how_can_i_help_my_partner_who_struggles_with/,remove isnt allowed figured maybe posting could helpful partner struggled severe major depressive disorder long met september around augustseptember hospitalized trying end life almost successful mental hospital twice weeks within two month span im pretty sure experience made really fearful admitted self harm suicidal partner expressed feels hopeless like hes trying last five years since depression reared ugly head nothing changed hates doesnt feel passionate anything thinks ruins everything loves like everything try happy ends falling apart caused issues us broke month december got back together january issues become app,help partner struggles severe major depressive disorder feels hopeless everything
1jabs33,2025-03-13 18:49:55,depression,1,2,https://www.reddit.com/r/depression/comments/1jabs33/i_feel_hopeless/,feeling way since middleschool way till college involuntarily fall mute minds shambles affecting view friends family kept selfsabotaging relationships people anytime gets intimate turn mute shut episode gets bad enough matter many times think im getting better takes small inconvenience ruin day ive counselors sometimes feel like im fucked fixget better feel like burden everyone around whenever im going depressive episode fall mute sometimes feels like everyone waiting feel better talking led resorting reddit comfort feel less alone misery friends deal mental health yet always seem look like fear condition least brain thinks way,feel hopeless
1jkdxd4,2025-03-26 20:34:53,depression,1,0,https://www.reddit.com/r/depression/comments/1jkdxd4/hopelessness/,two years ago made probably worst decision life resulted trapped country way im honest probably never choice first place mustve lied everyday exact hour feels like minute time going fast unbelievably slow worst part escape cycle constantly stressed undertone anger seems people around downplaying maybe right maybe dramatic getting caught emotions know whole experience left permanent scar soul never healed cant even put feeling words,hopelessness
1hwp4sq,2025-01-08 22:36:27,depression,4,10,https://www.reddit.com/r/depression/comments/1hwp4sq/i_noticed_i_feel_sadhopeless_everyday_at_the_same/,started tracking daily life time eat feel ive done day much slept noticing trend feel sadhopeless short time goes away lot worse dont eat decided eat prior time still happened less severe morning rest day fine dont feelings find strange anyone else experience idea could,noticed feel sadhopeless everyday time minutes goes away completely could
1ja60jm,2025-03-13 12:18:19,depression,1,1,https://www.reddit.com/r/depression/comments/1ja60jm/beyond_hopeless/,ive suffered abandonment depression issues years marriage ended warning im strugglingi wrote get words paper see would help im sure anything helping could never imagine hurting someone way ive hurt way ive treated something wouldnt wish anyone never wanted hear much hurt never wanted take accountability actions know ive reacted poorly yearsive said things anger fightsbut never wanted go bed angry apologized every mistake might made ever wanted meet halfway help understand love started die years gave everything make sure happy lived fearfear shed leave fear nothing would ever enough somehow im villain selfworth shattered reality twisted walked away fr,beyond hopeless
1jfjr3f,2025-03-20 13:23:40,depression,1,0,https://www.reddit.com/r/depression/comments/1jfjr3f/i_feel_hopeless/,partner broke yesterday months pure joy biggest supporter central pilar suport gone friends one always specially hardest moments right hard place without support simply dont know know people get right need support im alone hopeless,feel hopeless
1jg0kdz,2025-03-21 03:14:53,depression,0,0,https://www.reddit.com/r/depression/comments/1jg0kdz/hopelessly_lost/,hate life much wake everyday hating failure outside seem ok got degree chemical engineering gpa months looking job finally got one job manufacturing plant quality absolutely zero engineering job get paid shitty given degree many achievements along way six sigma black belt cqe internal audit certified eit certificate etc take job else wouldnt anything get mistreated vast majority coworkers none ideas even get considered let along implemented applied jobs last months interviews resume professionally redone times made several cover letters personalized areas wasnt wonderful gf honestly might killed unfortunately dont get another job support us,hopelessly lost
1jeiuqe,2025-03-19 04:42:05,depression,2,0,https://www.reddit.com/r/depression/comments/1jeiuqe/feeling_hopeless_about_getting_help/,depressed since im years ago tried unalive failed went psych ward like th time gone several times si ive several different medications ive seen loads different therapists attempt went rehab mental health used college fund money got life insurance money mom died supposed use college spent rehab thought right thing time idk kind regret feels like waste im back years ago im worse hope back put work things would get better completed several programs tried kinds different therapies id never heard met kinds different people treatment easy part treatment getting used world hard point want give feel like treatment puts emphasis,feeling hopeless getting help
1ix4fug,2025-02-24 20:49:12,depression,1,3,https://www.reddit.com/r/depression/comments/1ix4fug/i_feel_very_hopeless/,guess reading almost posts share experience october everything apartment figure job friends boyfriend dont know happened something broke world became smaller smaller point stopped working sick leave stopped seeing friends spend hours couch watching tv days straight today forced gym massive panic attack netherlands psychologist psychiatrist embarrassing lexapro mg since month seem work contemplating ending cannot keep going like please someone give tips survive see turning thursday thanks,feel hopeless
s4rxox,2022-01-16 00:52:39,depression,1369,247,https://www.reddit.com/r/depression/comments/s4rxox/i_hate_how_go_to_therapy_and_start_exercising_are/,dont get wrong many benefited many havent seems everyone dont work followed find better therapist working release endorphins make feel better shit kept wasted money therapy pay escorts instead id much better going therapy made feel worse matter many different went tried group therapy felt betterwhich surprise surprise got better wasnt going regularly therapy big mistake group therapy fucked made realize im actually even alone im going sum heard therapy ex promiscuous people want love regularly sex complaining hate married cheat acting like understand sturggle late virgin back oh workout part instead punching head hurting,hate go therapy start exercising thrown around like magic pill
1gvdazi,2024-11-20 06:31:25,depression,378,95,https://www.reddit.com/r/depression/comments/1gvdazi/why_do_people_think_therapy_is_a_magic_solution/,especially people dont deal depression seem think im sad person needs comfort getting heard dont even know therapist wont able help someone doesnt ounce care helping first know enough acknowledge dont like comforted matter much someone listens vents tries make deep thoughts good parts life things look forward take small steps building small goals routines slowly heal ive heard truthfully cannot bring care people doubt bad personality really cant fantom level pettiness indifference apathy towards therapist would want deal cant anything get classic people around pisses even makes crazy anxiety attacks im supposed put u,people think therapy magic solution
hf150j,2020-06-24 19:06:33,depression,2139,124,https://www.reddit.com/r/depression/comments/hf150j/going_to_therapy_feels_like_repeatedly_opening/,feel stupid feeling hopeful every appointment know cant help cant help,going therapy feels like repeatedly opening fridge hoping new food magically appeared finding
jc93qc,2020-10-16 18:12:56,depression,1554,152,https://www.reddit.com/r/depression/comments/jc93qc/my_therapist_thinks_im_too_depressed_for_therapy/,therapist ive seen two times thinks im good candidate therapy thinks im depressed despite heavy medications im going see doctor reevaluate weeks didnt think combination psychotherapy medications combined would work instead suggested ect treatment talking minutes total extensive research offered tried combination therapy meds psychotic symptoms high risk suicide dont severely depressed life incredibly stable first time life know handle depression anxiety well agreed mind still thinks im depressed shes afraid therapy might make worse ive done cbt anxiety well aware might get much worse gets better,therapist thinks im depressed therapy
1i1xuef,2025-01-15 19:23:00,depression,365,50,https://www.reddit.com/r/depression/comments/1i1xuef/im_so_tired_of_people_saying_go_to_therapy_every/,like go therapy feels like world doesnt want unless im completely self healed selfactualized im trying live life meantime participate normal life milestones best knowing ive depressed long time longterm struggle try actively deal every day talking struggle dating clothes careers anything want advice discourse participate discourse main issues surrounding usually come mental health issues somehow like still exist feels like want go therapy hide away im presentable like im bringing negative energy wherever go,im tired people saying go therapy every time open mouth
pmtwna,2021-09-12 20:11:57,depression,1018,159,https://www.reddit.com/r/depression/comments/pmtwna/the_fact_that_i_have_owe_2k_in_therapy_sessions/,course year ive talking therapist owe k therapy fuck point therapy cost much feel cheated right really depressing deal youre depressed charging arm leg helpful youre struggling depression hate american health care system ducking muchdisappointedfacefacewithsymbolsonmouthfacewithsymbolsonmouth,fact owe k therapy sessions ridiculous
1hbbquc,2024-12-11 02:13:06,depression,142,83,https://www.reddit.com/r/depression/comments/1hbbquc/stop_telling_me_to_go_to_therapy/,works fine dont let stop nothing makes mad people say go therapy know nothing doesnt work idk many different ones ive tried never good like minutes barely getting know try say im traumatized severely depressed true puts people traumatized solution problems think differently go walk gee thanks hot tips also expensive hell seeing real doctor isnt option,stop telling go therapy
1jc36if,2025-03-16 01:05:36,depression,110,51,https://www.reddit.com/r/depression/comments/1jc36if/any_elses_depression_just_doesnt_improve_no/,ive tried pretty well every resource nothing diet wise exercise cbt dbt helps im genuinely becoming hopeless nothing working stay mindful present yet weight never ends,elses depression doesnt improve matter therapy medication
p6pcmi,2021-08-18 17:05:49,depression,956,120,https://www.reddit.com/r/depression/comments/p6pcmi/you_need_therapy/,therapy expensive hours session week supposed get therapy locked behind prices one session isnt going ongoing expense thats way difficult afford live uk yes tried get nhs told wait piece snail mail book anything never received weeks later told hadnt heard assumed didnt need scratched list depressed person basically really screwed almost broke im going route whenever someone learns depression always ask like dont understand im fucking rich struggle afford anything id give car expense hard understand ridiculously reach alone aggravates depression simply never happy ever,need therapy
10g2bqp,2023-01-19 19:26:34,depression,487,116,https://www.reddit.com/r/depression/comments/10g2bqp/im_tired_of_people_saying_that_you_should_go_to/,therapy im also taking medication nothing working still feel like shit worthless people say dont know like,im tired people saying go therapy
unpxqd,2022-05-12 07:30:09,depression,542,133,https://www.reddit.com/r/depression/comments/unpxqd/i_feel_like_paying_200therapy_session_would_be/,hell everyone affording outrageous therapy prices going economically ruined try solving problems professional,feel like paying therapy session would depressing untreated depression
1h9bcbl,2024-12-08 10:28:41,depression,203,38,https://www.reddit.com/r/depression/comments/1h9bcbl/they_way_people_say_get_therapy_almost_feels_like/,failure recognize people might already gone conventional means even depressing almost like dont want want live laugh cherish avoided becoming several years therapy still didnt fix must terrible person,way people say get therapy almost feels like slur
17ilyrn,2023-10-29 01:40:35,depression,241,106,https://www.reddit.com/r/depression/comments/17ilyrn/nope_its_over_fuck_therapy/,im done therapy doesnt work im tired going every therapy possible wasting money die tomorrow fuck world doesnt want im trying fuck,nope fuck therapy
1hcv2sr,2024-12-13 02:23:36,depression,92,41,https://www.reddit.com/r/depression/comments/1hcv2sr/i_dont_know_what_to_talk_about_in_therapy_anymore/,feel therapy sessions pointless im wasting money life routinary isnt much talk seems working maybe feel time year feel tired dont want anything,dont know talk therapy anymore
1epl46d,2024-08-11 19:13:17,depression,101,58,https://www.reddit.com/r/depression/comments/1epl46d/i_cant_afford_therapy_i_need_help_i_know_noone/,fuck twitter fuck pathetic pieces shits fucking assholes lot nerve pretend good guys telling horrible things fuck em oh twitter fucking everywhere many problems hate people people person hate world hate feel like killing cant afford therapy money thats works get help money thats care,cant afford therapy need help know noone cares im angry
b9fv6s,2019-04-04 23:12:30,depression,1140,64,https://www.reddit.com/r/depression/comments/b9fv6s/finally_going_to_therapy/,years trying bottle hide depression im finally going therapy try face head wish luck,finally going therapy
1j8pxbx,2025-03-11 18:17:48,depression,803,285,https://www.reddit.com/r/depression/comments/1j8pxbx/advices_for_depression_is_fucking_trash/,little rant im point depression advice doesnt anything feel like ive heard shit repeat find love hobbies gym bruh walk nature look trees sex therapy hobbies gets better family miss youll die anyways might well stick around focus positive bruh food hobbies jesus christ godallah kids talk others crisis hotline depression state mind get rich life blessing life make fun fucking hobbiesssssss dont even know try anymore suffering reward ratio life fucking horrible might go hedonic journey ending get dont know fuck going create meaning run else really,advices depression fucking trash
cbhfwy,2019-07-10 20:02:58,depression,1058,55,https://www.reddit.com/r/depression/comments/cbhfwy/therapy_just_made_me_more_aware_of_how_isolated_i/,ive therapy years ive able identify made depressed growing try deal spend lot time using coping methods trying best depressed person manage excel life currently dealing sting breakup went vacation asia ex broke nc trip wish well gather finding grass isnt greener im dream vacation older sister child visit fianc lot depression triggered childhood parentified also unappreciated invalidated sister spent formative years teasing liking asian culture jet setting fantasy destination romantic love wasnt enough liked something meant something care treat right nope man would make culturally open respect interests livid journaling u,therapy made aware isolated feel people suck empathy
1ha9rw8,2024-12-09 19:02:00,depression,13,32,https://www.reddit.com/r/depression/comments/1ha9rw8/therapy_costs_and_my_parents_are_not_emotionally/,parents emotionally mature problem start competition worse cant express suffering also one working cant ask therapy since sometimes struggle reach end month money dont care physical health times care something never thought people say money isnt happiness well money required feel happiness money could fix problems right money everything society deal mental health alone always world absolutely sucks yet world wont help wants stay reason sometimes ask end right,therapy costs parents emotionally mature
170qsl2,2023-10-06 00:53:28,depression,115,71,https://www.reddit.com/r/depression/comments/170qsl2/i_cannot_afford_therapy_in_a_free_healthcare/,live country supposed free healthcare even though suicidal cant get help see psychotherapist psychotherapists free insurance overbooked insurance clients accept selfpaying clients student part time job dont session something bank account making depressed dont know anymore dont think make dont anything guess piece rope cheaper therapy sorry rant needed vent somehow edit eu slovakia,cannot afford therapy free healthcare country
f791jw,2020-02-21 15:36:06,depression,3760,117,https://www.reddit.com/r/depression/comments/f791jw/the_scary_part_about_having_depression_is_when/,basically title says current situation,scary part depression start feel hard know temporary reaction life start relapse
1jiopu6,2025-03-24 17:17:18,depression,1,6,https://www.reddit.com/r/depression/comments/1jiopu6/why_does_depression_relapse_every_two_weeks/,went hospital today skin related issue wait long time seen doctor able see pm wait another two hours find next steps treatment waiting mostly seated small corridor cant really walk much phone ran charge waiting time increasing dark thoughts started occupy brain neglected ignored speckle dust noone cares care happen dont run away try fix issue would even care sobbing point couldnt pull back together even seeing doctor discussing next steps felt lonely walking bus stop crying loudly thinking life hard survived genocid,depression relapse every two weeks
1ibakub,2025-01-27 20:10:17,depression,18,12,https://www.reddit.com/r/depression/comments/1ibakub/i_think_im_having_another_relapse_please_help_me/,want cry time feel empty sad want disappear absolutely idea feel like right happened days ago dont understand almost point thinking dumb things cant believe easy fall back despise progress made time feel tired,think im another relapse please help
1iq5tgx,2025-02-15 22:32:51,depression,8,9,https://www.reddit.com/r/depression/comments/1iq5tgx/relapses_are_hard/,dont want leave really exhausting deal gotten better relapse hits hits hard tiring want hug online hug warm word,relapses hard
1jhq7gu,2025-03-23 08:55:40,depression,3,2,https://www.reddit.com/r/depression/comments/1jhq7gu/relapse/,scared relapsing selfharm,relapse
1guesf0,2024-11-19 02:04:28,depression,2,18,https://www.reddit.com/r/depression/comments/1guesf0/i_relapsed_and_went_to_jail_again/,feel like im falling apart im f went jail first time hours drinking weed second time broke probation got dui already know im stupid beating feel depressed dont want anything lay cry feel like ive spent past year working close clean record almost year sober boom drank ruined chance clean record entered debt jail court probation fees ultimately feel like crap advice something could maybe feel nauseous dead inside,relapsed went jail
1jk1w78,2025-03-26 08:19:12,depression,2,0,https://www.reddit.com/r/depression/comments/1jk1w78/i_just_relapsed/,years self harming relapsed couldnt help partner room ignoring cries makes uncomfortable ostracized boss work mental issues feeling alone right couldnt stop crying wanted crawl skin couldnt help,relapsed
1jjjh2s,2025-03-25 19:04:21,depression,1,0,https://www.reddit.com/r/depression/comments/1jjjh2s/going_to_relapse_after_weeks_of_being_clean_sh/,im pissed world im failure disappointment shouldnt silent attempts disappear failures cant take life anymore father moved hasnt bothered tell contact weeks might ever see hurts knowing one day wake little girl missing getting abducted murdered one know happened exhausted every day get bed force shower get dressed force eat go onto dark web cross fingers hoping come across something dodgy chat room want date aim nothing im still easter ill take life following wednesday ill see family weekend see one last time end im tired fighting scheming get kidnapped go walks alone late night hoping worst always come emp,going relapse weeks clean sh
1ijnubv,2025-02-07 11:02:06,depression,6,5,https://www.reddit.com/r/depression/comments/1ijnubv/relapsed_today_with_no_one_to_talk_to/,title says relapsed today nowhere put guilt eating alive want pain go away want know eternal sleep feels like,relapsed today one talk
1jeg74h,2025-03-19 02:46:40,depression,1,0,https://www.reddit.com/r/depression/comments/1jeg74h/the_relapses_hit_hard/,thought well past months control mind thoughts even days felt bit meh nothing severe saw camera thought wants die everything came flooding back crash intense almost felt euphoric forgot heavy feeling yet feels comfortingly familiar ive dreading ever returning time im glad back simple dont need worry hopes dreams anymore wanting end,relapses hit hard
1iiyfd2,2025-02-06 14:38:02,depression,2,5,https://www.reddit.com/r/depression/comments/1iiyfd2/sh_relapse_no_one_takes_me_seriously/,used self harm lot kidteen sounds bad attention thing ive always struggled asking help mental health bad used hurt way show people needed help although even someone noticed time never taken seriously im adult havent done years since hospitalisation suicide attempt mostly ive better medication working ive learnt lot good coping skills unfortunately though relapse weekend hurt ive stressed upcoming university course dont feel smart enough postgrad study dont understand triggered much wanted feel physical pain punish smart enough part really wants partner see injuries want ask im okay didnt notice one ever notices feel like idiot,sh relapse one takes seriously
1hszmu9,2025-01-04 04:27:09,depression,6,9,https://www.reddit.com/r/depression/comments/1hszmu9/feeling_a_slight_relapse_i_need_to_rant/,sooooo failed pass integral calculus th time feel like fuckin stupid seriously dumb excuse explain point worse imagine im struggling much subject supposed first year actual fuck going happen upcoming ones long take years multivariable calculus differential equations another years advanced calculus damn ridiculous ridiculous give permission laugh idioticity idk depression killing neurons think never first place lol ive way better last months feeds selfhate make hate maths pushing back bit going write wanted rant im normally trying uplift people sub also issues anyw,feeling slight relapse need rant
1j1n8ns,2025-03-02 15:07:29,depression,1,1,https://www.reddit.com/r/depression/comments/1j1n8ns/each_relapse_is_stronger_than_the_previous_one/,need talk calm brain min whole life fight depression since yo started bad habbits addictions escape got worse point got hospitalised since took serious saw psy doctors lot took medecine wich still take today focused healthy life go gym h day drugs alcohol yeah worked time tf im still sick emotions overwhelming feel weak anxious lonely im bad thoughs didnt even talked love every breakup almost killing takes forever forget feel oversensitive fragile hate everysingle day scared even lost last job relapse scared scared work scared futur scared love scared judged feel like one understand alone sorry bad english,relapse stronger previous one
1j6zj4x,2025-03-09 09:51:16,depression,1,0,https://www.reddit.com/r/depression/comments/1j6zj4x/my_teacher_is_a_complete_ass_and_made_relapse/,holy crap ive recently think relapsing teacher actually trying sabotage time genuinely put class time decidces get trouble inane literally cried hours straight cant even look eye wanted get better actuallly got better stupid selfishness cant essentially showed late class live far away scchool inclass activity gave zero missed tried talking school admin said rules hate guts literally times class everytime speak know wants sabotage time im gonna ignore intuition actaul fuck hate bitch much literally pretends sympathetic angelic yet refuses use synpathy comes life loves preformative,teacher complete ass made relapse
1j2bouy,2025-03-03 11:08:31,depression,1,0,https://www.reddit.com/r/depression/comments/1j2bouy/relapse/,ive well swear ive alcoholism control ive got bills paid ive working consistently little situation im one works husband near cripple drunk pot head mom widow always poor finances anyone knows knows ive never wanted kids im bad guy hate fuckers working days week hours day im working make sure necessary grocery shopping pick things needed dont know make household function come home deal litter boxes take trash go next door check mom take trash kind enough cook always makes sure im well fed stepson even bothered keep shit together well enough allowed school lost shit want im going lose man love repugnant little,relapse
1iufpnz,2025-02-21 07:35:40,depression,3,1,https://www.reddit.com/r/depression/comments/1iufpnz/had_a_relapse_back_in_september_and_i_cant_get/,ever since saw ex someone else backslid horrible depression ive managed stay hard substances im miserable zero motivation anything im college rn people like need go socialize feel like thats easy say dont brutal depression meeting people hard dont feel like im sick running playbook im try tms hopefully something anyways thats rant thanks bye,relapse back september cant get
1ex43q8,2024-08-21 00:38:43,depression,23,19,https://www.reddit.com/r/depression/comments/1ex43q8/failed_my_road_test_want_to_relapse_extremely_bad/,took road test license failed due verbalphysical intervention asked examiner question park thats understandable circled physical intervention even though didnt touch eyes raw weeping feel like im plummeting deeper deeper every waking hour havent cutattempted since got relationship ex really feel like need punishment wasted parents money good failure kind son even doesnt help ive dreading test since june know worry sorrows proved meaningless adds hurt one physically excruciating want rot room never leave thank reading,failed road test want relapse extremely bad
1iygjdr,2025-02-26 11:14:35,depression,1,0,https://www.reddit.com/r/depression/comments/1iygjdr/js_relapsed/,fr felt like getting better idk even know wasnt stressed anything js took blade cut shit fr confusing anyone knows wouldve done without thinking maybe something deeper lowk dont know response appreciated,js relapsed
1i7r59r,2025-01-23 06:22:37,depression,3,4,https://www.reddit.com/r/depression/comments/1i7r59r/relapsing_again/,f first memory clearly saying wanted die yo left toxic family started feel bit better first suicidal attempt got better better still lot lows major relapse years ago finally started take anti depressants real help therapist years antidepressants almost highest dose therapy felt fucking better stopped meds progressively started reduce march last year stopped completely october following weeks also managed stop weed fucking proud believe last months genuinely best months life happy chill didnt think even possible grateful everything grateful mostly proud knew worked much good things come end apparently recently feel like coming back im feeli,relapsing
1ietor9,2025-02-01 05:48:47,depression,5,2,https://www.reddit.com/r/depression/comments/1ietor9/how_do_i_get_through_a_relapse/,im going one worst relapses depression right im many suicidal thoughts selfharm urges normal im scared im going really bad path ive already hospitalized twice last one two years ago cant go back cant feelings sudden fine weeks ago suicidal thoughts urges high motivation fuck happening im scared,get relapse
1gw0w63,2024-11-21 03:48:36,depression,0,0,https://www.reddit.com/r/depression/comments/1gw0w63/my_search_for_a_simpler_life_tw_depression/,search simpler life tw depression alcohol abuse suicide rather intense journal entry feel like get eating fair warning pretty raw youre chilling dont want vibes ruined maybe dont read years never managed build one would call stability growing broken family mostly absent father along mentally ill mother experiencing childhood bullying intense social anxiety depression developed followed decade alcohol abuse conveniently rebranded partying teenage years early adulthood hitting personal rock bottom age starting journey sobriety year ruining promising chance true love im almost years sober months ago death reminded presence universe decided test father commited,search simpler life tw depression alcohol abuse suicide
ob0e3j,2021-06-30 21:32:56,depression,109,23,https://www.reddit.com/r/depression/comments/ob0e3j/tw_child_abuse_rape_childpornographiealcoholism/,wanted talk things happend child pleas aware tw top dont want put someone feel bad parents got late mother psychological problems father drug alcohol problem never good parents way lived smaller city beside berlin capital germany went school whit spend time basement beside washing machine mattress pillow mutch remember didnt blanked bed sheet since im im sure sometimes got food times day sometimes food days able get water water tab beside bed broke like didnt contact whit many people kids went school whit thought normal one day dad came room whit camcorder play game okay fi,tw child abuse rape childpornographiealcoholism thinks guess
15wygh2,2023-08-21 11:09:30,depression,1,0,https://www.reddit.com/r/depression/comments/15wygh2/too_drunk_to_be_on_the_depression_and_mental/,banned couple subs,drunk depression mental health subs suicidal alcoholic substance abuse subs
11n7g30,2023-03-10 04:52:18,depression,4,4,https://www.reddit.com/r/depression/comments/11n7g30/childhood_suicidal_thoughts_and_self_harm_tw_vent/,first serious suicidal thought father incredibly drunk breaking front door window attempt get genuinely considered using rope mothers closet hang week researched family computer things tie noose years old began self harming couldnt deal anymore one things saw researching suicide wish didnt cant stop hate life,childhood suicidal thoughts self harm tw vent suicidal thoughts self harm alcohol abuse
11jm3c4,2023-03-06 08:15:28,depression,1,4,https://www.reddit.com/r/depression/comments/11jm3c4/16_struggling_with_alcohol_abuse/,hello im year old male sophomore public high school ive never able quite fit anything least real life found friends online even boyfriend months ive history depression case suicide plan family also history depression cases suicide depression hit peak ago made plan commit suicide via carbon monoxide poisoning th february didnt simply constant watch friends knew nothing worked ease ive tried almost every option book therapy school counseling school clubs conversations antidepressants several different kinds warmlines hotlines name however tried one solution worked alcohol alcohol seemed solution worked short term suicidal episodes seemed ease feelings make,struggling alcohol abuse
jrqw1t,2020-11-11 00:20:54,depression,1,4,https://www.reddit.com/r/depression/comments/jrqw1t/had_a_dream_that_i_was_a_transient_abusing/,second dream like ive last month wake crying intensely dream live textbook good life real life room everything hard tell dream hope ok genuinely hope,dream transient abusing alcohol drugs one cared
m94hf1,2021-03-20 16:08:48,depression,2,1,https://www.reddit.com/r/depression/comments/m94hf1/how_to_help_a_friend_with_depression_and_alcohol/,hi friend going lot right pretty decent life might think stuff going well paying job great health insurance makes kyear friends care would never reach dog thats years old thats super friendly nice boyfriend would love matter recently broke due friend drinking problem started toxic still live together though hes prescribed antidepressants doctor lives seattle terrible place anything theres things even covid always complains rain lives decent place utilities many video apps netflix hulu lot gaming consoles switch ps pc used extroverted guy lot personality se,help friend depression alcohol abuse
kmntmr,2020-12-30 03:19:50,depression,2,0,https://www.reddit.com/r/depression/comments/kmntmr/lifelong_depression_w_alcohol_abuse/,hi guys struggling depression long time sometimes id feel ive depressed whole life cant remember ever really happy lately ive hitting rock bottom also getting problems alcohol like think drink feel something anyone struggle andor suggestions make first steps get,lifelong depression w alcohol abuse
k3a1w2,2020-11-29 19:45:47,depression,0,0,https://www.reddit.com/r/depression/comments/k3a1w2/my_depression_alcohol_abuse_heaven_on_phenibut/,dear guys girls dear sufferers dear survivers im suffering depression social anxiety since years old symptoms painful negative thoughts past present future starting right morning open eyes otherwise huge lack drivemotivation anhedonia lack interests almost nothing stimulates lethargy feelings extremely painful inner emptiness restlessness hard explain somehow alive dead body buried alive without able anything cognitive decline focus memory access thoughts body pain makes hard stand sit straight walk keeping body posture walk stairs typical symptoms social anxiety etc medication tried different medications antidepressant neuroleptics venlafaxine trevilor escitalopram cipralex sertraline zoloft paroxetine paxil duloxetine cymbalta opipramol moclobemide,depression alcohol abuse heaven phenibut struggles today
g0purh,2020-04-14 00:59:23,depression,2,1,https://www.reddit.com/r/depression/comments/g0purh/stuck_with_an_alcoholic_abusive_mother_in_lockdown/,yr old leaving alcoholic mom ever since lockdown ive called police weeks ago everytime drinks tendency violent ever since father died back shes alcoholic got considerably worse since late teens month bursts degrades sometimes hits mom older brothers enough however families deal live far away since lockdown country france shes horrible manipulative alcoholic mocking prior event calls various names weeks ago threatened kill phoned police worried dying alcohol overdose ambulances unreachabl arrived became super violent resisting arrest spitting one saying coronavirus love nice mean friend,stuck alcoholic abusive mother lockdown
7yr3oc,2018-02-20 04:38:22,depression,4,8,https://www.reddit.com/r/depression/comments/7yr3oc/i_have_been_having_stressinduced_delusions_of/,hope left see psychologist twice week equivalent every time five psychiatric inpatient stays one worse last dont care anymore want die tonight thank community rdepression folk wish best believe,stressinduced delusions past sexual abuse feel abusers surrounding wrote suicide note took stash alcohol including dying vodka soon im going start taking valium want thank community
8bgdo7,2018-04-11 17:09:05,depression,1,7,https://www.reddit.com/r/depression/comments/8bgdo7/alcoholic_mother_and_christian_grandmother/,every day always issue bad enough wake swollen infected eyes bearly able see bad health mother thats youd even call always insult first usually starts telling smell shell comment appearance today balduglyfatold look used make fun weight much turned anorexic almost died one point took doctor tell eat heart would stop working shell tell dirty horrible clothes shell tell leave never wants see ever shed happy left life yet went house party rang police told drugs wasnt two police men room looking asking questions night long time informed mother lied police wasting time,alcoholic mother christian grandmother mentally abuse every day
cruupy,2019-08-18 06:46:52,depression,4,1,https://www.reddit.com/r/depression/comments/cruupy/i_feel_like_i_have_no_purpose_in_this_world_the/,hopeless,feel like purpose world guy love prioritizes alcohol l parents abusive ive rejected college college cant get job im homeless food house doesnt shower toilet god
buzid3,2019-05-31 04:01:11,depression,3,1,https://www.reddit.com/r/depression/comments/buzid3/depressed_suicidal_thoughts_social_anxiety/,depressed f moved new city graduating college last year awful miss college unhealthy amount physically hurts homesick lived best friend made name went time saw people knew everywhere got wear comfy clothes could make schedule fun really bad social anxiety comfortable living best friend also drinking problem acceptable college time wasnt control cue real world work desk job cant stand hours week always think outside able walk freely class class put long hours something cant stand drinking problem spiraled control almost got fired sometimes ill start drinking go benders days feel good short amount time dont,depressed suicidal thoughts social anxiety alcohol abuse cant adjust real world please help
dc485p,2019-10-02 08:12:37,depression,1,0,https://www.reddit.com/r/depression/comments/dc485p/a_drug_abusing_alcoholic/,im frig abusing alcoholic drink everyday every night whenever afford drugs matter life complete shambles nothing keeping earth except drugs alcohol nothing live fuck life,drug abusing alcoholic
cnfu1x,2019-08-08 08:42:10,depression,2,0,https://www.reddit.com/r/depression/comments/cnfu1x/i_told_my_doctor_that_alcohol_was_working_better/,made seem like resident doctor pulled info resident left told willingly abusing alcohol drinking fifth every night thing made happy less depressedpanicky doctor went family friend got really upset said ive last drink dont know zoloft wasnt working prescribing buspirone go along tried wasnt working tandem drinking anymore taking medication stop taking wasnt working im scared whats going happen life spiraling downward quick fashion dont know im going able without alcohol even though know good tried telling didnt work says paired wrong medication id switch weed legal thoughts,told doctor alcohol working better medication might abusing got mad
a2bsva,2018-12-02 14:26:26,depression,3,1,https://www.reddit.com/r/depression/comments/a2bsva/i_hate_this_life_im_living_the_suicidal_thoughts/,mg klonopin large amount gapapentin lost count plus lot adderall stay awake experience actually feeling content lost track much ive taken tonight going kill ive already tried cocktail drugs mostly opiatesmg oxy benzosmg plus alcohol thought would end life peaceful bliss ended er one would worked mom hadnt found shit know im slipping back old ways fuck whatever hate existing actually hurts exist wish would get shit together catch peers left behind dropped college shit dont close friends anymore feel like contacting old friends feel shame completing degree everyone already surpassed graduating next semester long way go even continue college,hate life im living suicidal thoughts go away abuse prescriptions alcohol
1jhcmd4,2025-03-22 22:10:33,depression,139,12,https://www.reddit.com/r/depression/comments/1jhcmd4/depression_truly_takes_away_everything/,ive sides nothing one building life nothing extravagant enough better could imagined back alcoholic nothing thing ive always treated life bucket list financial comfort loving spouse friends good grades hobbies favourite games loving family surely youre supposed happy still feel nothing quite sad nothing thought striving better version life would extinguish feeling emptiness could never imagined life years ago know especially since abuse shaped mind point thought life thats sole problem,depression truly takes away everything
79c896,2017-10-29 01:29:30,depression,2,0,https://www.reddit.com/r/depression/comments/79c896/jealous_of_people_who_kill_them_selves_drug/,know sounds really dumb wish could want kill pay back family friends theyve done first want drown away drugs wont able pay back want drink cant certain wont spill beans theres way live excess without endangering everything,jealous people kill selves drug abusers alcoholics etc
5wqno8,2017-03-01 03:28:21,depression,2,0,https://www.reddit.com/r/depression/comments/5wqno8/was_anybody_else_here_abused_by_alcoholic_parents/,growing father still extreme alcoholic idea discipline getting drunk hitting bled left many emotional scars never heal would say played huge roll worsening mental illness wish could start new loving parents,anybody else abused alcoholic parents
1d0dztl,2024-05-25 20:35:20,depression,59,117,https://www.reddit.com/r/depression/comments/1d0dztl/14_year_old_drug_addict_im_overdosing_today/,leave family friends without feeling like fault,year old drug addict im overdosing today
18rc3ek,2023-12-26 22:09:37,depression,32,17,https://www.reddit.com/r/depression/comments/18rc3ek/is_it_normal_to_seriously_think_about_and/,btw im troll point life dont understand anything im normal whats truly wrong overdosed month ago auvelity go hospital go psych ward track happy got faced reality life realized terrible life every day think overdosing ending ceasing exist wanting pain end dont think want help ive gotten help really anything want want know really something normally borderline concerning behavior get close pick upunscrew pill bottles time havent went way yet still dont know normal fine since im scared right sorry hard understand good day,normal seriously think consider drug overdoseending life every day
htkzjq,2020-07-18 23:30:33,depression,1132,261,https://www.reddit.com/r/depression/comments/htkzjq/i_am_a_17_year_old_student_in_korea_and_i_am/,finished writing final goodbye letters mom dad brother goodbye want talk someone dont know im planning overdosing lean drug know parents say depression suicidal thoughts common focus grade gpa feel hopeless want know take life comfort support help much feel like im better gone work study prepare school sat life im sorry mom dad even though spent time simply cant get goodbye love fault thank memories support past seventeen years life times scolded didnt get good sat score would sent academies dog would sent back previous home days believe ive thing,year old student korea stressed overwhelmingly academics sat please read story tell story others going jump next week goodbye
eophbs,2020-01-15 00:18:49,depression,989,231,https://www.reddit.com/r/depression/comments/eophbs/i_cant_stand_it_anymore_im_committing_suicide/,happen honest god hate life much im year boyi try make every negative thing positive doesnt works much happen last year parents sister passed away accident last year dont feel bad since theyve tortured mentally physically whole life never though much uncle raped told shut hell kill came age found truth revealed parents tried get arrested mentally ill wanted save face happened happened escaped morning found tortured shut upsame night tried get arrested escaped entered foster care im last year high school gcse cant study due time limit carer given doesnt work house far school,cant stand anymore im committing suicide story good positive wont help u stop suffering
jm9w19,2020-11-02 02:26:34,depression,1466,118,https://www.reddit.com/r/depression/comments/jm9w19/i_will_never_understand_how_people_can_live_and/,life objectively bad everything seems literally designed bring even bodies designed keep us content think drugs make feel good eventually body reach point needs reach effect overdose die try set goals complete keep seeking get money want people say practice graditude live life constantly need remind trivial good things everything basically objectively bad loved ones eventually die die people kill daily basis horrible things work die young energy time money adult money energy time old lucky money time energy likely riddled sickness lost loved ones life,never understand people live happy
ub3lqj,2022-04-25 02:01:44,depression,1,0,https://www.reddit.com/r/depression/comments/ub3lqj/would_you_rather_think_your_loved_one_died_from_a/,seriously mood hear people try talk ive heard ive thinking years starting make sense get older burden society family friends either im gonna leave note im gonna leave note explain wondering one youd rather experience loved one think loved one overdosed accident know decided intentionally overdose means end,would rather think loved one died drug overdose would rather know drug overdose method suicide
1biesor,2024-03-19 13:15:19,depression,250,110,https://www.reddit.com/r/depression/comments/1biesor/dead_at_18/,im actually gonna commit ive worked date time plan entire life ive ignored overlooked ive felt nothing alone hopeless subreddit helped solidify decision ive made two posts prior received nothing one cared like real life fit else life maybe time fully fade background three days th birthday overdose die childhood home childhood room depression taken everything finally take life thanks everyone never cared made leaving much easier edit first wanna thank everyone leaving nice messages inbox thread second im dead yet spent last days bed sleeping im joking would wake immediately go back sleep havent seen notifications today thought come explain things,dead
enj28l,2020-01-12 10:16:20,depression,46,5,https://www.reddit.com/r/depression/comments/enj28l/i_overdosed_on_drugs_at_age_15/,im still alive dont know though dont really hsve anything going friends go dates still dont feel real feel like im trapped mind dont really know describe feels like consciousness shoved back brain im autopilot like worker bee sometimes feel hopeful content recently theres like cloud anhedonia sounds like edgy teenage poet shit thats feels lol also lost dad last month really care cockatiel shes best friend ive ever deserves world spent christmas money,overdosed drugs age
lwy5sv,2021-03-03 22:08:40,depression,1,4,https://www.reddit.com/r/depression/comments/lwy5sv/drugs_overdose/,someone honestly explain drugs like point drugs hurt bc doesnt seem like theyve ever helped someone considering much people keep till die posted overdoes subreddit never got response bunch dislikes thought hmm ill post since yall seem druggy depressed,drugs overdose
eu35qu,2020-01-26 11:49:02,depression,1,3,https://www.reddit.com/r/depression/comments/eu35qu/what_medicinal_drugs_can_i_use_for_a_quick/,use paracetamol advil anyone please give suggestions want end life already ive enough bullshits life,medicinal drugs use quick overdose lead death
hz88eo,2020-07-28 10:12:51,depression,1,0,https://www.reddit.com/r/depression/comments/hz88eo/drug_overdose_fantasies/,state og depression think trying heroin first time feel good also want overdose end,drug overdose fantasies
ffgock,2020-03-08 23:59:17,depression,2,1,https://www.reddit.com/r/depression/comments/ffgock/tw_drug_use_overdose_death/,last night got call dad telling sister hospital found fiance dead bathtub overdose clean three years fucking proud idea long hes using sweep basement found pipe needles one loaded three baggies used use ive clean months always thought could could thats point guess told sister shouldnt worry kept eye checked arms legs wasnt looking talked atleast week fuck saw earlier yesterday couldnt fucking tell told repeatedly wasnt using cause would able tell put everything wasnt using went bat hundred different occasions hes closest thing ive ever brother sure told,tw drug use overdose death
aqcho5,2019-02-14 04:04:36,depression,2,3,https://www.reddit.com/r/depression/comments/aqcho5/got_no_sleeping_pills_so_is_there_any_other/,use painkillers antidepressants overdose household pills lethal,got sleeping pills household drug lethally overdose
dszymf,2019-11-07 21:49:49,depression,5,0,https://www.reddit.com/r/depression/comments/dszymf/thinking_about_buying_some_drugs_and_overdose/,year therapy psychiatrist told longer help supplementary insurance ran month choices go back work failed miserably months ago take sick leave termination contract chicken kill really interest living thing keeping going kids living ex dependenton monthly payments longer provide overdose give life insurance least dont need suffer left apartment first time weeks terrible panic attack ended getting drunk came back home midnight sitting text long time dont know delete publish year old man total failure nothing live cant even visit kids fucking muslim ban even though im swedish citizen atheist left iran wh,thinking buying drugs overdose instead killing
5hjevc,2016-12-10 15:01:20,depression,3,7,https://www.reddit.com/r/depression/comments/5hjevc/just_took_an_overdose_drug/,really hope could die soon peaceful eternally,took overdose drug
9003ol,2018-07-19 03:58:51,depression,1,3,https://www.reddit.com/r/depression/comments/9003ol/fastest_and_easiest_otc_drugs_to_overdose_on/,fed people dont like really true case ive given say life purpose well mine doesnt want find fastest painless way go,fastest easiest otc drugs overdose
8hef9w,2018-05-06 16:09:05,depression,1,0,https://www.reddit.com/r/depression/comments/8hef9w/if_you_ever_overdosed_accidentally_or_purposely/,im fluoxetine mg efexor venlafaxine mg per day switch period order replace brintellix vortioxetine mg efexor accidentally took double dose happened bought efexor mg instead mg capsules kinda fine actually two weeks went almost well talk doctor explained happened chose actually went double dose quite fine capable studying sorta sleeping prescribed pharmacological treatment im youre dumb go mistaking days medical appointment overdosed efexor yet talking best friend realised ment fact since got seams medication dont work anymore like everything due placebo effect mean like noticed didnt side effects even overdosed dont believe medical treatment anymore matte,ever overdosed accidentally purposely drugs happened anyone experimented neuroleptic malignant syndrome
6sh9e0,2017-08-09 04:21:39,depression,5,1,https://www.reddit.com/r/depression/comments/6sh9e0/my_brother_died_of_a_drug_overdose_on_saturday/,,brother died drug overdose saturday night hit tonight
1i7vu0a,2025-01-23 10:25:47,depression,161,18,https://www.reddit.com/r/depression/comments/1i7vu0a/dont_want_to_do_this_anymore/,im fucking tired living dont enjoy anything anymore pretty much hate everything existence barely get hours work honestly fuck id rather lay bed day run money ill kill shits fucking stupid life literally fucking stupid pointless fucking hate everything theres nothing fucking planet like want disappear even could find another job make enough money whats fucking point pay bills fuck shit,dont want anymore
3f1rnm,2015-07-29 22:27:42,depression,4,3,https://www.reddit.com/r/depression/comments/3f1rnm/my_father_died_of_a_drug_overdose_a_year_and_a/,feel like carry front mind coats everything think often end bringing conversation think effects every aspect life feel like push people away cannot figure deal want grow person feel like im wilting away wounded living different world everyone around nobody understands knows say pain crushing weight,father died drug overdose year half ago
1j9tmrj,2025-03-13 01:42:47,depression,1,1,https://www.reddit.com/r/depression/comments/1j9tmrj/any_tips_to_fix_burnout/,im burnt life stared wall hours today couldnt get brain want exist,tips fix burnout
1j7y9v8,2025-03-10 18:42:20,depression,1,0,https://www.reddit.com/r/depression/comments/1j7y9v8/major_burnout_during_the_most_important_part_of/,love job degree program amazing partner supportive friends family im getting married soon im months away finishing masters feel fucking empty inside lately nothing brings joy dread going work responsible getting taxes order cleaning wedding etc im also hard time expressing thoughts loved ones asking help dont even know someone could help wanted vent little mope,major burnout important part life
1ijquwr,2025-02-07 14:35:09,depression,1,2,https://www.reddit.com/r/depression/comments/1ijquwr/pushed_beyond_my_breaking_point_autistic_burnout/,dont want go back work anymore every day go burn sensory overload come home energy left cook anything makes happy pass asleep wake next morning go everything really looking forward weekend coworker asks cover shift couldve said shouldve surprised request kind agreed thats even less free time ill reward nothing pain endure paycheck cant even enjoy benefits energy want quit today would go honest im treated well job standing hrs every day talking people nonstop taking orders hell mention sometimes juggle three different tasks time im one person work two nothing look,pushed beyond breaking point autistic burnout
1io6uf9,2025-02-13 06:20:50,depression,1,0,https://www.reddit.com/r/depression/comments/1io6uf9/im_experiencing_burnout_as_a_college_student_what/,im junior college past years ive majority asynchronous classes classes professors post homeworklectures whenever theres meet time asynchronous classes super easy gave lot free time since didnt even readings would somehow still pass person classes zoom classes hour internship daily top work weekend actually beat exhausted one month semester find already burnt really able pay attention class really want able put attention towards readings classes hard miss energy keep ups downs good amount energy absolutely energy feeling go away get worse stop,im experiencing burnout college student
1i2snar,2025-01-16 21:51:48,depression,3,3,https://www.reddit.com/r/depression/comments/1i2snar/what_are_the_signs_of_burnout/,training catering cooking months cant take anymore manage stock production entire shift alone means constantly focused work didnt bother passionate made happy felt like achieving something life past months following accumulation rather dramatic events traumas resurfaced longer able manage position constantly stressed pressure work sleep little go day without eating work due stress months longer social life also family rarely see offbeat lifestyle work consumption cigarettes exploded feel certain sensation relief little things meant little little depression returned wonder signs symptoms potential burnout j,signs burnout
1igmdw2,2025-02-03 16:17:26,depression,1,0,https://www.reddit.com/r/depression/comments/1igmdw2/i_was_diagnosed_with_burnout_and_i_keep_lashing/,know depression couldnt find help anywhere else context im known calm however reconcile anymore two months burnout trying keep job time thats thing get irrationally angry say offensive things things perceive insulting job lost filter also adhd think makes symptom easier another level even got physical someone criticized making try keep job harder need manage otherwise boss indeed fire im freelancer knows dont access medical leave dont pay also computer much software hardware problems cant stand anymore need job otherwise wont able see doctor pay meds psychologist get syndrome whatever simply cannot lose,diagnosed burnout keep lashing everybody symptom sometimes small things nothing
1i698y9,2025-01-21 08:49:23,depression,5,1,https://www.reddit.com/r/depression/comments/1i698y9/is_it_depression_or_burnout/,lately able get self interested anything dont want even get morning still get work thing next day decent break christmas doesnt seem solved cope dont think anyone close understand care going anyone talked mental health professionals help generic advice like take hobby goto gym get etc,depression burnout
1i8dlyd,2025-01-24 02:18:32,depression,1,1,https://www.reddit.com/r/depression/comments/1i8dlyd/burnout_tips/,would spend week recovering burnout radiobuttonphysically emotionally exhausted stress illness trauma etc radiobuttonout spoons energy life left one week recover rest reset returning intense schedule like studying busy daily life exclamationquestionmarkexclamationquestionmarkexclamationquestionmarkwhat would recover much possible week would activities strategies would help situation context next week university return intense academic load afterward im dealing radiobuttonrecent medical trauma burnout radiobuttonchronic illness radiobuttonadhd medicated asd radiobuttonfresh recovery weeks years prescription opiate addiction brain still adjusting life without radiobuttoni feel extremely drained even small tasks like quick grocery shopping cause shutdown academic achievements number one priority im aiming highest grades b,burnout tips
1i8e25b,2025-01-24 02:37:02,depression,6,0,https://www.reddit.com/r/depression/comments/1i8e25b/losing_to_burnout/,ive finding checking time often waiting day end ive putting bare minimum effort everything im tired time sleeps weeks im guessing either seasonal depression anxiety school assignments feel like drag forever im enjoying anything anymoreim get motions video games way pass time rather enjoyment ive crying used things happens much easily space lot mind kind empty repeating thoughts im sure dont die give everything feels like hazy blur,losing burnout
1i7yeo0,2025-01-23 13:21:39,depression,1,0,https://www.reddit.com/r/depression/comments/1i7yeo0/autistic_burnout/,hi im going burnout depression feel less motivated usual went productive wanting anything feel like wanna leave everything behind even dangerous decision sometimes wanna live streets grid advice please kind,autistic burnout
1i0dwnz,2025-01-13 18:57:20,depression,1,0,https://www.reddit.com/r/depression/comments/1i0dwnz/trying_to_break_out_of_burnout_and_depression/,gonna lie last year hit hard election final straw lot medieval stuff sca armored fencing well performing renn faire thought broken lot depression exercise medication started years ago started pulling shoulder armored combat practice matter long let heal never seems healed enough wife started independent shows last year opposed volunteer work went fine head wasnt mid summer enough spent latter part year dwelling politics matter method would try avoid couldnt asked go practice nights motivation sucked cant stop staring news cant stop staring financial situation went gym first time two months guess,trying break burnout depression
1hxzvtm,2025-01-10 13:54:59,depression,1,0,https://www.reddit.com/r/depression/comments/1hxzvtm/im_a_junior_in_high_school_with_severe_burnout/,hi im american junior high school title says im serious problem academic burnout ever since last year startmiddle sophomore year experiencing extreme academic burnout strained relationship mother given mentally abusive sister ammunition personally harmed view began whenever became apathetic grades felt like longer feeling personal benefit good school besides seeing number go never really got much positive attention good expected dont know point due combination taking available ap classes throughout time high school large workload placed upon simply cannot find schoolwork recently school placed new rule place students must carry locked yondr phone,im junior high school severe burnout
1haszs3,2024-12-10 09:24:08,depression,2,3,https://www.reddit.com/r/depression/comments/1haszs3/fifthlife_crisis_and_burnout_maybe/,im sophmore highschool ive already started lose hope kinda used everything could better chances getting good college honors societies sports student coucils lately ive sort burnout used motivated things future yet feel would far easier better future led rabbit hole sh eating disorders suicidal thoughts around feeling miserable know reach ask help im scared idea start feels like watching life havent even built yet slip away fifthlife crisis lol guess want get better dont want open anyone thats even possible,fifthlife crisis burnout maybe
1hmu141,2024-12-26 23:35:30,depression,2,1,https://www.reddit.com/r/depression/comments/1hmu141/holiday_burnoutblues/,ive feeling extremely sad past couple weeks dont really feel like im position good paying job dont hate coming every day hard come todays work force like people work keep try stay trouble usually good work im top everything might burnt holidays motivation work im exhausted time ive always gotten amount sleep ive coming work past couple days wanting cry really dont interest wedding planning anymore love fianc want married know hes person micro wedding fianc huge extended family thats really close waiting tell well keeping ceremony immediate family couple close friends extended families keep asking us questions,holiday burnoutblues
1h53g4z,2024-12-03 01:01:00,depression,0,3,https://www.reddit.com/r/depression/comments/1h53g4z/burnout/,im year old female year old son worked job last years cant anymore work remotely weeks son father sometimes dont roll bed wont even work full days anymore hours time bc im exhausted ive become lazy unrecognized flakey dont know ive become dont know get rut ive last year half zero motivation better sleep days away advice welcome,burnout
1h0r3fg,2024-11-27 05:44:07,depression,3,2,https://www.reddit.com/r/depression/comments/1h0r3fg/struggling_with_burnout_and_fear_of_being/,ive dealing severe burnout really starting affect every aspect work life ive always highly motivated eager get things done never afraid put extra effort feel like im losing way im struggling articulate thoughts express clearly meetings stumble words forget simplest things point question even speak native language english properly basic tasks like getting timesheets done feel like monumental efforts im constantly falling behind im also noticing significant issues comprehension formsreading writing even listening read emails documents often go back reread things several times understand writing thoughts become challenge even listening others meetings calls find zoning struggling retain informati,struggling burnout fear perceived lazyincompetent navigate situation
1iseyk9,2025-02-18 20:45:53,depression,798,92,https://www.reddit.com/r/depression/comments/1iseyk9/the_slightest_inconvenience_makes_me_want_to_kill/,cant find w form instead slightly annoyed figuring get new copy wish dead dead wouldnt taxes go work deal multiple chronic illnesses keep spiraling evidence death would preferrable life launch mentally planning death something distracts enough stop offing,slightest inconvenience makes want kill
1ghwjjl,2024-11-02 19:03:42,depression,1,3,https://www.reddit.com/r/depression/comments/1ghwjjl/how_to_recover_from_burnouts/,experiencing frequent burnouts maybe say per weeks still dont know recover sleeping helps cant sleep time unless tired exercising helps worsen sometimes feel trash period dont get time analyse happened get work lifes fast paced even take moment sit relax like work hard burnout happens sleep day next day get back routine couldnt even spend festive season loved ones started anybody could provide tips would highly appreciated thanks,recover burnouts
1gve4s4,2024-11-20 07:11:35,depression,3,1,https://www.reddit.com/r/depression/comments/1gve4s4/burnout_has_ruined_my_life/,im year old female suffering habitual burnout last years ive hit rock bottom many times told couldnt get worse life proved wrong humbled im seeking literally kind advice anyone son young got married young also found divorced young ive always prided good work ethic like father favorite thing giving kind everyone around wouldve given anyone shirt back dont even recognize dont like become become flakey friend lazy person general dont know get back ptsd ocd mdd gad given fmla twice two years place employment hospitalization psychiatric units worked whole life land career become work home certified professional medical,burnout ruined life
1glrsgp,2024-11-07 20:02:53,depression,2,0,https://www.reddit.com/r/depression/comments/1glrsgp/burnout/,mdd currently controlled think suffering severe burnout work large company remote employee things gotten bad came office morning put head arm desk couldnt lift minutes arm went sleep im really good employee ive sucked dry much work cant dont know ive started looking jobs thats exhausting discouraging already zero energy im eating well im sleeping well cant quit im primary provider large margin im suicidal thank god done bit many times dont know im going keep going im fing tired immediate supervisor great honestly company doesnt care theyve gotten every bit give cant get theyll throw,burnout
own79d,2021-08-03 02:03:09,mentalhealth,305,2,https://www.reddit.com/r/u_RedditCareResources/comments/own79d/get_support_for_yourself_or_other_people/,youd like talk someone confidential mental health support free available inside us crisis text line text chat suicide crisis lifeline call text youre outside us find resources location youre ready talk someone yet help youre feeling suicidal ask help youre thoughts suicide additional resources helping others help someone know whos talking seriously hurting considering suicide,get support people
blxcj7,2019-05-08 04:10:26,mentalhealth,1959,187,https://www.reddit.com/r/mentalhealth/comments/blxcj7/i_made_a_suicide_scale_hoping_it_could_help_others/,suicide scale edit turned notifications post longer replying reading comments post post replies become persistent painful reminder interfering ability grieve move furthermore equipped suicide counselors want continue talking sharing struggles fine participating conversation reading responding mental health well suicidal please reach someone help people reach friend family member call hotline link suicide hotlines country please take care stay safe ariadne emmengard,made suicide scale hoping could help others
jttphp,2020-11-14 07:38:38,mentalhealth,1017,203,https://www.reddit.com/r/mentalhealth/comments/jttphp/to_anyone_suicidal_tonight_look_up_the_rappper_nf/,true life safe edit id recommend starting mansion,anyone suicidal tonight look rappper nf raps face mental health hes saved life many times
z90bxu,2022-12-01 00:47:03,mentalhealth,271,324,https://www.reddit.com/r/mentalhealth/comments/z90bxu/people_who_survived_a_suicide_attempt_is_your/,,people survived suicide attempt life better
wlx8jc,2022-08-11 23:04:40,mentalhealth,225,428,https://www.reddit.com/r/mentalhealth/comments/wlx8jc/why_havent_you_personally_chosen_suicide/,living worth personally determine thats important whats youre reasoning importantresonate specifically,havent personally chosen suicide
12lz7fz,2023-04-14 20:01:39,mentalhealth,516,104,https://www.reddit.com/r/mentalhealth/comments/12lz7fz/my_mom_just_committed_suicide/,havent talked im beating mom bipolar disorder dad last month told acting crazy thats started getting voice messages saying never see would go tantrums breaking dishes eventually never came bed dad watch ensure didnt try hurt ended staying uncle one night decided swallow bunch pills guys please stay strong anyone dealing please stay strong,mom committed suicide
ywrr2m,2022-11-16 17:43:06,mentalhealth,128,301,https://www.reddit.com/r/mentalhealth/comments/ywrr2m/asking_those_who_are_suicidal_what_are_your/,besides obvious like family friends,asking suicidal biggest reasons stay alive
1j614cs,2025-03-08 03:12:29,mentalhealth,50,39,https://www.reddit.com/r/mentalhealth/comments/1j614cs/my_words_drove_my_girlfriend_to_a_suicide_attempt/,f argument f gf yesterday ended saying mean things anger told sick basically implied would leave realized done went apologize minutes said things however seemed like drinking heavily argument texted wasnt spelling anything correctly pretty much couldnt make anything saying able make words arm ambulance called immediately crying loud begging go see saying couldnt move breathe bleeding lives hr walk away panicking would take long get house late night hung tell friend going called back like min phone immediately left house go see couldnt call,words drove girlfriend suicide attempt
fqib8w,2020-03-28 16:48:38,mentalhealth,519,205,https://www.reddit.com/r/mentalhealth/comments/fqib8w/covid19_is_a_bitch_if_anyone_during_this_time_is/,age gender foldedhandsmediumlightskintoneredheart letsworktogether,covid bitch anyone time hard time coping anxious suicidal bored depressed please vent best help feelingsthoughts
xpqjlj,2022-09-28 01:12:26,mentalhealth,607,79,https://www.reddit.com/r/mentalhealth/comments/xpqjlj/instead_of_being_put_into_a_mental_health_ward/,depending feel sleep eat ice cream next day go back home anytime,instead put mental health ward restrained suicidal people risk suicide allowed go place eat free ice cream talking social workers
o68usc,2021-06-23 14:16:38,mentalhealth,695,93,https://www.reddit.com/r/mentalhealth/comments/o68usc/anyone_been_depressed_for_so_long_ur_not_even/,,anyone depressed long ur even suicidal anything anymore ur kinda vibing lmao
y5w8zc,2022-10-17 05:45:56,mentalhealth,159,193,https://www.reddit.com/r/mentalhealth/comments/y5w8zc/if_someone_says_theyre_wanting_to_commit_suicide/,serious take comments say several times dont want wrong thing,someone says theyre wanting commit suicide really considering since theyre talking
vkyv5m,2022-06-26 12:34:48,mentalhealth,840,58,https://www.reddit.com/r/mentalhealth/comments/vkyv5m/my_cat_stopped_me_from_committing_suicide/,today something weird happened began suicidal thoughts cat stepped may think im making im swear tonight held knife cat ran side first thought trying cuddle get pet noticed instead rubbing hand pushing knife away broke tears immediately climbed lap moved laid beside refuses let sight little paw sitting arm move moves insane stopped wasnt cat id dead cant thank enough hes angel baby love much update im better decided stay mentally im okay im working get better soon thank love support ive getting love strangers get friends family means world meredheart edit,cat stopped committing suicide
12w98bl,2023-04-23 19:16:18,mentalhealth,280,102,https://www.reddit.com/r/mentalhealth/comments/12w98bl/my_friend_says_hell_never_forgive_me_because_i/,morning one best friends called tears spoke frustration suicidal ideation someone suffers bipolar disorder completely understood pain coming tried calm hung last thing said im really sorry wont hear soon thank everything thirty minutes tried reach couldnt travelled state weekend im hours away stays alone dont know neighbors forced ask authorities go house welfare check determined fine called said would never speak forgive couldnt live leaving alone talking killing feel horrible like betrayed trust another part feels like right thing maybe potentially saved h,friend says hell never forgive called authorities welfare check told contemplating suicide
zkipxp,2022-12-13 07:17:20,mentalhealth,220,139,https://www.reddit.com/r/mentalhealth/comments/zkipxp/this_article_suggests_that_white_men_have_the/,even header picture pretty fucked appears white men high suicide rates long suicide rates recorded,article suggests white men highest rates suicide entitlement discuss mental health
mkoer7,2021-04-05 21:46:58,mentalhealth,493,124,https://www.reddit.com/r/mentalhealth/comments/mkoer7/i_found_a_suicide_note_my_bf_wrote_last_night_and/,ive worried bf weve together almost years monitor search history doesnt share true feelings know hes feeling went searches morning noticed searching last night painless effective methods suicide among things went phone found suicide message written ive found always months fact last time wrote something update saying still standing things looking time goodbye note everything thought looking delusion sleeping left work today dont know wrote note right went bed admit looked hell even secretive future wont know happening hes good hiding way know looking search history easily,found suicide note bf wrote last night dont know
aio39n,2019-01-22 21:17:42,mentalhealth,519,162,https://www.reddit.com/r/mentalhealth/comments/aio39n/i_hate_when_people_say_suicide_is_selfish/,say people commit suicide selfish caring everyone around sad commit suicide usually believe heart everyone world would better without dont care unselfish thing think saying good idea able give life make everyone little happier even doesnt actually persons head selfish horrible tragic selfish xb edit im suicidal way dudes stop insinuating suicide okay mental illness suicide never ok need guilt people committing suicide,hate people say suicide selfish
10011mg,2023-01-01 00:29:38,mentalhealth,111,171,https://www.reddit.com/r/mentalhealth/comments/10011mg/why_suicide_is_bad/,maybe one see question im left taking risk asking researched internet reading books among things im trying find suicide implies something bad person commits leaving aside know basics like example shouldnt solution see consequences cover close social circle feels despite clear people also dont understand messages campaigns would like see points view understand,suicide bad
1iw4nnb,2025-02-23 12:53:22,mentalhealth,9,24,https://www.reddit.com/r/mentalhealth/comments/1iw4nnb/my_girlfriends_friend_committed_suicide_i_feel/,hi need talk somewhere im hard time title says girlfriends friend ended life days ago says werent really close dont live close im never knew friend never even heard name hate say feel dont care im annoyed even cares life happens werent close ive always bit hard time death since lost people young feel like insensitive asshole im sorry cant force care cant empathize gf much love dont know help whats wrong even situation im trying supportive like said get annoyed advice would appreciated,girlfriends friend committed suicide feel lost
zphs1x,2022-12-19 09:53:45,mentalhealth,369,66,https://www.reddit.com/r/mentalhealth/comments/zphs1x/can_we_please_stop_normalizing_and_agreeing_with/,actually starting hurt heart amount people subreddit agree ops understand us feel suicidal included go way agree someone give reason end literally support page people feel suicidal one point time last resort guarantee didnt someone actually gave fuck wouldve done need look mirror realize maybe youre contributing almost seems like place encourage suicide point love every human face earth id willing bet im one feels way current state sub anyone reading feeling suicidal message im emt background psychiatric emergencies want help feel better instead saying oh yeah get saying really point holy fuck sub makes,please stop normalizing agreeing suicidal people sub
16kwyh0,2023-09-17 15:43:18,mentalhealth,191,255,https://www.reddit.com/r/mentalhealth/comments/16kwyh0/people_with_depression_what_does_it_feel_like/,im curious like mean lot articles online havent met talked someone whos diagnosed depression,people depression feel like
1bbljf4,2024-03-11 02:54:02,mentalhealth,480,381,https://www.reddit.com/r/mentalhealth/comments/1bbljf4/what_are_the_symptoms_of_depression_nobody_tells/,im interested theres depression symptoms dont commonly mention talking,symptoms depression nobody tells
1jc4649,2025-03-16 01:49:48,mentalhealth,1542,101,https://i.redd.it/kc1g3y5hwwoe1.jpeg,wish gotten picture okay im super proud smells nice actually see floors lol,deep cleaned room like month depressive episode
1dkfanw,2024-06-20 21:33:50,mentalhealth,306,435,https://www.reddit.com/r/mentalhealth/comments/1dkfanw/whats_your_depression_whispering_in_your_ear/,im curious know little voice yalls head telling youre depressed state mine recently telling disappointment know id rather sleeping cozy bed friends,whats depression whispering ear
1d1izdc,2024-05-27 09:33:53,mentalhealth,284,296,https://www.reddit.com/r/mentalhealth/comments/1d1izdc/what_would_you_say_is_your_major_cause_of/,mine mom god shes selfish narcissistic ignoranti want get house every time im starting get better comes fucks everything life lost,would say major cause depression
1j2b1sl,2025-03-03 10:30:10,mentalhealth,72,157,https://www.reddit.com/r/mentalhealth/comments/1j2b1sl/how_long_have_you_guys_had_depression_and_anxiety/,well ive years well worst part im,long guys depression anxiety
1gry7it,2024-11-15 20:29:04,mentalhealth,113,218,https://www.reddit.com/r/mentalhealth/comments/1gry7it/what_tv_show_or_movie_comforted_you_during_the/,decade ago living across country family friends baby postpartum depression baby would sleep arms due severe reflux decided put headphones watch random show heard friend mention show doctor doctor became companion day one lonely periods life safely side depression doctor still brings much comfort showmovie wasis depression,tv show movie comforted worst depression
1ba156j,2024-03-09 03:51:12,mentalhealth,337,255,https://www.reddit.com/r/mentalhealth/comments/1ba156j/what_are_yalls_telltale_signs_that_youre_in_a/,sometimes signs subtle feel like lot people one big thing clues fact definitely depressive episode think probably caring enough even full meals day keeping light almost entire day without opening blinds feel like sharing also help depressed people maybe realize signs help deal best recognize signs edit wow probably popular post im glad people felt comfortable enough share experiences,yalls telltale signs youre depressive episode
1escpln,2024-08-15 02:34:38,mentalhealth,162,227,https://www.reddit.com/r/mentalhealth/comments/1escpln/what_is_the_true_cause_of_depression/,true cause depression,true cause depression
149ah8y,2023-06-14 20:45:05,mentalhealth,820,137,https://www.reddit.com/r/mentalhealth/comments/149ah8y/i_did_it_i_graduated_i_didnt_let_depression_win/,depression took,graduated didnt let depression win
17kckvj,2023-10-31 09:37:29,mentalhealth,362,237,https://www.reddit.com/r/mentalhealth/comments/17kckvj/what_makes_people_depressed_when_theres_no_reason/,life good im young dont know im happy cant happy im grateful everything want live diagnosed depression theres reason depressed,makes people depressed theres reason sad
1j4vacl,2025-03-06 18:50:46,mentalhealth,133,86,https://www.reddit.com/r/mentalhealth/comments/1j4vacl/my_wife_cheated_now_im_depressed_and_she_just/,f miscarriages one wife f screamed shed cheat since cant give kid would scream fault corner cried never hugged never comforted begged break trying get back us refused lead tubes rupturing cannot try stopped talking almost died cared getting kid tried carry worked first round started getting super anxious every person get neighbors wanted dead everything world would pull knives threaten would try kill neighbors knife would wrestle believes didnt think werent supportive yr old smoking pot apartment isnt harm everything asked knocked every door ask ppl refrain leg,wife cheated im depressed yells
1f0mr6w,2024-08-25 08:33:25,mentalhealth,194,158,https://www.reddit.com/r/mentalhealth/comments/1f0mr6w/can_10_year_olds_have_depression/,watch little girl going lot shes experienced trauma mom trying best cant give lot details situation gets angry sad anything everyone saying shes spoiled idk opened today told fault broke shes hurting nobody listening im trying get open mom mom frustrated,year olds depression
1cvagi0,2024-05-19 05:05:52,mentalhealth,150,227,https://www.reddit.com/r/mentalhealth/comments/1cvagi0/what_is_your_depression_snack/,depression snack mean something stomach depressive episodecant bring eat much anything usually stomach green apple banana piece butter toast asking weeks appetite isnt getting better im tired snacks cant bring much,depression snack
1d9n3w8,2024-06-06 22:29:06,mentalhealth,155,204,https://www.reddit.com/r/mentalhealth/comments/1d9n3w8/are_men_allowed_to_be_depressed_or_sad/,confusing sometimes even feel hopeless sad theres ppl think men depressed sign weakness seems cringe people say oh im u always ill always listen u shit man sad sometimes cant long seems weak bro deep like im supposed cold showing emotions like shd jst say fck problems show emotions carry life actually,men allowed depressed sad
10126hf,2023-01-02 09:05:26,mentalhealth,523,221,https://www.reddit.com/r/mentalhealth/comments/10126hf/this_sub_is_depressing_as_fuck_i_get_its_a_mental/,sub people post theyre going kill last place go crazy amount posts see like get world dark time right god damn thought place variety,sub depressing fuck get mental health sub every post pops feed im going kill mysef
1iysfs3,2025-02-26 22:36:20,mentalhealth,98,80,https://www.reddit.com/r/mentalhealth/comments/1iysfs3/people_who_overcame_depression_what_worked/,tried meds numb make harder enjoy life mention shitty side effects marijuana thing effective cure tolerance always need cant enjoy life stuck rut feel like im running options dr wont help brush psychiatrists either dont accept patient unreachable really need hope please edit wanna say thank replies support really encouraging ive taken lot advice motivation responses encouraged start healthier diet incorporate exercise life ive also began microdosing psilocybin past week wowza ive noticed changes hope,people overcame depression worked
1jemrlg,2025-03-19 07:52:03,mentalhealth,83,56,https://www.reddit.com/r/mentalhealth/comments/1jemrlg/are_there_really_people_who_arent_depressed/,find hard imagine people arent depressed vast majority time far remember hard experience happiness live good life paper husband kids stay home mom two parents ive always lonely feeling glimpses happiness feels guilty depressed ive dealt good hand life feels like goes beyond circumstance feels like brain produce happy chemical instead feels actively unhappy hard live take zoloft thats helped near enough feels like people earth faking happiness even contentment feel like born bird mother wouldve eaten im defective lol seriously really people dont experience depression possible brain doesnt produce happy chemical,really people arent depressed
1d8bekx,2024-06-05 04:53:18,mentalhealth,252,101,https://www.reddit.com/r/mentalhealth/comments/1d8bekx/what_helps_you_out_of_a_depressive_episode/,felt one coming canceled everything planned hurriedly skincare shower etc dont feel like eating engaging usual reading ritual im mood talk anyone either even therapist feel like isolating whats best thing case helps depressive episode,helps depressive episode
1dxhz1l,2024-07-07 20:07:12,mentalhealth,58,168,https://www.reddit.com/r/mentalhealth/comments/1dxhz1l/if_youd_describe_depression_in_1_sentence_what/,thats,youd describe depression sentence would
1995edu,2024-01-18 01:03:16,mentalhealth,56,58,https://www.reddit.com/r/mentalhealth/comments/1995edu/cant_shake_severe_phone_addiction_need_help/,struggling severe mobile phone addiction ive tried resisting even left phone kitchen challenging especially since im dealing postplatfuss surgery switzerlandso cant go outside distract digital world surgery successfully overcame addiction excelled academically currently attending good high school grades occasionally take hit due ongoing battle addiction advice shared experiences would appreciated,cant shake severe phone addiction need help
1jbm5bk,2025-03-15 08:54:47,mentalhealth,1,0,https://www.reddit.com/r/mentalhealth/comments/1jbm5bk/helping_addicted_people_dealing_with_homelessness/,want help people struggling anxiety depression year rehab alcohol experienced lot hallucinating drugs im still dealing issues much better youre going get answer someone doesnt get open mind listen homeless year want give support someone talk please dm listen,helping addicted people dealing homelessness
1j8dfw3,2025-03-11 05:28:28,mentalhealth,1,0,https://www.reddit.com/r/mentalhealth/comments/1j8dfw3/phone_addiction_its_been_really_killing_me_and_i/,twdepression know kinds things would hire psychiatrist something sadly isnt option reasons cannot really sharei want find alike experienced people way phone addiction really killing extremely long time feel like mentally cant keep neither thisit started young developed time passed throughout lifeand since pretty lonely kid phone thing keep company someone might guess slowly grew addiction turned depressionand im stuck life dont want cannot leave grew much coreand besides thing really yeah know people would currently suggest blocking apps use phone phones usually meant toand maybe hobb,phone addiction really killing need help
1isgqi2,2025-02-18 22:00:24,mentalhealth,1,0,https://www.reddit.com/r/mentalhealth/comments/1isgqi2/help_me_understand_my_addiction/,hey dont think issues big still think get advice recently turned last months best time day time went sleep sleeping used think imaginary scenarios play head half sleepy state would give immense joy would dose sleep initially happened randomly started happening regularly really wanted happen scenarios nothing nsfw mostly control starting face problems achieving started check situation research found relax listen static dark place ill get scenarios playing stumbled upon post hallucinations upon research realised indeed hallucinating fact know hallucinations bad,help understand addiction
1icyns7,2025-01-29 22:33:46,mentalhealth,2,0,https://www.reddit.com/r/mentalhealth/comments/1icyns7/phone_addiction_help/,year old male bad problem doom scrolling phone general ive found hard enjoy things like nature attention span terrible get bored easily unless reels tiktok went lake day amused minutes things like able cuddle girlfriend also realize getting phone real life seems less real makes sense,phone addiction help
1fl88ho,2024-09-20 15:21:39,mentalhealth,6,12,https://www.reddit.com/r/mentalhealth/comments/1fl88ho/my_autistic_dada_is_addicted_to_drugs_who_do_help/,dad started using age mothers death belive drugs hes addicted heroin weed alcholal one know name im looking guidens help get clean let know information needed cofirmation dad autistic educated gues sorry messd anything post first time postingsorry bad english fist languats father quite antisoicel flouent nativ languad quit paranoid quit read pepols emotionface expresions anymore information u would like know let know,autistic dada addicted drugs help
1hgdd82,2024-12-17 21:11:51,mentalhealth,3,0,https://www.reddit.com/r/mentalhealth/comments/1hgdd82/i_helped_my_drugaddicted_friend_turn_his_life/,last years super tough childhood bestfriend dad left early life affected badly turned drugs got wrong crowd left really tough place randomly messaged around years contact ive challenges reached ask could help give advice happy told getting help drug addiction first step said already arranged asked give many tips could think made happy decisions made help live fairly happy life days struggled first decided treat like making youtube video think like made lot easier check video want list may easier declutter clea,helped drugaddicted friend turn life around much happier
ufv62z,2022-05-01 13:37:16,mentalhealth,5,65,https://www.reddit.com/r/mentalhealth/comments/ufv62z/we_are_in_a_opioid_crisis_the_day_that_we_start/,first youve never addicted opioids could never understand certain amount time changes brain chemistry longer think brain significantly loses dopamine serotonin adding even mental disorder would say normal person autism dont say stop using addicted person disorder physical mental disorder unless youve ever experienced never understand like would never understand like autism people us used opioids whether prescribed doctor c section dental reasons using opioids certain period time body brain become reliant new addiction disorder especially majority cases people prescribed doctors guaranteed like would never shame autistic person mental,opioid crisis day start treating addiction like mental disorder day millions people get help battle
1fy549l,2024-10-07 16:45:46,mentalhealth,1,0,https://www.reddit.com/r/mentalhealth/comments/1fy549l/help_shoplifting_addiction/,im suffering due court anyone,help shoplifting addiction
1fi4v18,2024-09-16 19:08:02,mentalhealth,1,0,https://www.reddit.com/r/mentalhealth/comments/1fi4v18/helping_addiction_process/,put comment though useful others see first nothings wrong lets get way big issue today however treatments dont work well would like break addictions know brain works seeks brings pleasure dopamine hits hence extreme porn drugs video games etc brain doesnt distinguish good bad socially individually addiction pattern behavior becomes unconscious something gives us feeling certainty variety provides sense significance connection pleasurable created addiction break change first become aware pattern realize craving dopamine neuro chemicals porn whatever thing simply connected lots pleasure thing break pattern,helping addiction process
1fdb7o6,2024-09-10 11:47:43,mentalhealth,1,0,https://www.reddit.com/r/mentalhealth/comments/1fdb7o6/this_week_is_suicide_prevention_awareness_week/,week suicide prevention awareness week dont afraid ask help dont suffer silence suffer mental health issues get help alcoholism drug use get meds control get therapy youre needing help text suicide lines ask help thru text,week suicide prevention awareness week dont afraid ask help dont suffer silence mental health issues get help addiction issues get meds control get therapy youre needing help txt crisis lines text
1fa8pru,2024-09-06 12:11:50,mentalhealth,1,0,https://www.reddit.com/r/mentalhealth/comments/1fa8pru/eating_has_become_an_addiction_to_me_pls_help/,gotten point hate body much im even embarased go weight kg noticing clothes slowly become tighter tighter belly grows know want anytime think spend number hours without eating start feeling bad deeply anxious ive even thouht dont deserve alive like dont deserve body life im things right wouldnt commit suicide thinking everything wrong makes feel bad asf,eating become addiction pls help
190tlck,2024-01-07 20:13:10,mentalhealth,8,16,https://www.reddit.com/r/mentalhealth/comments/190tlck/can_a_psychiatrist_help_me_with_porn_addiction/,good afternoon everybody lately ive anxiety attacks everytime get happy excited feel excited happy much cant seem control thus get anxious thought pass heart attack overwhelmed feelings excitement happiness im difficult time controlling emotions sometimes im also currently struggling maladaptive daydreaming porn masturbation addiction psychiatrist help recover thank advance take time answer question god bless,psychiatrist help porn addiction
1efcyuf,2024-07-30 04:00:05,mentalhealth,1,0,https://www.reddit.com/r/mentalhealth/comments/1efcyuf/advice_on_helping_gf_with_her_mental/,im looking help deciding help gf mental health substance abuse issues shes struggled depression anxiety whole life used medicated since stopped recently consumed alcohol addiction says uses cope sleep aid drinks nearly every night call crying making sense also show events completely drunk im one people know problem least extent problem im person ever goes whenever feeling well ive always promised would keep anything tells secret ive tried everything try get counseling therapy rehab refuses almost goes couple sessions tells still online therapy know ive seen things shes supposed appointments biggest reason says,advice helping gf mental healthaddiction
1cphyla,2024-05-11 19:21:20,mentalhealth,1,1,https://www.reddit.com/r/mentalhealth/comments/1cphyla/any_hacks_or_advice_that_has_helped_you_get_out/,instagram reddit addictive app making life difficult ive noticed feel sad depressed last weeks result spending much time doomscrolling keeps occupied actually feel like shit almost im internally screaming stop still continue scroll goals defined want achieve keep falling back rut sleeping long hours literally wasting time using phone reaching fellow men handling situation like mine youve ever one break cycle things im struggling reels unregulated use social media apps horny porn sweet release masturbation back apps sleeping lot things ive tried working struggling consistent workout complete todo list day feel like king getting house th,hacks advice helped get phone addiction
18zmdtj,2024-01-06 05:56:56,mentalhealth,1,7,https://www.reddit.com/r/mentalhealth/comments/18zmdtj/im_addicted_to_porn_on_reddit_help/,im minor addicted help,im addicted porn reddit help
1bnsnpm,2024-03-26 04:58:44,mentalhealth,1,1,https://www.reddit.com/r/mentalhealth/comments/1bnsnpm/is_there_anyway_to_get_help_with_work/,ive struggling pretty much ever since starting full time working home since covid productivity work point affects almost every aspect life since im never fully comfortableunstressed since theres always looming feeling theres work constant guilt procrastination every work day pretty much want get stuff done always end spending hours youtube internet browsing either get nothing little done day goes get frustrated little ive accomplished counterproductive since upset get want retreat youtube mindless scrolling even days office feel scatter brained unable focus fully theres couple days week team actually going days pretty much working alone home im also pretty sure,anyway get help work productivity internet addiction perfectionism
1bhnahz,2024-03-18 15:46:48,mentalhealth,1,0,https://www.reddit.com/r/mentalhealth/comments/1bhnahz/how_to_help_a_friend_that_has_suicidal_thoughts/,title explains,help friend suicidal thoughts crippling drug addiction
18kqb0i,2023-12-18 01:53:52,mentalhealth,2,0,https://www.reddit.com/r/mentalhealth/comments/18kqb0i/need_help_porn_and_masturbation_addiction/,years adult addicted porn masturbation years need help bad state need professional help trying find help couldnt find helpful advice online please give advice overcome addiction,need help porn masturbation addiction
sfqcsm,2022-01-30 01:32:01,mentalhealth,15,26,https://www.reddit.com/r/mentalhealth/comments/sfqcsm/just_had_a_drink_im_scared_i_may_get_addicted/,ive starting drink regular beer rn typing never really thought would like tried feel well like anxiety stops moment get relax thing feeling doesnt last long effect passes im back overthinking feeling shitty day self deal ive always drinking genuine way deal feel like much side effects short period relief since started must easier drop let become daily thing,drink im scared may get addicted helps much mental health
1f7634w,2024-09-02 18:28:53,mentalhealth,132,48,https://www.reddit.com/r/mentalhealth/comments/1f7634w/does_anyone_else_crave_connection_but_feel/,often find longing connection warmth around others im actually people doesnt take long feel completely overwhelmed like intense push pulli want close others time cant handle intensity social interaction long frustrating genuinely want around people mind body start shut leaving feeling drained sometimes even isolated anyone else experienced,anyone else crave connection feel overwhelmed youre actually around people
1jezywl,2025-03-19 21:11:57,mentalhealth,2,6,https://www.reddit.com/r/mentalhealth/comments/1jezywl/managing_unread_messages_without_feeling/,seeing unread messages instantly makes freeze end avoiding even longer apps features make sorting messages easier like snoozing less urgent ones batch replying youre ready stay top without burning,managing unread messages without feeling overwhelmed tips
1j3uwwc,2025-03-05 09:58:59,mentalhealth,7,7,https://www.reddit.com/r/mentalhealth/comments/1j3uwwc/am_i_failing_as_a_husband_i_feel_overwhelmed_lost/,dont know im failing husband im provider householdi take care financial responsibilities help motherinlaw support wife work hard make sure everything need fatherinlaw passed away december motherinlaws health declining ever since even moved new city closer today wife emotional breakdown feel guilty feel like able support matter never seems enough time feel like im drowning work feel stuck like im growing person dont even know feel point im angry sad alone dont friends either one talk feel like deal also know im reaching limit job access psychologist one person see first thought,failing husband feel overwhelmed lost alone
178elbk,2023-10-15 18:14:15,mentalhealth,99,54,https://www.reddit.com/r/mentalhealth/comments/178elbk/overwhelming_my_husband/,diagnosed ptsd among things husband known straightforward mental health beginning relationship kindest man handles well far could tell living together almost year tell wearing started see therapist keeps trying reassure fault even though started seeking therapy particularly bad breakdown two weeks ago gotten point afraid go deployment leaving home alone months try reassure ill okay hes convinced wouldnt safe im tired bleeding problems always tells thats hes loves becoming painfully obvious mental health affecting im sure start masking keeping feelings,overwhelming husband
1j6x35b,2025-03-09 07:34:33,mentalhealth,1,5,https://www.reddit.com/r/mentalhealth/comments/1j6x35b/how_do_i_keep_the_voices_from_overwhelming_her/,new gf months horrible sad terrifying hopless months voices recently gf found bipolar ii whats causing auditory hallucinations part shes able keep voice back mind day night night get right scary time voices take sound parents voices could sound muffled like happening room times voices moving directions circling like pray bad times screaming volume amplifies tries ignore head phones nights shes fetal position shaking even fall asleep body still shaking im seeing unfold every day every night theres nothing worse seeing person u love going agony wishes death knowing,keep voices overwhelming
1jh0nxo,2025-03-22 10:09:19,mentalhealth,2,3,https://www.reddit.com/r/mentalhealth/comments/1jh0nxo/mental_paralysisoverwhelm_from_too_many_interests/,hey post mental health related standpoint stressanxietyoverwhelm impulsivity bipolar cptsd also diagnosed w gad lot different interests want pursue problem many get overwhelmedparalyzed shut completely either dont start many many things fully follow process starting many many things sometimes spend lot money bc im feeling inspiredand get distracted another interest dont actually use bought previous interest etc feel really badly ashamed dont really know manage behavior really want pursue interests know possible keep focus actually finish start like really commit even though brain million places,mental paralysisoverwhelm many interests
1i9ov4a,2025-01-25 20:37:02,mentalhealth,1,11,https://www.reddit.com/r/mentalhealth/comments/1i9ov4a/so_overwhelmed_because_my_tinder_match_becomes/,tinder match talked months hired job problem talking stage flirted caught feelings even invited trip together goes professional however asked girlfriend yet overwhelmed thinking working together relationship going professional normal feel way,overwhelmed tinder match becomes professional
1jjmoq5,2025-03-25 21:24:38,mentalhealth,2,2,https://www.reddit.com/r/mentalhealth/comments/1jjmoq5/easily_overwhelmed_by_relatively_short_work_hours/,anybody else easily overwhelmed things people cope hear people work normallong hours hear people dont work im inbetween try work hours day days week run business schedule clients know could take earn tried mental health takes absolute battering client sessions day last hour start feel panicked waking im filled dread earn enough enough isnt financial worry mine society feel like sometimes ill work pm pm pm random im home lot feel people must think im really lazy could working ill tell clients im fully booked current schedule know could take,easily overwhelmed relatively short work hours anyone else
1ivjad0,2025-02-22 19:27:26,mentalhealth,2,6,https://www.reddit.com/r/mentalhealth/comments/1ivjad0/i_feel_overwhelmed_and_i_wanna_cry/,hi im f rough day wanted clean house became mess weeks ago sick heavy flu couldnt nothing today day work wanted clean little house became overwhelmed wanna curl music cry cant start clean mind struggles,feel overwhelmed wanna cry
1jcmcda,2025-03-16 19:43:35,mentalhealth,1,3,https://www.reddit.com/r/mentalhealth/comments/1jcmcda/how_do_you_stay_mindful_when_life_feels/,lately ive struggling stay present life feels overwhelming mind races todo list never ends even try slow stress keeps creeping know mindfulness supposed help sometimes feels impossible moment practice mindfulness working whats one simple habit helps stay grounded stressful times,stay mindful life feels overwhelming
1jkf28v,2025-03-26 21:23:22,mentalhealth,1,1,https://www.reddit.com/r/mentalhealth/comments/1jkf28v/what_do_you_currently_do_when_you_feel/,share goto coping move even unhealthy,currently feel overwhelmed work
1jignyf,2025-03-24 08:04:20,mentalhealth,1,1,https://www.reddit.com/r/mentalhealth/comments/1jignyf/life_is_so_overwhelming_need_reassurance/,hello going much right need hear someone isnt bleak everything feels like insurmountable thinking anything drastic typing feelings hearing others would really help lots love admire everyones strength peoplehugging,life overwhelming need reassurance
1j6ktoh,2025-03-08 21:59:44,mentalhealth,2,3,https://www.reddit.com/r/mentalhealth/comments/1j6ktoh/how_do_i_stop_getting_easily_overwhelmed/,try simple tasks like finding file getting something prepared girlfriend get incredibly nervous start stuttering barely get mind figure like freezes goes loops like scared asd likely adhd,stop getting easily overwhelmed
1jeubej,2025-03-19 16:29:48,mentalhealth,4,1,https://www.reddit.com/r/mentalhealth/comments/1jeubej/maybe_were_not_actually_tired_all_the_time_we/,get certain state often adult really tiredness daze find state feelings cant identify begun realize state things going background whether bad unfamiliarrequiring time often feel unsatisfied something feel loaded im sure often form excitement anxiety something builds response resort im tired im tired theres good chance actually slept well times laying fixes nothing coffee water food nothing im tired feelings issues dont know fix running background relate hard take care child see older family members child reach breaking point sometimes attitude exhaustion often child valid reasons upset overloaded iss,maybe actually tired time simply types stress emotions cant identify spent developmental years hearing adults tell us tired almost every time got really overwhelmed built
1jgbbzt,2025-03-21 13:01:24,mentalhealth,1,1,https://www.reddit.com/r/mentalhealth/comments/1jgbbzt/im_so_overwhelmed_and_i_dont_know_what_to_do/,heyyy guys dont even know start first little background info currently high school near graduation history mental health problems self harm never diagnosed anything even though two therapists focused discovering smth wrong could actively help problems werent types therapists area last year lot better dont know quit therapy concentrated friends hobbys since come back waves suddenly feel really bad without reason experience lot stress right due school grades getting really bad often need skip school due headaches fainting issues dont diagnose either makes feel really guilty parents normally really supportive even limits reached four months,im overwhelmed dont know anymore
1jg4kxw,2025-03-21 06:16:50,mentalhealth,1,1,https://www.reddit.com/r/mentalhealth/comments/1jg4kxw/overwhelmed_with_diagnosis/,found forms afridsensory lack interest ocd adhd history physical sexual emotional abuse healing possible sounds exhausting,overwhelmed diagnosis
1jkkysh,2025-03-27 01:24:22,mentalhealth,3,0,https://www.reddit.com/r/mentalhealth/comments/1jkkysh/getting_overwhelmed_with_my_situation_bad_habits/,hi female always struggled feeling like enough person family always supportive loving immigrants poor life situation little better rather stable still far good eldest daughter working since wanted work help family since remember obviously nobody wanted hire yr old used work hours day higschool getting top grades hrs day vacation two months almost every single day got uni grades high enough failed get law first year political science love never wanted give law situation overwhelmed still haunted guilt enough braces taking isotretinoin always,getting overwhelmed situation bad habits coming back
1jkfbcd,2025-03-26 21:33:27,mentalhealth,2,0,https://www.reddit.com/r/mentalhealth/comments/1jkfbcd/what_is_the_name_of_this_my_mind_is_randomly/,think usually dreams always contents dont matter clipvideomemory head quiet far away randomly massive loud fast freaking much almost tears cant control cant stop thinking memories head going borderline underwhelming overwhelming back like flashing two head im sure intrusive right way describe called could linked horrible,name mind randomly making memory loud overwhelming
1jkjx1s,2025-03-27 00:41:07,mentalhealth,1,0,https://www.reddit.com/r/mentalhealth/comments/1jkjx1s/work_overwhelms_me_so_much/,working zero hour contract job retail past years graduating uni im lucky fact get shift regularly get hours week unlike lot people zero hour contracts dont think im bad job im definitely good dont work pay never appreciated show care something im told deep worry someone else brings suddenly number priority matters someone gets paid cares mistakes pointed made worse thing thats ever happened something wrong rail size cube fell mostly silly stuff hanging tagging railing clothes isnt biggest issue im constantly called lazy management dont think definitely far lazier people get nothing said almost tiers alarm goes,work overwhelms much
1jke1cd,2025-03-26 20:39:38,mentalhealth,1,0,https://www.reddit.com/r/mentalhealth/comments/1jke1cd/so_overwhelmed/,really needed vent im overwhelmed run feel like body falling apart work dont like job life moving mph everything insane recently bought house gf started fighting bc wasnt helping much home im one working pay everything mortgage cars utilities groceries got huge fight long ago going friends hang despite giving option come didnt put effort even try next day got home drunk trying clean fell hurt leg im take time work take drs appointments im scared wont able afford keep home contribute downpayment cook dinners sometimes always left mess much deal im ive contemplating selling lot things lo,overwhelmed
m1p609,2021-03-10 09:49:21,mentalhealth,1763,116,https://www.reddit.com/r/mentalhealth/comments/m1p609/anyone_else_procrastinate_going_to_sleep_because/,always struggle want world freeze night time peace,anyone else procrastinate going sleep dont want next day come also get anxious many hours left need get
fqib8w,2020-03-28 16:48:38,mentalhealth,519,205,https://www.reddit.com/r/mentalhealth/comments/fqib8w/covid19_is_a_bitch_if_anyone_during_this_time_is/,age gender foldedhandsmediumlightskintoneredheart letsworktogether,covid bitch anyone time hard time coping anxious suicidal bored depressed please vent best help feelingsthoughts
1irn36v,2025-02-17 21:28:03,mentalhealth,9,15,https://www.reddit.com/r/mentalhealth/comments/1irn36v/why_do_i_feel_anxious_the_morning_after_liking/,ive noticed pattern myselfwhenever start liking someone feel excited first next morning wake strong sense anxiety like something isnt right happening years matter person necessarily feel general comes relationships lost father raised mother single child uncle aunt supported education tried date broke every single time also guys liked didnt like back later thought healed extent thought kind guardians found potential match would feel fine even though feel home guy still feel anxious cant help yesterday liked today completely lost feeling cant feel anything felt yesterday anywhere body today like gone completely like,feel anxious morning liking someone f
1jie9i7,2025-03-24 06:01:02,mentalhealth,0,8,https://www.reddit.com/r/mentalhealth/comments/1jie9i7/how_do_i_become_a_good_man_and_stop_feeling_so/,hi im year old guy want good guy whos ally women im constantly worried making women uncomfortable im worried im looking women funny know objectify women hate asked advice another sub told fear creep creep need leave women alone want make women uncomfortable also dont wanna spend life alone also see stuff male feminists wolves sheeps clothing makes worried ill found one bad guys know women harder know issues nothing compared understandably issues important recognize womens issues shouldnt making im sorry way feel need advice want decent human supports feminism,become good man stop feeling anxious making women uncomfortable
1ht4dgr,2025-01-04 08:11:05,mentalhealth,8,17,https://www.reddit.com/r/mentalhealth/comments/1ht4dgr/too_anxious_to_do_anything/,ocd anxietypanic attacks gotten control cant anything anymore want play video game something thought overwhelming anxiety provoking dont medication works havent seen therapist weeks holidays want lay bed ruminate even something cant focus anxious thoughts dont stop looping back mind anyone tips help,anxious anything
ywk704,2022-11-16 10:23:47,mentalhealth,192,66,https://www.reddit.com/r/mentalhealth/comments/ywk704/tips_for_sleeping_when_feeling_anxious/,anyone tips sleeping feeling anxious ive stressed anxious family issues hardly slept past weeks someone please guide quick tips,tips sleeping feeling anxious
c1gaod,2019-06-17 04:41:42,mentalhealth,426,87,https://www.reddit.com/r/mentalhealth/comments/c1gaod/im_almost_24_and_feel_like_ive_wasted_my_life/,yay hate life much,im almost feel like ive wasted life overthinking anxious depressed direction life wanting cut commit suicide emotionally isolated family social life feeling angry time wasting money useless degree
1h33vyr,2024-11-30 09:21:31,mentalhealth,5,18,https://www.reddit.com/r/mentalhealth/comments/1h33vyr/im_so_anxious/,literally feel like came cartoon everything real like life minutes ago cartoon rn walked tv screen real world hate everything feels fake looks real looks fake makes sense want cry want get cant move,im anxious
1j1qtqc,2025-03-02 18:57:39,mentalhealth,1,5,https://www.reddit.com/r/mentalhealth/comments/1j1qtqc/off_of_sertraline_for_2_months_and_feeling/,ive sertraline months normal feel depressed anxious symptoms week dont know could considered discontinuation syndrome relapse ive tappered supervision psychiatrist,sertraline months feeling depressed anxious
1ji6o2g,2025-03-24 00:25:09,mentalhealth,1,2,https://www.reddit.com/r/mentalhealth/comments/1ji6o2g/anyone_have_any_advice_on_how_to_deal_with/,really anxious thoughts mixed intrusive thoughts im sure hoe comparable examples dont like partner true love anything believe love life ill lose interest everything im interested interests important also partner close love discrimination racism homophobia transphobia etc wtf respect every human way part lgbtq community community often discriminated wish hate towards anyone else dont know thoughts absolutely littering brain things arent even true making really forgetful annoyed time really need help get usually talking partner helps lot cant talk right different timezones,anyone advice deal anxious thoughts theyre tiring
1bun5im,2024-04-03 13:39:10,mentalhealth,22,46,https://www.reddit.com/r/mentalhealth/comments/1bun5im/i_wanna_terminate_my_pregnancy_asap_cuz_im_super/,finding pregnant days unprotected sex really shocked since first time got emotional lost time went gynecologist advised waiting three weeks ultrasound waiting period making anxious constantly overthinking palpitations also affecting studies one thing im sure im ready kid since stay parents im super worried mother finding feel low unsure steps take next mental health okay please help update new gynecologist fantasticstraight point focused swiftly scheduled blood tests ultrasound today although cautioned ultrasound doesnt reveal anything due early stage might need repeated maintained positive attitude encouragement left feeling prepared medical abortion im also thankful,wanna terminate pregnancy asap cuz im super anxious
1iwuucb,2025-02-24 11:09:14,mentalhealth,6,5,https://www.reddit.com/r/mentalhealth/comments/1iwuucb/why_am_i_depressed_and_severely_anxious_when_i/,im anxious sometimes depressed good reason even reddit people trauma reasonable things yet trauma makes think im weak little bitch also hate particular reason guess really dislike compared lot people pretty good life bitch baby ungrateful dont really know post anymore ill delete mods want,depressed severely anxious dont reason
1j5igo0,2025-03-07 13:29:31,mentalhealth,1,4,https://www.reddit.com/r/mentalhealth/comments/1j5igo0/how_to_not_get_anxious/,get calm youre anxious,get anxious
1jk53xo,2025-03-26 11:33:41,mentalhealth,2,1,https://www.reddit.com/r/mentalhealth/comments/1jk53xo/ocpd_and_anxious_all_the_time/,f bangalore india engineer plus mba switched companies years post mba joined company last month able adjust always top performer places wherever worked leave culture issues deliver work given go beyond well takes lot emotional toll part work present meetings public speaking common since childhood scared public speaking still work required mostly tried avoid taking leaves escaping last moment without one judging also overthink everything task assigned tend get stress complete psychiatrist consultation diagnosed ocpd traits want leave job take break resume everyday keep crying even work minor inconvenience making anxious scared education lo,ocpd anxious time
1j8zouw,2025-03-12 01:15:33,mentalhealth,1,3,https://www.reddit.com/r/mentalhealth/comments/1j8zouw/ive_became_a_very_anxious_and_skeptical_person/,helloi dont really know right sub really think need advicesorry english badits first language ive interested like every kind things try improve every chance particularly art music especially schoolmost classmates constantly mock everything stopped friends girl specially mocked sick everyone kept mocking underestimate thisi dont really think people like cannot believe someone says like work live big pile anxiety became skeptical person cannot say something talk someone without questioning everything ignore people mock live without concerns really need adviceand im sorry longi tried explain,ive became anxious skeptical person
1je35pc,2025-03-18 17:23:51,mentalhealth,1,2,https://www.reddit.com/r/mentalhealth/comments/1je35pc/whats_making_me_anxious_about_every_situation/,im trying understand recent change behaviour heres background fired job jan ever since feeling anxious confused future lately ive observed uncomfortable situation making feel anxiety ive never felt always composed situation eg ive visa interview scheduled im almost certain ill rejected need employed fear rejection giving anxiety even smaller uncomfortable uncertain situations triggering anxiety could fired triggering something related humiliationrejection something,whats making anxious every situation
1jj7njs,2025-03-25 06:44:25,mentalhealth,1,1,https://www.reddit.com/r/mentalhealth/comments/1jj7njs/advice_for_dealing_with_anxious_thoughts_of_being/,everyone deal thoughts everyone dislikes feel like everyone hates strangers street closest friends assume everyone meet cruel proven otherwise cant shake constant thoughts theres something inherently unlikeable im nothing annoyance even closest friends reason dont cut pity result im needy constantly ask reassurance plagued thoughts make life hellish also worry start weigh theyre often comfort stop spiralling anyone else experience coping mechanismsstrategies retrain brain,advice dealing anxious thoughts disliked
1j5tixr,2025-03-07 22:29:53,mentalhealth,2,3,https://www.reddit.com/r/mentalhealth/comments/1j5tixr/how_can_i_stop_anxious_attachment_in_my/,feel though im clingy need constant reassurance relationship lately feel though im draining partner stop,stop anxious attachment relationship
1izpjss,2025-02-28 01:55:56,mentalhealth,2,4,https://www.reddit.com/r/mentalhealth/comments/1izpjss/how_to_stop_your_mind_by_having_negative_thoughts/,stop mind negative hate feel way mostly work see everyone stay lane distract something wont let phase still feel like cloud head start feeling anxious hate feeling dont know feel like im always drowning thoughts want stop feeling way truly want careless person comes people trying phase dont know,stop mind negative thoughts getting anxious
1jg7glj,2025-03-21 08:46:55,mentalhealth,1,1,https://www.reddit.com/r/mentalhealth/comments/1jg7glj/too_skinny_too_broke_too_anxious_need_someone_to/,feeling stuck cycle procrastination avoidance selfdoubt despite knowing need dogrowing business improving health becoming disciplinedi keep falling back bad habits like doomscrolling gaming delaying important work financial stress barely make ends meet physical health declining im kg also struggle avoidance attachment pushing people away isolating want break free build massive wealth master sales business transform body take full control life need someone guide hold accountable help reset mindset youre therapist psychologist someone truly understands id appreciate insight,skinny broke anxious need someone kick ass gear drowning procrastination pushing everyone
1hiniai,2024-12-20 21:57:16,mentalhealth,93,36,https://www.reddit.com/r/mentalhealth/comments/1hiniai/i_had_a_mental_breakdown_at_universal_studios_my/,im wife dream vacation employment times hate theme parks supportive tried come along got separated started freaking ended getting lost hyperventilating panic attack hiding corner calming found staff member lead walked hotel sitting pool trying calm one chat would nice im pretty defeated moment,mental breakdown universal studios insurance wont pay emergency telehealth
1ex34n6,2024-08-20 23:59:28,mentalhealth,28,47,https://www.reddit.com/r/mentalhealth/comments/1ex34n6/have_you_ever_had_a_mental_breakdown/,im curious anyone ever mental breakdown got sent psych ward experience like,ever mental breakdown
1ietecl,2025-02-01 05:35:13,mentalhealth,7,23,https://www.reddit.com/r/mentalhealth/comments/1ietecl/how_to_balance_keeping_up_with_the_news_and_not/,dont even know could possibly elaborate question follow news probably know im talking,balance keeping news suffering major mental breakdowns
ow4i9g,2021-08-02 06:41:59,mentalhealth,182,151,https://www.reddit.com/r/mentalhealth/comments/ow4i9g/is_it_pathetic_of_me_to_have_moved_back_in_w_mom/,feel like failure idk long take get shit together living parents age normal view poll,pathetic moved back w mom dad mental breakdown yof
16uox8v,2023-09-29 00:51:56,mentalhealth,38,98,https://www.reddit.com/r/mentalhealth/comments/16uox8v/is_it_pathetic_that_i_still_have_mental/,ive always mental breakdowns figured maybe ill grow one day doesnt seem case feel pathetic parents witness mainly crying uncontrollably trying stay away othershide im good hiding crying want hide everyone always asks anything help last thing want happening sort attention cannot think rationally im state verbalizing needs doesnt work shut everybody im thinking straight yes ive therapy life havent needed year dont think therapy help situation ive tried didnt help long term hardly short term know need cry crying bodies way releasing stress humans general dont let cry sounds awful regardless,pathetic still mental breakdowns age
1j9b3hh,2025-03-12 10:04:20,mentalhealth,2,13,https://i.redd.it/auvx92e2t6oe1.png,fk long take grow back,funny mental breakdown shaved hair
1izclfq,2025-02-27 15:48:37,mentalhealth,5,9,https://www.reddit.com/r/mentalhealth/comments/1izclfq/i_never_cry_my_pet_died_and_i_had_a_mental/,said title problems crying letting emotions general expect anger probably therapy yesterday cat died came home cinema friend found dad awakein kitchen like worried cause never stays late thought maybe woke drinking water ecc btw asked told waiting double weird didnt say anything asked cat name cause thats first always say come home usually cuddle ecc moment looked face almost crying understood told found outside hit car dont know got didnt warn cause waiting first wasnt even realizing said thinking impossible bad joke bad dream wasnt went bed called b,never cry pet died mental breakdown f
1ipzg37,2025-02-15 16:58:40,mentalhealth,1,6,https://www.reddit.com/r/mentalhealth/comments/1ipzg37/did_i_experience_a_minimental_breakdown/,male ive dealing lot lately ive lot stress life general history depression anxiety year months ago country got swept war got called serve reservist fighter ive combat deployments since didnt reach critical mass ptsd spend close days combat combatrelated situations simultaneously trying get accepted psychology grad school hard country year really number slight physical disability combat memories dealing virus lasted month putting energy service grad school application process around month got back last deployment started grad school demanding ive felt overstressed often still events past months head complete everpresent sense exhaustion near end,experience minimental breakdown
1iv76i3,2025-02-22 06:59:45,mentalhealth,2,4,https://www.reddit.com/r/mentalhealth/comments/1iv76i3/someone_cleaned_my_room_without_my_permission_now/,context room messy almost month past weeks though process small cleaning room bit bit today left room almost nearly cleaned clothes folded things organized bed chair desk came home later night found cleaned room dumped everything desk messily really put organization already planned put things room looks cleaner feels like things became messier started mental breakdown literally cried almost minutes get im mad someone cleaned room thus invading privacy cant understand crying much felt like throw things floor mess things,someone cleaned room without permission im mental breakdown crying messing everything like
1jied0e,2025-03-24 06:05:49,mentalhealth,1,0,https://www.reddit.com/r/mentalhealth/comments/1jied0e/9_months_pregnant_and_having_a_mental_breakdown/,months pregnant severe health anxiety ive struggled since kid pregnancy incredibly hard constant fears something could go wrong either baby hasnt single minute happinessjust overwhelming fear diseases conditions six days ago noticed scratches stomach didnt remember getting quickly spiraled panic convinced low platelets went couple days examining scratches found mole underside boob dont remember first noticed since spot dont normally look know ive least five years around years ago went severe health anxiety spiral melanoma checked every mole body discovered one boob didnt notice idea appeared parents many moles large varying,months pregnant mental breakdown
1jgsuwx,2025-03-22 03:33:22,mentalhealth,2,0,https://www.reddit.com/r/mentalhealth/comments/1jgsuwx/mental_breakdown/,dog sick meeting cancelled due show parents wouldnt respond serious text dont know happened started screaming everything turned uncontrollable laughing brought tears started crying back screaming everything saying bad things im stupid thinking could anything pathetic alcoholic questioned certain events would quickly answer im medicated bipolar bpd gone psychosis never anything close minute long breakdown,mental breakdown
1j4gru7,2025-03-06 04:29:11,mentalhealth,1,1,https://www.reddit.com/r/mentalhealth/comments/1j4gru7/mental_breakdown/,days ago something happened felt like last straw exwho toxicrandomly messaged tell leave alone even though hadnt done anything except check linkedin profile tiny thing sent edge lost public front anyonejust alone room started yelling talking basically arguing felt like years bottledup anger frustration resentment came next day felt weird appetite exhausted lying bed started crying never cry wouldnt stop cried worse got fullon sobbing like child im way escalated started hyperventilatingreally fast really hard body gave fell floor couldnt stand couldnt move entire body tingling laid ten minutes completely drained days sinc,mental breakdown
1j96t9i,2025-03-12 06:23:56,mentalhealth,1,0,https://www.reddit.com/r/mentalhealth/comments/1j96t9i/i_think_im_on_the_verge_of_a_mental_breakdown/,feel like ive missed training opportunities work weighing weeks ive brought work made things worse workplace previously said next line site manager training theyve put everyones training dates see ive got nothing staff less experience getting said training told didnt space planner put needed jobs however ive gone history planner seen theyve moved blank week yet planned switched someone else could receive training ive come back work told really weighing even weekends theyve skipped makes feel like ive done something wrong also showed evidence switched planner around response moaning receiving,think im verge mental breakdown
14qxqga,2023-07-05 07:52:56,mentalhealth,70,60,https://www.reddit.com/r/mentalhealth/comments/14qxqga/i_think_my_sister_is_having_some_kind_of_mental/,may belong goes nothing sisters pretty smart shes helping take care grieving cousin place went college certified nurse shes confident titanic implosion conspiracy sure went sub completely faked deaths fled spaceship went mars live completely free help government sure world ending soon troll joking shes dead serious shes never said anything like shes talked little conspiracies nothing crazy like idea whats going would like idea almost like twins feel like ive understood whole life shes smart combative smart ive never heard say anything ridiculous like edit,think sister kind mental breakdown
1gjx4y8,2024-11-05 08:38:11,mentalhealth,1,15,https://www.reddit.com/r/mentalhealth/comments/1gjx4y8/help_mental_health_breakdown_i_think_so/,think metal helath breakdown experiencing bullying school coaching also home get bullied daily home reason possible mostly casuse study tell truth plastic surgery gynocomestia constantly bullied years mother sister last father considered surgen surgery bullied saying father wasted money worthless thing like recently mother threw box chest said stop said watever want tried punch chest pushed playing victim raised pushing nobody supporting alone everyday feels like year hate everything dont feel like anything,help mental health breakdown think
1igj6r3,2025-02-03 12:19:46,mentalhealth,2,3,https://www.reddit.com/r/mentalhealth/comments/1igj6r3/i_feel_like_im_about_to_go_insane_is_this_a/,ive feeling way least past weeks extreme exhaustion sleeping half day extreme dissociation overstimulation feeling like im going crazy feeling like something wrong brain impending psychosis isolationwithdrawal people seeing little things corner eye irritable snapping coworkers family character sensitive overthinking racing thoughts poor hygiene verge mental breakdown diagnosed cptsd anxiety derealization depression months clean alcohol cocaine working program prescribed ssri hydroxozine needed tapering valium per ashton manual,feel like im go insane mental breakdown
1iqxl67,2025-02-16 23:07:44,mentalhealth,2,1,https://www.reddit.com/r/mentalhealth/comments/1iqxl67/is_my_friend_truly_in_danger_or_is_she_having_a/,old friend high school graduated years ago havent really kept touch recently saw created youtube channel uploading videos describing group people lived harrassing eventually stopped uploading videos began messaging via instagram home state ago shes staying hotel another state miles away says group harrassing messages made think kind danger called police shes staying welfare check hotel cops called back said shes ok shes going hard times well messaged left said recognized one cops confuses shes shes currently staying wouldnt know messaged back saying shes imminent danger run nearest gas station,friend truly danger mental breakdown
1i8t7pa,2025-01-24 16:52:18,mentalhealth,13,2,https://www.reddit.com/r/mentalhealth/comments/1i8t7pa/had_a_mental_breakdown_and_cried_for_2_hours/,laying bed venting wife life mad stressful lately panic attacks lot past month started one bed noticed gave hug said okay cry real proper breakdown im talking crying screaming pillow full sobbing didnt realize much holding tears started wouldnt stop say say im happy could finally cry though trying long feels like big weight chest anyone thats ashamed crying let man theres nothing wrong crying youll feel much better dont want like chest pains cause youre stressed let build back better thanks listening,mental breakdown cried hours first time cried years
1hun5fy,2025-01-06 06:53:38,mentalhealth,2,5,https://www.reddit.com/r/mentalhealth/comments/1hun5fy/is_this_a_mental_breakdown_or/,hi im f dont know like overwhelming feeling need change consuming like theres war brain would say im logical person need logic reason nearly everything guess also cope logic anyways feel like buzz cutting hair quitting job ive changing lot personal life lately anything drastic would say ive deepcleaning reorganizing rearranging house ive considering new physical appearances lately ive even made plan change life better seems reasonable obtainable putting effect well moment want buzz cut hair quit job forget dont really know either last year also happened different way depressed month didnt know either life hasnt easy im assuming subconscious processing hard stuff right,mental breakdown
1inm9c2,2025-02-12 13:45:42,mentalhealth,1,0,https://www.reddit.com/r/mentalhealth/comments/1inm9c2/mental_breakdown/,hello everyone begin last year trainwreck regarding career life satisfied salaries jobs switched switched couldnt go vacation work months one company get vacation job half things illegal like half salary paid cash part bank account tip iceberg relationship nice girlfriend sometimes naggs things view important top strange relationship parents think smartest people earth constant battle voice heard think important say worked game development industry years took break believing would happier current jobs art restoring jobs great employers always haggle woth underpay work work work get,mental breakdown
own79d,2021-08-03 02:03:09,mentalhealth,303,2,https://www.reddit.com/r/u_RedditCareResources/comments/own79d/get_support_for_yourself_or_other_people/,youd like talk someone confidential mental health support free available inside us crisis text line text chat suicide crisis lifeline call text youre outside us find resources location youre ready talk someone yet help youre feeling suicidal ask help youre thoughts suicide additional resources helping others help someone know whos talking seriously hurting considering suicide,get support people
dkgcw0,2019-10-20 12:42:42,mentalhealth,2026,160,https://www.reddit.com/r/mentalhealth/comments/dkgcw0/its_been_2_months_to_the_day_since_i_last_self/,,months day since last self harmed want someone proud
1j973f5,2025-03-12 06:37:31,mentalhealth,358,24,https://i.redd.it/fppkc5x5s5oe1.jpeg,yup barely even think,self harm free
1fn0770,2024-09-23 00:06:58,mentalhealth,227,70,https://www.reddit.com/r/mentalhealth/comments/1fn0770/i_am_officially_free_of_self_harm/,hard time stopping eventually got im month clean mental state pretty well,officially free self harm
1hk069d,2024-12-22 20:33:17,mentalhealth,137,38,https://www.reddit.com/r/mentalhealth/comments/1hk069d/ive_been_self_harm_free_for_over_2_months/,trust hasent easy least start right,ive self harm free months
1abd5m8,2024-01-26 13:22:07,mentalhealth,158,100,https://www.reddit.com/r/mentalhealth/comments/1abd5m8/my_boyfriend_said_he_will_break_up_with_me_if_i/,said years ago cant make wounds heal faster im staying house two days suspect dont want sex bathe scars tummy hips dating four years stable thing right think understanding said said cut means cant make happy whats point dating im dying guilt im scared tell truth cant lose family doesnt care friends,boyfriend said break self harmed find
1jc6av4,2025-03-16 03:31:52,mentalhealth,8,30,https://i.redd.it/xxbcf4uoexoe1.jpeg,page believe would apply state around pm th boyfriend cut go get stitches accidentally cut way deeper usual scared er night saw psychologist sometime pmpm th transferred community hospital treats mental health patients well people arent suffering mental health issues wondering whats going also long would take get home considering page considering activitiestreatments needed leave,boyfriend got admitted psych hospitalward self harm first time struggling im concerned wondering anyone whos similar situations side answer questions
keb0r8,2020-12-16 20:46:49,mentalhealth,896,73,https://www.reddit.com/r/mentalhealth/comments/keb0r8/today_marks_3_months_safe_from_selfharm/,dont ashamed pastcelebrate victories,today marks months safe selfharm heartsuit
1hww2fz,2025-01-09 03:23:10,mentalhealth,13,40,https://www.reddit.com/r/mentalhealth/comments/1hww2fz/why_do_some_mentally_ill_people_no_matter_how_bad/,hi least used cause im better dump entire history yes gotten pretty bad worse people subjective easily arguable yet seem never really went sort self harm tried lowest thinking whats wrong experiencing everyone else like went take blade act getting search numbed completely good way could think well arent impulsive mentally ill girl attempted murder several times years old highschool yeah weird thing cause litterally anyone else seems tried genuine need point hell brain,mentally ill people matter bad gets immune self harm
b06ps6,2019-03-12 17:02:08,mentalhealth,707,97,https://www.reddit.com/r/mentalhealth/comments/b06ps6/ive_been_clean_from_self_harm_for_one_year/,today marks exactly one year since ive self harmed cant believe made long hard worth,ive clean self harm one year
845g11,2018-03-13 21:53:48,mentalhealth,954,75,https://i.redd.it/p7v2qin64kl01.jpg,,today years self harm free
irem55,2020-09-12 20:59:28,mentalhealth,993,49,https://www.reddit.com/r/mentalhealth/comments/irem55/im_one_month_clean_of_self_harm/,title says,im one month clean self harm
hcilcr,2020-06-20 14:04:13,mentalhealth,563,90,https://www.reddit.com/r/mentalhealth/comments/hcilcr/150_days_today_without_self_harming/,days since last self harmed im really proud thank support twohearts,days today without self harming
i7wvx0,2020-08-11 23:44:38,mentalhealth,778,61,https://www.reddit.com/r/mentalhealth/comments/i7wvx0/yall_i_am_one_month_self_harm_freeeeee/,hell yeah years ive dealt record yeeeeeee,yall one month self harm freeeeee
10gbmrk,2023-01-20 01:33:03,mentalhealth,199,85,https://www.reddit.com/r/mentalhealth/comments/10gbmrk/ive_been_clean_from_self_harm_for_over_a_month/,ive clean self harm month going good past week got thinking ways get youe mind bc nothing seems work,ive clean self harm month
au9ps0,2019-02-24 22:17:13,mentalhealth,473,109,https://www.reddit.com/r/mentalhealth/comments/au9ps0/2nd_day_without_self_harm/,didnt self harm yesterday im challenging self harm today gl guess edit made another post rd day post day progresses,nd day without self harm
1eu5y6h,2024-08-17 07:04:16,mentalhealth,3,47,https://www.reddit.com/r/mentalhealth/comments/1eu5y6h/is_this_a_form_of_selfharm_cw_mention_of/,context im non offending pedophile im seventeen soon turn eighteen anyone asks dont watch csem spite wanting feel terrible cannot help looking videos posts involving negative view people like stuff like people wishing harm non offenders talking live miserably already feel pretty bitter feel bit isolated due believing one life would love knew dont stop looking stuff like almost daily even though actually cried times keep going shitty videosposts read shitty comments selfharming,form selfharm cw mention pedophilia
k1y8b2,2020-11-27 15:10:34,mentalhealth,649,60,https://www.reddit.com/r/mentalhealth/comments/k1y8b2/yesterday_i_became_7_years_clean_from_self_harm/,hasnt easy ride fought urges managed reach year milestone posts ive done ive said clean streak id like say still struggle much mentally ive times havent years though biggest thing im years clean im working mental health edit youre struggling dont hesitate reach,yesterday became years clean self harm im proud
1j4h3it,2025-03-06 04:42:55,mentalhealth,2,9,https://www.reddit.com/r/mentalhealth/comments/1j4h3it/i_checked_off_the_self_harm_box_on_a_paper_last/,ive better last years worst ever gotten scratching would never actually commit recent crash marked box dont want need ward ive found strategies help someone give advice please,checked self harm box paper last psych visit
myg238,2021-04-26 01:21:17,mentalhealth,595,50,https://www.reddit.com/r/mentalhealth/comments/myg238/im_two_weeks_free_from_self_harm/,know lot like one year im really proud longest time didnt think could get hours let alone weeks,im two weeks free self harm
1akat06,2024-02-06 19:48:43,mentalhealth,91,97,https://www.reddit.com/r/mentalhealth/comments/1akat06/what_do_you_do_when_you_feel_lonely/,lately ive struggling feelings loneliness im sure many im curious know everyone copes theyre feeling lonely,feel lonely
kcwpp4,2020-12-14 17:56:16,mentalhealth,578,211,https://www.reddit.com/r/mentalhealth/comments/kcwpp4/today_is_my_birthday_and_i_feel_so_lonely/,edit thank kind strangers birthday wishes means lot,today birthday feel lonely
1izachv,2025-02-27 12:59:55,mentalhealth,21,38,https://www.reddit.com/r/mentalhealth/comments/1izachv/how_do_you_guys_stop_feeling_lonely_and_depressed/,tips relax hopefully fall asleep feel less lonely night would helpful im mostly bed suffering night phone also please something simple easy low motivation,guys stop feeling lonely depressed night please let know
1gvbyot,2024-11-20 05:29:04,mentalhealth,69,44,https://www.reddit.com/r/mentalhealth/comments/1gvbyot/lonely_on_my_birthday/,birthday today f far ive spent bed crying ive rut months productive days days feel like struggle recently moved new country job interview week feel motivation prepare top im dealing relationship issues want day every time get birthday message friend family member end tears dont even feel like cutting cake today edit want thank every single one birthday wishes advice truly helped make day much better reminded lonely together ended way better day expected always remember bad days make entire life take one day time ill try,lonely birthday
1ja74po,2025-03-13 13:45:35,mentalhealth,7,21,https://www.reddit.com/r/mentalhealth/comments/1ja74po/crying_after_masturbatinglonely/,lonely every time nb masturbate cry afterwards sometimes lil sometimes lot think abt dont anyone things w also deeply crave intimacy aftercare cuddles sparklestalkingsparkles im want initial getting know someone vibe bigger problem im place life shouldnt trying date work things cant find connections leaves place im forced live sorrow leaves question get brain stop drudging sad stuff association,crying masturbatinglonely
qm1yoi,2021-11-04 00:49:42,mentalhealth,225,138,https://www.reddit.com/r/mentalhealth/comments/qm1yoi/could_anyone_just_talk_to_me_in_this_post_or_just/,ive struggling lately feel alone edit thank guys much didnt expect many people reply edit also im bit uncomfy dms probably wont reply thank,could anyone talk post ask random questions feel really lonely
1j25e7a,2025-03-03 05:30:25,mentalhealth,16,17,https://www.reddit.com/r/mentalhealth/comments/1j25e7a/i_feel_extremely_lonely/,feel extremely lonely time great support system absence partner brings immense amount pain life loneliness something struggling lot right find hard go dating websites work home things look bleak,feel extremely lonely
1fl9wzy,2024-09-20 17:11:18,mentalhealth,46,41,https://www.reddit.com/r/mentalhealth/comments/1fl9wzy/how_do_you_live_a_lonely_life/,im parents siblings cousins partner kids close friends scattered across globe none city fairly social person moved new city couple years ago friends dont think even possible point people around age group busy families life short term romantic interests im scared getting entangled long term marriage realized life ultimately going kind lonely scary thought especially old age one frame mental attitude goals motivation inner dialog lead life alone,live lonely life
1gckbxz,2024-10-26 18:18:41,mentalhealth,17,39,https://www.reddit.com/r/mentalhealth/comments/1gckbxz/feeling_lonely/,yrs female feel lonely see many friends boyfriends always want boyfriend badly feel guy looks way guy talks myle want smthg girls general dont know feel alone sad dont wven think happen point anyways dont know,feeling lonely
1btylmt,2024-04-02 18:51:47,mentalhealth,89,59,https://www.reddit.com/r/mentalhealth/comments/1btylmt/are_there_lonely_millennials_the_30somethings/,curious millennial aged people felt isolated recently researchers media distracted teenagers mid gen z folks born wonder theyre missing another group im male mid think relate lot gen zs struggles dont think one interested,lonely millennials somethings
1g1398z,2024-10-11 11:41:26,mentalhealth,37,33,https://www.reddit.com/r/mentalhealth/comments/1g1398z/im_so_fucking_lonely/,single choice life every night go bed want someone hold man really started taking toll mental recently needed share somewhere,im fucking lonely
1g8gl7n,2024-10-21 08:59:38,mentalhealth,49,29,https://www.reddit.com/r/mentalhealth/comments/1g8gl7n/just_want_to_say_im_very_lonely/,hard socially anxious im lonely yet dont want people close either,want say im lonely
1i2lq9f,2025-01-16 15:37:24,mentalhealth,19,17,https://www.reddit.com/r/mentalhealth/comments/1i2lq9f/i_am_lonely_and_wasting_my_life/,im f spent last days days bed nothing social interactions past months coworkers work solely evening shifts choice someone oh well fell onto finish midnight everyday dont energy anything mornings even less days even one reaches friends close always busy since dont schedules dont see havent seen one year live city time get wouldnt want reach uninteresting life therefore uninteresting person romantic life almost contact friends go work sleep repeat life dont know get cycle prone depressive episodes feel like lifestyle sucking right back,lonely wasting life
1iw4qf3,2025-02-23 12:59:01,mentalhealth,1,12,https://www.reddit.com/r/mentalhealth/comments/1iw4qf3/i_feel_lonely/,title says feel lonely basically feel like group friends school dont like think tbh theres lot proof like example one bday party everyone invited except didnt know months fact tend talk events stuff theyre right front im invited also tend feel upset jealous almost mad whenever see another group friends fun im tired treatment want group friends actively try hangout wont ignore existence together really dont know anymore,feel lonely
1iuh48c,2025-02-21 08:46:30,mentalhealth,2,12,https://www.reddit.com/r/mentalhealth/comments/1iuh48c/feeling_lonely_so_here_is_my_vent/,lately ive feeling lonely see loads people together happy wish someone could fill void ive feeling long time progressively gotten worse smilingfacewithtear even though friends get home feel suffocated isolated feeling hope nothing ever changes world feels small confined im even sure want relationship distract goals would take lot energy still keep seeking one avail want someone depend isnt immediate family get im saying im even depressed anything genuinely feel lonely youre reading thanks getting far listening little vent,feeling lonely vent
1idum2d,2025-01-31 00:34:05,mentalhealth,4,14,https://www.reddit.com/r/mentalhealth/comments/1idum2d/im_33m_really_feeling_depressed_lonely_miserable/,hi hope people could honest nice time suffer depression anxiety since taking meds seeing psychiatrist physician making good money achieving lifelong dream practicing doctor feel really lonely miserable upset never relationship lot due really trying like years old ive sorta trying age ive trying much harder recently still success im focusing making friends hobbies terms hobbies enjoy going museums listening music drawing learning french jogging reading chances relationships never met girl really liked feel pretty horrible even though make good money lots hobbies feel like quitting job going homeless hate everything right dont want work anymore didnt get first,im really feeling depressed lonely miserable upset good paying job caring parents friends hobbies things going feel horrible
1j2tvd6,2025-03-04 02:53:59,mentalhealth,6,9,https://www.reddit.com/r/mentalhealth/comments/1j2tvd6/i_feel_so_incredibly_lonely/,dont know get chest becoming hard carry feel incredibly lonely yes friends family im never anyones first choice people love care deeply yet never truly consider feelings never felt alone one best friends person imagined sharing lifelong genuine friendship suddenly grown distant reach dont feels like ive lost something precious despite trying hard hold im tired always afterthought valued im needed home things arent much better father battling depression struggles show affection worse secretly sought comfort another woman realization shattered though parents talked things moved wound remains forgave truly remorseful doesnt change loneliness lingers theres death surrounds g,feel incredibly lonely
h88taa,2020-06-13 20:14:04,mentalhealth,251,123,https://www.reddit.com/r/mentalhealth/comments/h88taa/i_want_friends_im_lonely/,edit im crying right people actually voted pleadingface edit anyone whos saying im needy friends well im sorry disagree ive never real friends tend horrible things towards want someone actually share feelings meand like anyway rather sometimes alone someone beside bc know wont last long view poll,want friends im lonely
1jhsynd,2025-03-23 11:52:16,mentalhealth,1,4,https://www.reddit.com/r/mentalhealth/comments/1jhsynd/i_feel_so_lonely/,im ldr bf makes feel lonely hes one people talk love much doesnt feel like loves,feel lonely
1jjzlq3,2025-03-26 06:25:41,mentalhealth,8,2,https://www.reddit.com/r/mentalhealth/comments/1jjzlq3/i_lost_all_my_friends_for_dressing_like_a_girl/,hi guy many problems male like really hate male like wear dresses feminine stuff wear makeup told friends left bc ashamed feel lonely friends id like fem friends talk girly things wants someone like girls group feel wrong like feel error id like treated like girl also im one called fem name bc name makes cry way look makes cry idk id like someone talk accept hate alone makes suffer lot,lost friends dressing like girl feel lonely
1701l93,2023-10-05 04:30:37,mentalhealth,81,264,https://www.reddit.com/r/mentalhealth/comments/1701l93/what_are_yall_taking_for_panic_attacks_and_anxiety/,gad panic attacks almost daily nothing ive tried worked think psychiatrist either hates thinks im fibbing medication outcomes every antidepressant ive tried either effect negative effect im curious whats working everyone else,yall taking panic attacks anxiety
1gebte9,2024-10-29 01:38:58,mentalhealth,189,53,https://www.reddit.com/r/mentalhealth/comments/1gebte9/quite_literally_just_said_no_to_a_panic_attack_lol/,many panic attacks today felt one coming got frustrated said refuse im didnt anxiety hates one weird trick lmao,quite literally said panic attack lol
1h9q92z,2024-12-09 00:41:49,mentalhealth,50,47,https://www.reddit.com/r/mentalhealth/comments/1h9q92z/has_anyone_else_called_911_because_of_panic/,f anxiety attacks sometimes escalate panic attacks like months ish last friday panic attack got really bad thought going die called sure something wrong going die heart going fast horrible headache whole body shaking extreme dizziness couldnt see straight everything blurryblacked took minutes actually call kept thinking stroke something thoughts dying wouldnt stop kept repeating dont wanna die calling scary cause first time calling told happening crying barely controlling words first responders came took pulse walked breathing shaking bad paramedics came took vitals told fine th,anyone else called panic attack anxiety attack
1e38nip,2024-07-14 23:30:06,mentalhealth,120,48,https://www.reddit.com/r/mentalhealth/comments/1e38nip/from_gaza_having_panic_attacks/,hi yo female left gaza war two months ago recently started panic attacks try calm deep breathing focusing breathing things recover want go therapest due lack understanding reliance medications treatment cognitive behavioral therapy,gaza panic attacks
1hdawnj,2024-12-13 17:43:41,mentalhealth,36,33,https://www.reddit.com/r/mentalhealth/comments/1hdawnj/panic_attack_showers/,hey thinking im curious know anyone else panic attacks particularly bad ones first thought need get shower im sure getting shower seems calm pretty fast way become safe spot one point sort dependent bet clean cost water bill loudlycryingface anyone else odd place go panic attacks would love hear thoughts,panic attack showers
131cdwd,2023-04-28 05:55:34,mentalhealth,103,112,https://www.reddit.com/r/mentalhealth/comments/131cdwd/had_a_bad_day_panic_attacks_a_lot_what_are_some/,curious,bad day panic attacks lot good movies guys like distract
1hh2f1v,2024-12-18 19:42:07,mentalhealth,30,25,https://www.reddit.com/r/mentalhealth/comments/1hh2f1v/i_hate_my_panic_attacks/,fucking hate attacks theyre ruining everything panic attacks ruining everything theyre making school exams difficult cant take one without panic attack im anxious exams study come ive failed easy exam im feeling shitty hate everything everyone want sh,hate panic attacks
1j6p2mh,2025-03-09 01:08:52,mentalhealth,6,14,https://www.reddit.com/r/mentalhealth/comments/1j6p2mh/face_went_completely_numb_with_tingles_and_i_was/,panic attack serious medical illness sudden started feeling extremely nauseous abdominal cramps rest followed fatigue complete arms hands tingles legs feet tingles extreme lower face tingles difficulty talkingmoving mouth disoriented unable walk feels like legs giving ill collapse low body temperature arm pain symptoms happened within minutes hour thought stroke currently dvt blood clot leg long flight months ago dvt treated medication months went er blood tests heart test everything normal answer happened felt way symptoms started fading hours later tingles numbness face last stop around hours later possibly panic attack thought panic attacks yo,face went completely numb tingles unable speak first panic attack medical issue
1iz6dse,2025-02-27 08:55:34,mentalhealth,2,14,https://www.reddit.com/r/mentalhealth/comments/1iz6dse/im_having_a_panic_attack/,im scared dont know help,im panic attack
1ityqic,2025-02-20 19:11:46,mentalhealth,3,12,https://www.reddit.com/r/mentalhealth/comments/1ityqic/did_i_suffer_panic_attacks/,recently prior event reoccur dont know know place ask really desperare answers time ago incident ran police actually losing suddenly pain came waves trough body started seeing sudden black across whole vision like blink without physical action breathing started breaking mental state took calm back even received helps child protective services however still obscure experience closer present yesterday trying cut ham hand slipped knife ran finger slashing open revealing flesh panicked grabbed paper towel best stop bleeding looked finger black flashes emerged back cant describe state like going unconsciousness back consciousness pain f,suffer panic attacks
1fb6c5p,2024-09-07 18:28:22,mentalhealth,18,34,https://www.reddit.com/r/mentalhealth/comments/1fb6c5p/after_you_have_one_of_your_episodes_depression/,mine breathe anna nalick silence marshmallo regrets magic listening endlessly major depressive episode psychosis good years later start,one episodes depression anxiety panic attacks psychosis etc songs comfort
1jiinuq,2025-03-24 09:58:19,mentalhealth,2,6,https://www.reddit.com/r/mentalhealth/comments/1jiinuq/anxiety_panic_attacks_in_social_areas/,pots whenever stand upwalk make dizzy really bad thing makes everything lot worse anxiety public places live city usually stay inside house every day theres really go outside dont socialized much people even though considered city would describe town many lights buildings etc downtown area boring theres drug problem one thing forgot mention really bad problem focusingconcentration specific things theres much happening makes anxious dizzy whenever public area lots people bright lights lots loud noises makes heart race lot makes dizzy always thought pots definitely seems like problem never really negative feeling like insecurity scared others etc,anxiety panic attacks social areas
1jbimoc,2025-03-15 05:50:38,mentalhealth,3,6,https://www.reddit.com/r/mentalhealth/comments/1jbimoc/my_parents_dont_know_that_my_doctor_has_referred/,recently get feeling pins going eyes brain hear faint voices head try nap start shaking cant focus anxiety last mins hours dont know think closest thing could panic attack called panic attack title doctor didnt really know dont really severe anxiety depression think usual amount people usually pretty good coping unsure happening issue parents would react well mom would probably think need go church wont let sleep well things would probably happen comfortable sharing trying help thinks right abusing make whole family miserable life harder dad try help cant mom problem continues si,parents dont know doctor referred neurologist therapy reason keep panic attacks try nap
1jkroyd,2025-03-27 06:17:42,mentalhealth,1,4,https://www.reddit.com/r/mentalhealth/comments/1jkroyd/randomly_developed_a_panic_attack_disorder_last/,make super short last week hung friends noticed symptoms panic attack ive never years alive,randomly developed panic attack disorder last week
1gnmsbx,2024-11-10 04:48:20,mentalhealth,10,21,https://www.reddit.com/r/mentalhealth/comments/1gnmsbx/im_constantly_having_panic_attacks_at_night_about/,im year old male since kid pretty conscious life everything ive always curious life dont know even earliest days life remember didnt wanna grow mom used say feed eat last bite otherwise u wont grow quick always respose dont wanna grow end dying eventually concept dying long remember time grade whole month filled panic attacks couldnt even sleep night even evenings randomly get panic attacks like frequent couldnt even focused school work went away eventually describe panic attacks like chain thoughts night remember man ill end dying day today anyday would happen might end hell pain eternity havent done anything bad anythi,im constantly panic attacks night death burning
1ipy660,2025-02-15 15:23:20,mentalhealth,1,8,https://www.reddit.com/r/mentalhealth/comments/1ipy660/my_panic_attacks_are_crippling/,hi im f struggled anxiety years im medicated therapy nothing helps im currently away rome boyfriend valentines day holiday im flying home tomorrow terrified cannot handle planes fear isnt crashing know chances stupidly slim fear becoming ill flight supposed im stuck steel container surrounded people everytime go flight think dont know handle anymore anyone advice,panic attacks crippling
jx7dxk,2020-11-19 23:18:21,mentalhealth,485,61,https://www.reddit.com/r/mentalhealth/comments/jx7dxk/i_hate_being_told_to_relax_while_having_a_panic/,think told chill try relax im panic attack discredits feel moment remember meet people sit emotions make feel seen try saying alone get together,hate told relax panic attack
1jfe3le,2025-03-20 07:24:26,mentalhealth,1,3,https://i.redd.it/iaxpniut3rpe1.jpeg,dont know people felt way reason certain types images like liminal spaces especially frutiger astetic images like themed rooms items wallpapers like general rooms style imagine areas would feel like crying screaming full blown yelling feel distraught seeing images want cry maladaptive daydreaming would really quickly imagine locations sob dont know like phobia im exactly scared thinking sends panic unless considered scared dont fully know emotions well collected images make feel way first two especially make panic,idk call panicanxiety attack related
1ji77uo,2025-03-24 00:47:58,mentalhealth,2,2,https://www.reddit.com/r/mentalhealth/comments/1ji77uo/i_called_out_of_work_due_to_a_massive_panic_attack/,hi everyone today called work due massive panic attack im feeling guilty context ive struggled depression anxiety whole life tend bottle emotions show leads things like today happening cry hours hours floor fall asleep past year lost grandma dream job leg gave surgery failed struggling walk knee pain grandpa moved state live family found cancer week grandpa almost died taken hospital hes still gets home hell many medical things attend hes coming home oxygen feeding tube top plethora pills take vitals blood sugar checked every hours entire family put mom think combine,called work due massive panic attack
j1r59r,2020-09-29 08:37:01,mentalhealth,707,40,https://www.reddit.com/r/mentalhealth/comments/j1r59r/i_didnt_have_a_panic_attack_today/,know isnt big deal today first day long time havent panic attack usually id day today half weeks taking meds feel normal havent single panic attack today,didnt panic attack today
17ihrf4,2023-10-28 22:16:27,mentalhealth,333,196,https://www.reddit.com/r/mentalhealth/comments/17ihrf4/movies_or_documentaries_to_watch_when_you_feel/,recommendations,movies documentaries watch feel hopeless
1bebkqh,2024-03-14 08:58:49,mentalhealth,156,75,https://www.reddit.com/r/mentalhealth/comments/1bebkqh/question_for_users_40_has_america_always_been/,question im feeling hopeless maybe havent around long enough im looking american politics society economics fucking climate always fucked cant believe country live like making feel depressed like theres reason anything feels like political parties ready go war presidential election nursing home everything expensive grind culture soulless im worried america look years young children going school system everything future country scares worse always like pls help,question users america always fucked feel hopeless
1j0q728,2025-03-01 08:58:36,mentalhealth,3,7,https://www.reddit.com/r/mentalhealth/comments/1j0q728/derealization_for_3_years_hopeless/,ive derealization past years ive seen people internet describe occasional ive stop disassocating completely random moments without actual pattern know im vulnerable disassociating whenever think hard something like school work socializing top also crazy anxiety issues heart beating fast almost time something completely unrelated ruined life completely suicidal thought moments serious panic attacks since august last year started understand derealization disassociation made feel better sympathizing slightly improved condition since confused months ago read best way treat things like hobbies engaged even though im disassociating think might disassociate,derealization years hopeless
1jbpmsv,2025-03-15 12:44:45,mentalhealth,2,4,https://www.reddit.com/r/mentalhealth/comments/1jbpmsv/feeling_pretty_hopeless_after_recent_doctors/,f struggling major depressive disorder anxiety ocd since started sertraline currently mg ever since developed kind sleep disorder mix insomnia hypersomnia sleep hours times cant sleep three nights straight doctor knows prescribed amitriptyline help get sleep works great im really bad fatigue stage genuinely nothing help cant get job meaning source income parents officially caregivers given small payment fro government look thats recent appointment went issues said medication half treatment im getting better really need psychotherapy mainly cbt says sleep issues likely connected,feeling pretty hopeless recent doctors appointment
1iti4pu,2025-02-20 03:38:19,mentalhealth,2,7,https://www.reddit.com/r/mentalhealth/comments/1iti4pu/my_situation_is_begining_to_feel_hopeless/,bit context f posted anonymously local facebook page reddit pages wanted post much financial issue struggling mental health need different perspective embarrassed make post would really appreciate advice full time student working much however due medical issues dealing best physically able hours week still failing classes trying hard get life together feel like time low working doctors therapist try get back working taking much longer hoped basically run money today wanted go store get things make cake year anniversary dads passing last year amazing people,situation begining feel hopeless
1j4hy0h,2025-03-06 05:22:37,mentalhealth,10,4,https://www.reddit.com/r/mentalhealth/comments/1j4hy0h/estranged_jobless_and_out_of_optionsfeeling/,hi adopted family didnt understand trauma experienced seven went earthquake really hard process everything would lash didnt know handle emotions instead recognizing needed helpor even hugmy parents labeled problem child life raised scapegoat mom biggest bully turned everyone including siblings felt like nowhere turn kicked really hard ever since last year mom passed away cancer hurt didnt even want see endi never got say goodbye went funeral hoping maybe gone could reconnect siblings opposite happened im dealing lot pain lost job job market awful dont know else im spiraling,estranged jobless optionsfeeling hopeless right
1jfg6hf,2025-03-20 09:15:40,mentalhealth,1,2,https://www.reddit.com/r/mentalhealth/comments/1jfg6hf/my_friend_is_hopelessly_depressed_and_only_has_me/,really need help advice know quite long read thankyou much f love friend cant handle hopelessness anymore im starting feel really resentful towards makes feel horribly guilty weve friends years throughout struggled depression trauma deeply get hard work healed lot ive always support last year cut almost friends solely relies social connection support im person trusts talks honestly felt like none friends really understood resentful cant help thinking course didnt understand didnt open kind selffulfilling prophecy isolation set belief happiness connection impossible,friend hopelessly depressed rely feel like hes trying cant handle anymore
1jk8c6a,2025-03-26 15:40:10,mentalhealth,1,0,https://www.reddit.com/r/mentalhealth/comments/1jk8c6a/feeling_hopeless_and_directionless/,feeling lost hopeless recently ive depressed life things ive achieved achieved feeling like failure everything say never enough barely get bed days im disabled way leaving house without someone joining partner hw works alot barely home due travel tomes work back ive feeling directionless hopeless need win need feel like life actually means something dog walker dog partner talking moving feel like due finances thats never gonna happen unless go let go im constantly feeling like im verge loosing trying choose alot friends family im trying move,feeling hopeless directionless
1jdv26f,2025-03-18 08:09:45,mentalhealth,1,0,https://www.reddit.com/r/mentalhealth/comments/1jdv26f/my_effort_to_change_feel_useless_and_i_feel_so/,im male really smart kid life high school age malaysia theres huge exam decides university youll able go scored really well got straight never gotten straight important exam also active co curriculum high shcool good results achievements co curriculum activities high school able secure scholarship study uk got uk changed wasnt good student studies well scores well attendance really bad kept going years summer failing maintain good result go back malaysia sponsor asked ever since relationship father become much worse uk found girlfriend malaysian english love much worse worse studies affected relationship much stress wh,effort change feel useless feel hopeless unseen
1j1midr,2025-03-02 14:14:39,mentalhealth,1,2,https://www.reddit.com/r/mentalhealth/comments/1j1midr/ive_messed_up_my_second_chance_at_my_relationship/,found partner loves longer love passion relationship gone shes tired doesnt trust remain committed working mental health dont blame always fall wagon asd adhd well anxiety depression woefully unprepared first child born struggled adapt family life pitiful social battery mask week fulltime job struggle present active weekends makes difficult daytrips normal family stuff week makes hard keep top housework lot stuff normal householdparent im medicated meant cognitive behaviour therapy program got complacent felt good enough take big mistake year half ago piled partner felt like nothing,ive messed second chance relationship im completely hopeless
1jcagm6,2025-03-16 06:58:13,mentalhealth,1,0,https://www.reddit.com/r/mentalhealth/comments/1jcagm6/hopeless_and_afraid_of_my_own_body/,lately dark place since mom diagnosed breast c im glad mom well since biopsy think shes clear might sound stupid afraid getting anything like wreaks feel like im hypochondriac maniac doctors office im even getting mammogram soon im im afraid feel like im prisoner mind body,hopeless afraid body
1i7g4iz,2025-01-22 22:40:19,mentalhealth,5,4,https://www.reddit.com/r/mentalhealth/comments/1i7g4iz/for_those_like_me_who_suffer_depression_and/,individual prayer despair desperation almighty god whatever higher power let sink depths depression sorrow give glimpse hope grant strength seek help know live fear dread sometimes even know courage face tomorrow rescue spirit motivate seek help guidance comfort others may continue renewed hope trusting unending mercy love hear pray amen,like suffer depression uncertainty quick defeatism mindset things seem hopeless heres prayer us
1ivcyz0,2025-02-22 12:30:44,mentalhealth,2,2,https://www.reddit.com/r/mentalhealth/comments/1ivcyz0/a_magnet_of_bad_luck_should_i_seek_help_i_feel/,reflect one worst years life far plagued relentless challenges began drive ohio georgia passed hotel bathroom due dehydration badly injuring tongue sudden snowstorm turned drive nightmaremy car struggled icy rural roads got stuck multiple times upon finally reaching savannah fell severely ill cold spiraled bronchitis possibly pneumonia forcing miss classes abandon fitness routine cornerstone mental health weeks later blizzard froze pipes shut roads left home freezing zoom classes drained motivation midterm grade tanked submitted project late adding academic stress things seemed improve caused serious car accident missing stop sign obscured illegally parked cars though one hurt crash left shaken facing legal issues grappling,magnet bad luck seek help feel hopeless
1j4hxyr,2025-03-06 05:22:32,mentalhealth,1,0,https://www.reddit.com/r/mentalhealth/comments/1j4hxyr/estranged_jobless_and_out_of_optionsfeeling/,hi adopted family didnt understand trauma experienced seven went earthquake really hard process everything would lash didnt know handle emotions instead recognizing needed helpor even hugmy parents labeled problem child life raised scapegoat mom biggest bully turned everyone including siblings felt like nowhere turn kicked really hard ever since last year mom passed away cancer hurt didnt even want see endi never got say goodbye went funeral hoping maybe gone could reconnect siblings opposite happened im dealing lot pain lost job job market awful dont know else im spiraling,estranged jobless optionsfeeling hopeless right
1ix4k2v,2025-02-24 20:54:15,mentalhealth,1,1,https://www.reddit.com/r/mentalhealth/comments/1ix4k2v/lost_hopeless_and_miserable_need_advice/,f studying phd thr us international student ever since things terrible always anxiety gone depression taking mental health support yet condition well away support system feel extremely miserable also current situation country added stress dont want give phd cant stop thinking going back home life feels pointless dread waking every morning feeling irrational fears developed time kindly help,lost hopeless miserable need advice
1izrgbr,2025-02-28 03:17:32,mentalhealth,1,0,https://www.reddit.com/r/mentalhealth/comments/1izrgbr/hopeless_chronic_depression/,good friend chronically depressed five years hasnt left apartment since cant go irritable bowel syndrome hes seen many doctors two psychiatric hospitals consulted four five psychologists sees hopeless friends longer know move forward one take care anymore adult feels like hope left psychologists also given doctors dont respond anymore longer doctors one wants take care also doesnt know anymore neither sure post right hope find help,hopeless chronic depression
1i9s56y,2025-01-25 23:02:02,mentalhealth,2,4,https://www.reddit.com/r/mentalhealth/comments/1i9s56y/struggling_and_feeling_hopeless/,im feeling really lost right dont know else turn life feels like going nowhere im stuck cycle cant seem break every day feels wake go gym bare minimum work watch tv sleep feel like zombie going motions want feel alive enjoy life care people feels like im incapable right top social life nonexistent im scared try make friends feel like one cares whenever try connect people feels like im ignored draining im fed feeling invisible unimportant ive trying hard improve myselfwhether fitness careerbut nothing seems work diet mess career feels stagnant matter many interviews give dont enjoy anything anymore want life change feels overwhelming impossible right,struggling feeling hopeless
1irmo6d,2025-02-17 21:10:00,mentalhealth,2,1,https://www.reddit.com/r/mentalhealth/comments/1irmo6d/how_to_grow_past_bitterness_and_hopelessness/,tldr bottom everybody hope well redheart im really struggling feelings beliefs one hand know life gift part feels really optimistic happy alive sun shining get enjoy human experience theres many things create hand though feel super hopeless pointless like logically know anything possible life great make awesome ive really hurt relationships know purpose life want feel good enough im looking doubt im looking help achieving goals im looking see anyone help find reason keep going every failure hurt lot lot times things dont go way want retract really hurt ones love mental health lack control want repair things possible even getting bed har,grow past bitterness hopelessness
1iw4323,2025-02-23 12:14:09,mentalhealth,1,0,https://www.reddit.com/r/mentalhealth/comments/1iw4323/need_help_as_i_feel_done_hopeless/,things say like childhood rough toxic parents always fighting external forces controlling grown like feel lost career clarotyy inaction loneliness severe overthinking procrastination like every time feel motivated think changing life end dangeorus spiral fear like like panic anxiety attack brain get fogged cant make decision like feel life dont anyone talk need genuine support please help please like light support guidance like leave situation like become fatty unhealthy living v sedentary lifestyle like feel sad isolated anxious life bit paradox cant take action feel would love someone help cant see light didnt went school years colle,need help feel done hopeless
1iojecm,2025-02-13 19:17:45,mentalhealth,2,1,https://www.reddit.com/r/mentalhealth/comments/1iojecm/i_feel_so_hopeless/,therapy right help despite going years wanted switch therapist also get psychiatrist get antidepressants problem none want take overfilled also wont put waiting list reason cannot pay therapy rely whatever state offer german health care system failed many times feels like everyone wants dead therefore wont help,feel hopeless
1azwk2p,2024-02-26 01:01:05,mentalhealth,112,142,https://www.reddit.com/r/mentalhealth/comments/1azwk2p/whats_your_opinion_on_therapy/,disclaimer post isnt bait ill respect reasonable opinion used therapy mostly seem scamish pointless im mostly talking talk therapy must say psychiatry also looks like case throw wall see sticks socalled science isnt replicable think feels like pseudo sciences meant keep sitting god damned chair long possible milk inssuranceout pocket money get even real medecine often lacking true cures man seem way based real scientific research anyway ill happily welcome replies pops nice day yall,whats opinion therapy
1ep01gh,2024-08-11 00:04:30,mentalhealth,216,173,https://www.reddit.com/r/mentalhealth/comments/1ep01gh/im_sick_of_being_told_to_try_therapy/,understand people say mean well theyre trying help oh god really think never crossed mind option really think ive never tried seek help im years old first time spoke mental health professional four four years old tally amount time ive spent therapy would probably amount least eight years total ive never gotten kind benefit ive learned therapists couldnt care less clients case number paycheck say ive done years therapy never got kind benefit response always well actually try therapy didnt work means werent putting enough effort excuse dare make assumptions like werent office idea hard worked hard ive,im sick told try therapy
1egb2l4,2024-07-31 07:12:46,mentalhealth,211,151,https://www.reddit.com/r/mentalhealth/comments/1egb2l4/why_do_men_refuse_to_go_to_therapy_yet_use_women/,raise hand youve ever guy vents girlfriendfemale friends refuses go therapy manraisinghand ill first admit ive common thing fear appearing weak vulnerable idea therapy crazy people maybe comfortable unloading someone close even puts unfair burden im genuinely curious guys think,men refuse go therapy yet use women therapists
kwiwdx,2021-01-13 21:10:23,mentalhealth,1299,170,https://www.reddit.com/r/mentalhealth/comments/kwiwdx/my_doctor_asked_do_you_even_want_to_get_better_in/,im fuming told need tighten belt sacrifice things like food rent go therapy fucking wellpaid doctor told story told needed see chiropractor every week session felt much move things around make work last time therapy cost week insurance session cost mention cost meds fucking insane much costs already supposed find amount couch cushions insinuation im poor deserve suffer mental illness dont think want therapy absolutely unreal,doctor asked even want get better response saying im therapy cant afford
1fgrrzl,2024-09-14 23:18:15,mentalhealth,53,188,https://www.reddit.com/r/mentalhealth/comments/1fgrrzl/what_has_helped_with_your_mental_health_the_most/,therapy expensive finding good therapist hard seeing psychiatrist expensive diagnosis might inaccurate finding right medication usually requires timeconsuming titration one might experience possible side effects basically working mental health professional costly takes lot patience least personal experience years ive seen therapists psychiatrists received different diagnosis regularly meds seem help however recent depressive episodes noticed regular exercise regime helped mood significantly id hiit classes x week weekly hike getting daily sunlight blue light also helped change meds ive read various supplements magnesium fish oil vit bs diets mediterranean keto types exercise weightlifting help tbh pretty overwhelming figure im curious know b,helped mental health dont say therapymeds else
1bgdbi0,2024-03-17 00:27:55,mentalhealth,164,212,https://www.reddit.com/r/mentalhealth/comments/1bgdbi0/is_therapy_pointless_if_all_they_do_is_listen/,one session nearly walked therapist clue,therapy pointless listen
1cf0zrz,2024-04-28 13:23:29,mentalhealth,195,167,https://www.reddit.com/r/mentalhealth/comments/1cf0zrz/people_who_cant_afford_therapy_but_need_it_what/,cant afford therapy options tried online therapy betterhelp even financial aid costing rd monthly income currently reading selfhelp books trying work point need help used go therapy cost stop need go back options edit wow didnt expect much support love thank much im sorry cant respond one individually words advice mean much sometimes depressed person needs know cared responses made feel seen thank,people cant afford therapy need
112w1l1,2023-02-15 17:08:30,mentalhealth,284,276,https://www.reddit.com/r/mentalhealth/comments/112w1l1/i_hate_that_the_only_advice_anyone_will_ever_give/,yes understand therapy amazing thing people understand community absolute cure many problems helped work things get works good therapy isnt everyone im tired shamed judged wanting able get people cant get therapy matter bad want many insurance plans cover low percentage cost dont cover lots people community minors rely others transportation smaller towns options extremely limited people workgo schoolhave kidsetc simply dont time doesnt work people believe going therapy isnt always going magical cure made many posts comments makes problems worse maybe dont want talk stranger dont fe,hate advice anyone ever give go therapy
13mo21z,2023-05-20 15:47:18,mentalhealth,448,156,https://www.reddit.com/r/mentalhealth/comments/13mo21z/do_people_not_realize_therapy_expensive_as_fuck/,dollars hour trying fill shit talking last time talked insert minutes shit talked last conversation fact love push meds thats another almost shit coming month thats year talk someone whose trying get answer questions shit talk free shit least reddit get multiple opinions free see different view points,people realize therapy expensive fuck
1j1hm0h,2025-03-02 09:00:46,mentalhealth,74,67,https://www.reddit.com/r/mentalhealth/comments/1j1hm0h/people_dont_talk_about_how_damaging_therapy_can_be/,people always say youre struggling see therapist seeking therapy make mental health better made worse feel pain cringe think back awkward conversations therapist completely invalidated low mood camhs people knowtherapists also extremely close minded dont actually hear understand say try gaslight insteadplus extremely difficult tell random dude problems even might fully understandive completely stopped bothering therapy cant help depression caused social reject subhuman therapy cant fix whats point make feel worse,people dont talk damaging therapy
1h1jbqi,2024-11-28 05:55:44,mentalhealth,83,86,https://www.reddit.com/r/mentalhealth/comments/1h1jbqi/ways_to_improve_your_mental_health_without/,whats ways improve mental health instead going therapie start working cows little fellows boosting mental health like nothing,ways improve mental health without therapie
1e8kkwa,2024-07-21 17:22:09,mentalhealth,114,116,https://www.reddit.com/r/mentalhealth/comments/1e8kkwa/boomers_and_gen_xers_of_reddit_how_did_you_deal/,st century north america atleast ive noticed mental illness therapy less stigmatized past people open seeking mental health services however im sure boomers gen x growing virtually way seeking help trauma mental health concerns anxiety etc generation deal issues,boomers gen xers reddit deal trauma therapy normalized
17vqxfe,2023-11-15 16:08:28,mentalhealth,99,211,https://www.reddit.com/r/mentalhealth/comments/17vqxfe/what_helped_you_guys_with_your_anxiety_that_didnt/,give tips helped guys ive struggling mine long remember,helped guys anxiety didnt require therapy meds
1ffekws,2024-09-13 03:25:58,mentalhealth,231,53,https://www.reddit.com/r/mentalhealth/comments/1ffekws/its_stupid_af_that_therapy_is_so_expensive_when/,seems like everyone concerned mentally ill people able work contribute society make money independent one tools permanently get us therapypsychiatrymental health care people severe mental health issues often disability homeless make money tf mental healthcare damn expensive,stupid af therapy expensive people need make littleno money
1ijilu3,2025-02-07 06:23:27,mentalhealth,21,54,https://www.reddit.com/r/mentalhealth/comments/1ijilu3/being_kicked_out_of_my_therapy_and_denied/,dont even know say think im deeply upset hurt also struggling understand even though explained said arent licensed council people dependencies could making anxiety whatever issues worse dont know properly prescribe medication guys thoughts doesnt feel fair,kicked therapy denied medication marijuana dependance
1j36arq,2025-03-04 14:02:10,mentalhealth,22,45,https://www.reddit.com/r/mentalhealth/comments/1j36arq/men_what_keeps_you_from_going_to_therapy/,think theres lot misunderstanding men dont go therapy dropped therapy especially group therapy situations curious youve tried go dropped dont want go therapy reasons,men keeps going therapy
1icq56l,2025-01-29 15:05:58,mentalhealth,7,56,https://www.reddit.com/r/mentalhealth/comments/1icq56l/does_therapy_work_even_if_i_dont_want_to_get/,dont think say alternative option dont want pretend like want try even much point going,therapy work even dont want get better
1jffm9e,2025-03-20 08:44:30,mentalhealth,121,23,https://www.reddit.com/r/mentalhealth/comments/1jffm9e/hot_take_reddit_is_not_therapy_honestly_its_the/,dont know needs hear careful coming youre really struggling reddit feel like place vent anonymous lets realpeople cruel cold dismissive easy forget actual human beings behind screen feels even easier people forget youre real human post open worst thoughts hoping someone say hey ive instead get hit seek help would even post sound like burden worsedownvotes oblivion like feelings dont matter messes makes wonder much maybe world really cold feels youre youre trying survive trying feel seen somewhere anywhere reddit isnt therapy half people fighting battles numb care projecting pai,hot take reddit therapy honestly opposite sometimes
1je9mmq,2025-03-18 22:21:30,mentalhealth,131,21,https://i.redd.it/tutqffs1ahpe1.jpeg,ok ive recently bad spurt mental health always goal oriented person currently goals anything want unreachable lovely life im grateful issue world dark zero motivation easy appreciate live moment ive rough life always saw past gift proud well id done considering abuse id hard see time end got puppy gave goal physically unwell diagnosed several disabilities last months sunk stopped things id normally sick bought puppy visions long walks weekends camping trips cant current state shes gave mission best physically today ive worked eaten healthy short walk ha,appreciate unhelpful therapy advice heres
1ef40zy,2024-07-29 22:03:18,mentalhealth,80,70,https://www.reddit.com/r/mentalhealth/comments/1ef40zy/can_you_heal_without_therapy/,therapy twice several months stopped financial reasons development achieved self work videos books support groups keeps getting complicated means use someone actually heal without therapy,heal without therapy
8msp9v,2018-05-29 01:01:47,mentalhealth,3177,178,https://i.redd.it/rvjzbrtzen011.jpg,,mental health awareness month schizoaffective bipolar type graduated ba english magna cum laude age dropping high school intermittently relapsed psychosis duration hospitalizations loving support success possible
1jctg5r,2025-03-17 00:55:38,mentalhealth,1,0,https://www.reddit.com/r/mentalhealth/comments/1jctg5r/relapsed_on_my_mental_health_fucked_up_my_future/,suffering mental health issues good years get better worst repeat cycle something yet work radar next therapy sessions seems today old appeared woke feeling couldnt sort like usual snowballed throwing things mean lot like first ever k ran week threw medal lot clothes proceeded clam partner resulted massive fight wouldnt communicate resulted saying thanks want end relationship honestly dont blame im seem turn everything shit isnt supposed pitty party open people dont like throws things bin ends hating even affects close us blame hopefully tomorrow bet,relapsed mental health fucked future
1iccwdz,2025-01-29 02:59:46,mentalhealth,3,5,https://www.reddit.com/r/mentalhealth/comments/1iccwdz/im_so_close_to_relapsing_again_supportvent/,quick context im currently days clean since last harmingand recently many things almost caused relapse wont go keep short one main reasons nan seriously ill nearly passed awayshes lot trauma due personality changed rapidly shes nice got major argument hours ago ive decided im hiding mental issues anymore ive hiding long would anyone able help tell tell someone specifically nonrelated person thank,im close relapsing supportvent
1izpjbk,2025-02-28 01:55:22,mentalhealth,1,0,https://www.reddit.com/r/mentalhealth/comments/1izpjbk/people_who_got_off_antidepressants_after_5ish/,want hear people got ads within ish years never faced relapse please share story know many people take ads life weaned eventually lived successfully ads hows going depression things antidepressants treat like anxiety ocd panic etc share experience,people got antidepressants ish years never relapsed whats average time people go ads
1imr46v,2025-02-11 10:40:47,mentalhealth,2,1,https://www.reddit.com/r/mentalhealth/comments/1imr46v/relapse_of_my_depression/,constantly feel cloud sadness anxiety engulfing doesnt happen time tough get seem living head present impacted aspects im operating thought feeling better around closest people feel better thats case go back shell dont want take pills manage want present yesterday pushed pet away wanted play unable spend time talking family mostly social media sitting still always thinking something constantly worrying home loan emis aging parents pets health life want hug cry closest people havent able dont want burden meet feel im failing good friend dont know come,relapse depression
1i0vimj,2025-01-14 07:47:24,mentalhealth,3,3,https://www.reddit.com/r/mentalhealth/comments/1i0vimj/im_afraid_im_relapsing_into_an_old_addiction/,im gonna detail youll never find matter many tries make specifc vent let im afraid hate addiction sucks disgusting feel dirty trash afterwards hate even usual idk im saying im revealing dont want ro relapse addiction loudlycryingface wrong thing thing hurts hate,im afraid im relapsing old addiction
1ietrcn,2025-02-01 05:52:14,mentalhealth,1,0,https://www.reddit.com/r/mentalhealth/comments/1ietrcn/how_do_i_get_through_a_sudden_depression_relapse/,im going one worst relapses depression right im many suicidal thoughts selfharm urges normal im scared im going really bad path ive already hospitalized twice last one two years ago cant go back cant feelings sudden fine weeks ago suicidal thoughts urges high motivation fuck happening im scared,get sudden depression relapse
1iakgi1,2025-01-26 22:57:24,mentalhealth,2,0,https://www.reddit.com/r/mentalhealth/comments/1iakgi1/total_relapse_i_try_to_bear_it/,dont know label suicide lot control issue doesnt take away fact thoughts really dont want go day day put everything world throws try move try work much body allows move protect health everything goes back beginning hallucinations voices fear paranoia take try control yes control strength strong want try live simple normal life every day body reminds simply born defects multiple mental illnesses counting illnesses affect physically force make huge expenses every week point go debt occasions cant leave house legs like used sunlight affects due hypersensitivity,total relapse try bear
1i7q394,2025-01-23 05:33:38,mentalhealth,1,0,https://www.reddit.com/r/mentalhealth/comments/1i7q394/relapsed_after_2_months_feeling_hopeless_twsh/,seeking help starting antidepressants therapy finally started feel like getting life together feeling almost normal though still struggling intense anxiety relapsed self harm today months clean feel like everything ive worked drain ive pretty good week got back great trip friends managing work assignments well everything fell apart evening stressful conversation classes parents broke alone room relapsed self harm parents aware upset left alone tbh better interact times couldnt reach friend time fell straight back self hatred ive holding bay weeks feeling mortified embarrassed disappointed dont go,relapsed months feeling hopeless twsh
1hpxzky,2024-12-31 02:57:46,mentalhealth,1,0,https://www.reddit.com/r/mentalhealth/comments/1hpxzky/random_relapse/,friend absolutely love much look much favorite person ever ranting last night things said made know sounds dramatic ridiculous made relapse idk got angry overstimulated things called would never want say things caused throw slashes thigh anyone tell hell happened reacted way context calling piece shit hes failure,random relapse
1hocl59,2024-12-29 00:31:55,mentalhealth,1,0,https://www.reddit.com/r/mentalhealth/comments/1hocl59/i_may_just_relapse/,hello everyone today last weeks general havent kindly actually managed become somewhat stable person last years gone therapy first months therapy ended last day world mental health day coincidence nothing short calm however lately ive bombarded current world news country facing new elections hate bending objective truths fear mongering starting take toll like years ago due tensions family also rising point dont feel comfortable house anymore leads dreaded sense hopelessness one havent really missed dont quite see bright future infront combine problems im uni pressure surroubdings put whilst empathetic grinch laughing current stress situa,may relapse
1hn7duc,2024-12-27 10:29:00,mentalhealth,1,0,https://www.reddit.com/r/mentalhealth/comments/1hn7duc/is_it_bad_to_use_the_word_relapse_when_recovery/,take nuance thought know someone currently reaching end month long stay mental hospital used term relapse telling health team discuss etc feel uneasy use term since second time feel like sets idea go back experiences extremely rough time course thats entirely case gets stuck certain mindsets ideas pretty stubborn trying prevent returning needs curious peoples opinions using term non addiction context words used sorts ways sorts intensity context go positively negatively fear leaving expectation imminent drastic mental collapseemergency dont well enough receiving treatment make harder fi,bad use word relapse recovery breakdown
1haw1qa,2024-12-10 12:27:50,mentalhealth,1,1,https://www.reddit.com/r/mentalhealth/comments/1haw1qa/i_relapsed_i_dont_remember/,hello ive fine last couple months days ago relapsed dont know whats wrong also dont even know relapsed mind went blank found cuts box cutter near im confused happened,relapsed dont remember
1gmtz5t,2024-11-09 03:14:17,mentalhealth,11,2,https://www.reddit.com/r/mentalhealth/comments/1gmtz5t/i_dont_feel_like_dying_but_i_dont_feel_like_doing/,hey everyone im f suffered depression anxiety ptsd whole life csa hit hardest third kiddo ppd worse first time reached got help went therapy would go things got better stop year things really sparked went back found new therapist really opened reached friends family support like never amazing first support family people seemed like really wanted get bottom problems therapy raw exhausting end month half every one support went window replaced questions would done better things finally came blow mom sat asked needed institutionalized guess wasnt getting better fast enough words everyone issues ge,dont feel like dying dont feel like anything else either ive severe relapse mental health
1gqvky9,2024-11-14 08:51:44,mentalhealth,1,1,https://www.reddit.com/r/mentalhealth/comments/1gqvky9/might_relapse/,ive clean months days trumps win really making spiral ive thought going gods support im new scared mess offend im scared might relapse throw away worthless old man happened win election idk feel little insane im really scared might relapse ive got going right school,might relapse
1gt3pjq,2024-11-17 08:07:57,mentalhealth,0,0,https://www.reddit.com/r/mentalhealth/comments/1gt3pjq/ied_relapsed/,brawl dad since since became angry always thinking harming people trifle also multilate hard back college one instance walking straight guy thought im looking gf charge towards stopped stopped couldve pushed stairs violently maul fire extinguisher facewithrollingeyes also one instance last cab driver refused give change tried scam violently beat bare hands whilst cab moving partially damaged eyes simply said trigger word beaten dad last fiasco psychotherapy channel anger towards somewhere seems work last december january instance slammed keyboard mouse due customer frustration tre,ied relapsed
1glgyhn,2024-11-07 08:42:01,mentalhealth,1,0,https://www.reddit.com/r/mentalhealth/comments/1glgyhn/stress_at_work_drove_me_to_my_first_real_suicide/,didnt know else turn point work dream job ironically gotten low enough point genuinely planned commit suicide twice none coworkers know would probably fired found last attempt last real relationship imploded around years ago contract expires december renews mid january even longer period job take international stick almost lost life point okay say thought dream life would need think first could use advice advice improve know need help want get help work takes much time therapy isnt option thank much,stress work drove first real suicide attempts years two relapses
1g7cs90,2024-10-19 22:03:02,mentalhealth,1,1,https://www.reddit.com/r/mentalhealth/comments/1g7cs90/feeling_extremely_frustrated_after_relapsing_with/,know process isnt linear need advice regarding get rid frustration shame relapse depression selfesteem comfortable back even considering person frustration makes want meltdown well im back pathetic fucking state please help,feeling extremely frustrated relapsing selfesteem
1g73bpk,2024-10-19 12:32:12,mentalhealth,1,1,https://www.reddit.com/r/mentalhealth/comments/1g73bpk/relapse_of_sex_addiction/,falling back pattern getting grinder meeting guys every day focusing important parts life get urge download grinder meet people hornyness sex addiction,relapse sex addiction
1fv72tk,2024-10-03 18:26:34,mentalhealth,1,2,https://www.reddit.com/r/mentalhealth/comments/1fv72tk/im_done_with_this_mentions_of_relapse/,everybody draining wanna ghost everyone dont know ever since got ghosted th time ive drained honestly suicidal relapsed dont wanna live like,im done mentions relapse
x2yvhz,2022-09-01 10:36:07,mentalhealth,2,1,https://www.reddit.com/r/mentalhealth/comments/x2yvhz/happy_birthday_to_me_i_guesstw/,headache brother needs longer invited things dont give fuck birthday today didnt need turned whole thing one big argument mom mom agreeing dad whether actually abusive news flash fucking oh well verbally abusive definitely didnt anything else distinct memories picking ground collar jacket tween shaking screaming face thought going throw wall would beg fuckeing differ didnt want talk tonight didnt want think tonight argument million fucking times oh top brother drunk high ass fucking cocaine night added stresshappy fucking birthday,happy birthday guesstw drugsalcoholphysical abuse
ovpcvt,2021-08-01 15:19:09,mentalhealth,8,9,https://www.reddit.com/r/mentalhealth/comments/ovpcvt/redditorsi_need_your_advicei_was_grown_in_an/,parents sometimes gets abusive cant help selfharming going years straight sadly develope social enxiety well thanks thi life hard get job im afraid ppl disappointed cuz meor even yell matter job im dunno get id happy hear advice ppl sorry spend time garbage saddest part realized wasted life nothing cant afford psychiatrist meds depression bucks per week,redditorsi need advicei grown abusive familymental rape everyday etcnow im gurlno workmentally brokenhaving alcohol addiction clinical deepressioni want became programmerbut everytime wake feel wanting get drunk n forget
pwa6gq,2021-09-27 10:31:05,mentalhealth,2,7,https://www.reddit.com/r/mentalhealth/comments/pwa6gq/do_you_think_that_a_depressed_teenager_having/,substance abuse issues w alcohol around struggles w depression ends rehab bc view poll,think depressed teenager substance abuse issues issues w alcohol indicative bad parenting
tv21qa,2022-04-03 11:08:32,mentalhealth,2,1,https://www.reddit.com/r/mentalhealth/comments/tv21qa/alcohol_abuse/,wanna drink go social events im afraid im gonna turn like dad,alcohol abuse
ra6ozn,2021-12-06 18:28:04,mentalhealth,296,393,https://www.reddit.com/r/mentalhealth/comments/ra6ozn/people_in_their_20s_what_is_something_you_are/,edit made another post asking depth question subreddit would love go comment question could answer dont anything top head feel like living full potential want know people like struggle right whether mental health finances school career purpose etc want know gory details hopefully create safe place everyone get answersadvice feel less alone many struggles anxiety depression adhd history self harm history alcohol abuse cptsd list goes also know people say time life ive also heard people say thats lie im starting podcast want help people struggling feel less alone asking anyone listen podcast genuinely want,people something struggling
rlz6sb,2021-12-22 12:11:45,mentalhealth,1,1,https://www.reddit.com/r/mentalhealth/comments/rlz6sb/barriers_that_can_impact_on_an_individuals_social/,hi guys im studying mental health question came aross one assesments wanted examples personal experiences,barriers impact individuals social emotional wellbeing recovery context mental health issues drug alcohol abuse
n0ssh4,2021-04-29 05:58:45,mentalhealth,3,5,https://www.reddit.com/r/mentalhealth/comments/n0ssh4/severe_anxiety_and_drugalcohol_abuse/,always severe anxiety still managed live semi normal life covid got way worse lost job started back drinking couldnt take screwed badly became paranoid everyone got deeper mom child left took lot house money lots furniture never deep shit got nothing left im paranoid got insurance basic welfare got follow alcohol abuse gave chance rehab days since covid hh room badly lot withdrawals effet soon got started back worse living basement father abused young would homeless drugs alcohol soon forget life need real rehab expensive cry night trying kill darn miss son much dont know,severe anxiety drugalcohol abuse
ok0wbf,2021-07-14 15:08:55,mentalhealth,1,2,https://www.reddit.com/r/mentalhealth/comments/ok0wbf/is_it_normal_for_the_child_of_a_man_who_is_an/,view poll,normal child man alcoholic exactly abusive j drinks lot become depressed early age
pjd68o,2021-09-07 07:05:41,mentalhealth,1,1,https://www.reddit.com/r/mentalhealth/comments/pjd68o/probably_going_lowno_contact_with_my_mom_for_a/,disclaimer safe going hurt likely going long post im lot emotional pain right feel sort hole chest ive trying good relationship mom years ive realized ive tiptoeing around emotions years unpredictable sometimes tell im feeling responds well helps feel better sometimes though catastrophic major argument today expressed felt context market buy new car thought im student live grants benefits comfortable living im eyes lenders im reliable candidate really kind loan due fact dont job credit score doesnt report trying pull issues legal name change mom offered cosign claiming wanted help,probably going lowno contact mom tw talk eds suicidegraphic drugsalcohol abuse
lzh148,2021-03-07 07:52:17,mentalhealth,2,1,https://www.reddit.com/r/mentalhealth/comments/lzh148/sorry_for_the_spam_tw_self_harm_alcohol_physical/,happened days ago problem ever since sorry spam usually therapy week therapist couldnt see week ive going downhill randomly got flashback times brother strangled wifi cut nothing distract think mightve panic attack since havent day without thinking randomly get reminded ill suddnely feel hands neck nothing gets happened public already sorry typos lol thinking makes tear yesterday suddenly got filled fear couldnt move brink tears like maybe minutes wasnt good experience yesterday dad opened beer nearly burst tears hes piece shit lol drank got overwhelmed luckily hes alcoholic drank basically seconds lmao thing ive never,sorry spam tw self harm alcohol physical abuse guess im really sure
eq789v,2020-01-18 03:29:51,mentalhealth,5,6,https://www.reddit.com/r/mentalhealth/comments/eq789v/need_help_finding_a_mental_health_facility_that/,sister attempted suicide past weekend care therapist psychiatrist many years substance abuse issues need go drugalcohol rehab seems find insurance company recommend regrets attempt desperate help find looking insurance company anthem blue crossblue shield returned phone calls made wants learn deal traumas throw medicine backstory sister lost mother unexpectedly yearold son years ago within months found nephew dead went wake school mom sister codependent dad died left college shortly close codependent people relationship,need help finding mental health facility drugalcohol abuse
k3a2d9,2020-11-29 19:46:42,mentalhealth,3,2,https://www.reddit.com/r/mentalhealth/comments/k3a2d9/my_depression_alcohol_abuse_heaven_on_phenibut/,dear guys girls dear sufferers dear survivers im suffering depression social anxiety since years old symptoms painful negative thoughts past present future starting right morning open eyes otherwise huge lack drivemotivation anhedonia lack interests almost nothing stimulates lethargy feelings extremely painful inner emptiness restlessness hard explain somehow alive dead body buried alive without able anything cognitive decline focus memory access thoughts body pain makes hard stand sit straight walk keeping body posture walk stairs typical symptoms social anxiety etc medication tried different medications antidepressant neuroleptics venlafaxine trevilor escitalopram cipralex sertraline zoloft paroxetine paxil duloxetine cymbalta opipramol moclobemide,depression alcohol abuse heaven phenibut struggles today
ifi6p9,2020-08-24 09:47:43,mentalhealth,1,2,https://www.reddit.com/r/mentalhealth/comments/ifi6p9/help_trigger_warning_alcoholism_sexual_assault/,im going start saying worst week ive ever thats understatement started last sunday boyfriend wasnt toxic abusive breaking full day talking happy get message thinking itd much hed missed dads cottage instead breakup text dont exaggerate say ive total relationships either toxic ie cheating controlling partners abusive ie sexuallypsychologicallyemotionallyphysically abusive found lot horrible situations believe due poor mental health childhood trauma attracted lot nasty people one recently left pretty much night day difference anyone else id respectful understanding affectionate around genuinely sweet person,help trigger warning alcoholism sexual assault mentions abuse death suicidal thoughts
1gv053r,2024-11-19 21:14:46,mentalhealth,111,48,https://www.reddit.com/r/mentalhealth/comments/1gv053r/how_do_i_stop_myself/,im male ive abused drugs years steroids included typical rebellious teen smoking half joint would smoke iv flakkaaphp random chinese stimulants strongest benzos alcohol lost live years ago parents havent helped time dont blame wanted make happy self medicating getting good grades ive thought suicide lot times time ive thinking seriously foolproof method please feel free judge insult really heard know im junkie cant go public without long sleeves ive infections scars believe bible somehow doesnt bother ill go hell goodbye hope others resist grow,stop
8jcvhd,2018-05-14 20:23:35,mentalhealth,1,3,https://www.reddit.com/r/mentalhealth/comments/8jcvhd/how_to_help_a_family_member_with_manic_episodes/,hello spent mothers day weekend parents house sad learn witness mother relapsed drinking year half sober mentally stable anti anxiety medication following incident involved ambulance hospital visit years prior mother major depressive episodes talking separate occasions weekend resulting concern drunkenness told recently experiencing extreme manic episodes overwhelm thing helps bring back drinking however seems drinking swings extreme opposite side spectrum falls major depression regular doctors appt tomorrow discussing medications ineffectiveness appt psychiatrist weeks hopefully get diagnosis far,help family member manic episodes alcohol abuse
70rh8s,2017-09-18 06:04:48,mentalhealth,3,2,https://www.reddit.com/r/mentalhealth/comments/70rh8s/i_believe_my_boyfriend_is_drifting_towards/,hes depressed anxiety hes angry hes told things hes also wonderful around true self shines ive struggled depression entire life still going substance abuse trials tribulations ive started notice would drink meant make drink strong accident would budget money cutting back food spend ton money alcohol dont live together dont know often actually drinks likes lie drunkenness lie much hes lie drinking admit little find hes increasingly blackout brownout episodes first met alcoholism runs family hes witnessed dad battle ive talked dont like drinking issue college lot socially acceptable drinking go,believe boyfriend drifting towards alcohol abuse
5lxolo,2017-01-04 12:28:56,mentalhealth,0,0,https://medium.com/@sovnaturaldetox/alcohol-and-drug-abuse-ups-the-probability-of-schizophrenia-study-bd9442bd444#.w6c2rv7ag,,alcohol drug abuse ups probability schizophrenia study
11w3y7,2012-10-22 17:29:09,mentalhealth,5,1,http://www.lifeworkscommunity.com/news/blog-wordpress/brain-recovery-after-alcohol-abuse/,,weeks abstinance repairs brain damage alcohol abuse
1ga3zpu,2024-10-23 12:04:21,mentalhealth,44,31,https://www.reddit.com/r/mentalhealth/comments/1ga3zpu/dont_be_afraid_to_take_medication_if_you_need_it/,understand theres lot stigma surrounding benzodiazepines ive mentioned several times heres truth us genuinely need like others require insulin beta blockers conditions like high blood pressure youre like tried everything therapy supplements lifestyle adjustments years still trapped room debilitating anxiety stop waiting seek medication start living life right today time deserve live moment would rather spend next years bedridden people medication strange people accept smoking weed drinking alcohol excess moment take benzo considered wrong thats unfair like benzos weed alcohol longterm effects everything even water drink air breathe contain harmful substances youre constantly worrying,dont afraid take medication need lets break stigma start new life today
1iken9d,2025-02-08 09:38:44,mentalhealth,4,14,https://www.reddit.com/r/mentalhealth/comments/1iken9d/i_want_to_sign_off_my_daughters_custody_to_the/,im suffered depression life throw sprinkle depressed somewhat abusive mother domestic violence relationships latino community mental health seen weakness spending last yrs raising children alone hrs away family cuz dv childrens dad depression ptsd became disability past years youngest lost aggressive behaviors towards many legal issues due drugalcohol use crew troubled friends shes rtc past year begged judge remove home done improvements instead managed find new ways manipulate people ive told unofficially might personality disorder psychopath sociopath cant diagnosed shes adult believe dad might never kept straight since,want sign daughters custody state due aggressive behaviors
10trb4c,2023-02-05 02:36:48,mentalhealth,3,9,https://www.reddit.com/r/mentalhealth/comments/10trb4c/can_you_have_a_peaceful_drug_overdose/,im planning year ahead one year tie loose ends know ill say goodbye wanted know could peaceful overdose slowly fade favorite music collapse arms,peaceful drug overdose
xxlmel,2022-10-07 06:37:51,mentalhealth,1,2,https://www.reddit.com/r/mentalhealth/comments/xxlmel/if_you_have_ever_been_hospitalized_for_a_drug/,title,ever hospitalized drug overdose first thoughts woke
4m73ym,2016-06-02 18:50:36,mentalhealth,0,0,http://www.wral.com/should-nc-schools-carry-overdose-reversal-drug-/15716666/,,nc schools carry overdose reversal drug
1bpgvni,2024-03-28 05:13:36,mentalhealth,23,67,https://www.reddit.com/r/mentalhealth/comments/1bpgvni/should_i_leave_my_comfortable_sixfigure_job_to_be/,hello hope dont end writing opening getting crickets putting words may therapeutic thought give shot dont post reddit even though ive consumer years first genuine attempt connect others platform feel like title speaks nonetheless provide much context within reason hopes allow fruitful discussion possible ill share details background dilemma currently find goes nothing thanks reading know lot highlevel overview im decent tech sales position allows great flexibility income work solely home company india dont enjoy sell analytics software big medical institutions yawn live midwest winter almost months year deeply u,leave comfortable sixfigure job homeless im brink losing hope life needs change need end
1icklmz,2025-01-29 08:57:31,mentalhealth,18,8,https://www.reddit.com/r/mentalhealth/comments/1icklmz/if_i_share_my_suicide_plan_would_my_therapist/,im dark place right im plagued thoughts ending life plan directly involves job work emt result direct access various drugs could theoretically use end life painlessly well technical knowledge current plan involves intentional overdose medications want seek help really im afraid share details plan therapist though report potentially costing job despite obvious stress job truly things world brings real joy fulfilment cant imagine losing live mn makes difference,share suicide plan would therapist need report potentially costing job
1iswa0d,2025-02-19 09:22:04,mentalhealth,4,4,https://www.reddit.com/r/mentalhealth/comments/1iswa0d/rock_bottom_and_trapped/,forced return hometown couple years ago biggerbetter city couple years ago ive deteriorated since physically mentally professionally personally colossal shock system return iowa california especially trans instant loss independence city loved put emotional shutdown state lasted may recently hate hometownstate always felt disconnected family unwelcome change honestly uncle flew drive medrag back across country iowa procured drugs open air drug market gonna overdose recognized id employment prospects hope would likely end trapped thats left first placeknowing coming trap sent overwhelming despair happened emotional shutdown state year half cope shattered,rock bottom trapped
1je9nui,2025-03-18 22:22:56,mentalhealth,1,0,https://www.reddit.com/r/mentalhealth/comments/1je9nui/marijuana_as_medicine_alcohol_as_drug/,get people want legalize marijuana seems campaign make marijuana drug mental health misguided harmful mean society believe marijuana safe drug mental health problems also believe alcohol considered maladaptive dangerous behavior psychological effects similar marijuana tends even extreme effects classified hallucinogen understand alcohol addictive marijuana also addictive marijuana use disorder diagnosable mental health disorder also understand one overdose alcohol though marijuana potential overdose stopped prescribers using drugs hello opioids main worry fight legalize recreational drug many people created inaccurate portrayal usefulness mental health therapist im concerned society,marijuana medicine alcohol drug
1iwo6cz,2025-02-24 05:17:20,mentalhealth,1,0,https://www.reddit.com/r/mentalhealth/comments/1iwo6cz/this_getting_too_much/,long time depressed recently hasnt bothered lately im feeling alone isolated im getting point dont want alive anymore reach friends try get help ignore dont reply friends know im going dont care message call im antidepressants dont seem helping im starting wonder even bother taking person seems care therapist pay reason care im paying considering hanging drugging car running closed space completely overdosing oxys feel like everyday nothing seems get better,getting much
1io5440,2025-02-13 05:00:00,mentalhealth,1,0,https://www.reddit.com/r/mentalhealth/comments/1io5440/the_past_year_has_been_the_worst_of_my_life/,transgender female ever since october life shit sister got drugged ketamine twice watched nearly die overdose mom diagnosed cancer noe know wont survive lost countless friends year transitioning publicly wont help,past year worst life
1ievco9,2025-02-01 07:11:02,mentalhealth,1,0,https://www.reddit.com/r/mentalhealth/comments/1ievco9/help_with_my_mom/,mother diagnosed years ago bipolar disorder long road ups downs family husband kids grandkids went beyond help checked places tried get help would stabilize would come home never great taking meds awhile wont around yrs ago became violent paranoid started talking started physically assaulting us accusing us always stealing prescribed klotopin stealing truck hearing things talking shes used truck weapon tried several us arrested false allegations usually ended going pulled guns shot house recently tried chop head machete believe always released hrs thought cutting machete would,help mom
1hytat1,2025-01-11 16:07:26,mentalhealth,1,0,https://www.reddit.com/r/mentalhealth/comments/1hytat1/tips_for_loved_ones_after_od_attempt/,advice needed girlfriend f took high risk amount drug two days ago dont know handle situation didnt want die gone bit noise head stop drug often causes death taking overdose low blood pressure elevated heart rate could lead lasting complications coma fact wanted gone bit disheartening texted went house found called emergency services went hospital stressful day day beginning im super stressed leaving alone putting phone flight mode sleep habit theres element broken trust wonder relationship harm etc love much know loves didnt want harm super scared apologetic ive scouring internet tips handle,tips loved ones od attempt
1h0ved9,2024-11-27 09:23:33,mentalhealth,5,2,https://www.reddit.com/r/mentalhealth/comments/1h0ved9/i_am_an_asshole_pathological_liar_narcissist_and/,yeah bro clue fuck say im fucking losing really one talk shove everyone away clue make friends im fucking alone doesnt help im unloveable piece shit lie mom gives many chances every time get caught feel worse worse days go surrounded people laughter fun yet excruciatingly slow feel like im taunted behind back double crossed people think laugh dark time want love someone im lazy unmotivated pursue want wont back cause im asshole reason want feel loved feel like cant cant love anyone everytime get caught lie cry mom thinks get trouble got therapist virtual house dont feel like,asshole pathological liar narcissist never anything
1hbhyun,2024-12-11 06:54:42,mentalhealth,1,0,https://www.reddit.com/r/mentalhealth/comments/1hbhyun/should_i_hide_my_medication_from_my_family_or/,hi everyone im yearold woman ive struggling vulvodynia nearly four years got diagnosed two months ago visiting many unhelpful professionals condition caused severe pain issues relationship family hasnt supportive delayed medical appointments insisted would pass even made uncomfortable jokes eventually started going doctors alone using savings years finally got diagnosis im pelvic floor rehab specialized center referred gynecologist prescribed supplements gels antidepressant drops amitriptyline local benzodiazepine eggs neuropathic pain asked last two necessary said yes heres problem im terrified medications aunt passed away six months ago overdosing similar drugs long struggle depression parents strongly believe medications caused death,hide medication family tell
1h8uhwo,2024-12-07 20:42:51,mentalhealth,1,0,https://www.reddit.com/r/mentalhealth/comments/1h8uhwo/cant_fix_my_shit/,hello dont know cant find job girlfriend giving roof food cant forever year ago dating ex mentally abusive months moved montana hawaii virginia applied jobs life cant find anything feel hopeless point like idgaf feel hopeless get urge start laughing dont know dont want die even get break mom overdosed grandma raised til moved dad introduced alcohol weed moved back forth til went job corps people would bully left abusive ex thats history im struggling substance abuse mostly weed cant even fun without dont ill use whatever else,cant fix shit
1h138q5,2024-11-27 18:03:24,mentalhealth,1,0,https://www.reddit.com/r/mentalhealth/comments/1h138q5/my_friend_needs_serious_help/,friend currently overdosing plans commit suicide using drugs cant get call suicide hotline dont know inperson amazing friend dont wanna lose,friend needs serious help
1gxmf83,2024-11-23 05:38:13,mentalhealth,1,0,https://www.reddit.com/r/mentalhealth/comments/1gxmf83/im_feeling_overwhelmed_pt_1/,dont know begin find words enough overbearing feel like failure feel like curse feel like whole existence cursed parents dead drug addict disabled former drug addict narcissist dead parent mom raised clean years dad deadbeat asshole uses pity guilt trips manipulation ruined relationship saint grandmother evil grandpa hides behind religion excuse wash awful shit kids abandoning grandkids suffered aunts uncles parents drug addicts grandparents enablers also toxically controlling religiously delusional athiest love getting constant religious pressure cultish lack rationality feeling sorry faith wasnt younger siblings cousins wouldnt hel,im feeling overwhelmed pt
1glvjpg,2024-11-07 22:42:57,mentalhealth,5,1,https://www.reddit.com/r/mentalhealth/comments/1glvjpg/at_the_age_of_26_im_realizing_i_have_unresolved/,throwaway ill probably use vent every feel like one else talk already much want say ill try lol brief moved florida last year lived nyc life ive struggled depression ever since teen honestly good reason qrd parents addicts met na father alcoholic remains sober today mother popped pills xanax methadone opiates heroin crack also diagnosed bipolar disorder would frequently episodes house would constantly argue father tried earnest get stop drugs would get verbally abusive cases physically abusive towards father one case attempted kill father trying stab heart luckily missed hit shoulder instead lot shit,age im realizing unresolved trauma
1guf9kw,2024-11-19 02:24:30,mentalhealth,1,0,https://www.reddit.com/r/mentalhealth/comments/1guf9kw/i_dont_know_what_to_do_anymore/,dont know start ever since happened whole reality changed dont know whats real anymore back march year sat smoke weed brother like usual time different weird feeling mom came room gave brother weed asked go get said california started thinking laced fentynal since california fentynal rampid thought overthinking made joke laced brother calmed saying took hit came inside would died already showing symptoms laced took hit everthing started get weird started saying things character went bathroom look stuck tongue saw green looked brother fear asked tongue green replied,dont know anymore
1gk1o6s,2024-11-05 13:23:50,mentalhealth,1,0,https://www.reddit.com/r/mentalhealth/comments/1gk1o6s/just_a_quick_rant_thanks/,weird complicated story psychiatric hospital stays choosing separate family bunch addictions like overcoming serious serious drugs well sexual trauma normal family ive grown learned overcome yet still sometimes get moods like feel horrible excessively drink sometimes slip sobriety loving amazing successful boyfriend parents literally helped us get freaking house together plus awesome cat want readers know time feel truly happy thought would never staying fucking worth want pass away fear biggest worry best version sometimes hard feel bad excessively drink worry slip anyone advice would appreciate id also like tell yall even tho,quick rant thanks
1fxcual,2024-10-06 15:08:37,mentalhealth,1,0,https://www.reddit.com/r/mentalhealth/comments/1fxcual/being_admitted_to_the_psych_ward_a_few_days_after/,ill keep short simple attempted overdose percocet cocaine valium happens prescribed valium clearly failed attempt im still go get admitted psych ward discard common drug user im common drug user,admitted psych ward days failed attempted suicide attempt thoughts
1605thr,2023-08-24 21:25:13,mentalhealth,400,148,https://www.reddit.com/r/mentalhealth/comments/1605thr/how_do_i_explain_my_burnout_to_youre_just_lazy/,burnout also depression im dont job could theoretically work job would perform well job possibly get fired unproductive would also harm good main reason dont job job would drain time energy desperately need work physical mental health also todo list home cannot handle responsibilities currently much im already fighting battle wanna attempt work even harder physically possible often get judged dont job studying dont reply dont time energy job whatever want reply im lazzy privileged guess someone always mentally healthy cannot understand feels like unmotivated,explain burnout youre lazy people
1ip0s8v,2025-02-14 08:23:22,mentalhealth,4,8,https://www.reddit.com/r/mentalhealth/comments/1ip0s8v/how_do_i_reverse_burnout_without_resting/,know know way much shit even take single moment rest im busy cant keep everything feel burning cant afford right much stake cant quit heres im try mitigate burnout daily meditation stretching minimal exercise dont time work minutes therapist friends eating enough food taking meds time trying spend less time social media usual emphasis trying else im lying bed much work cant bring get im nervous get right work cant know im burning experienced also entire body hurts nonstop tense past couple weeks,reverse burnout without resting
1jjci2a,2025-03-25 11:17:15,mentalhealth,1,2,https://www.reddit.com/r/mentalhealth/comments/1jjci2a/severe_burnout/,hello everyone recently ive feeling demotivated anything even getting bed hard like past couple weeks im writing im sure condition could history depressed go cycles depression lifted mood cyclothymia thing dont feel sad although ive noticed ive suffering mood swings recently im thinking burnout extremely intense school schedule last year uni havent day since january spend minimum hours school every day study exams top overwhelming cant seem get anything done want get slump ive weeks realistically want proper rest care attending lectures school almost last weeks id rather rest exams start thank,severe burnout
1j6jdcx,2025-03-08 20:51:56,mentalhealth,2,4,https://www.reddit.com/r/mentalhealth/comments/1j6jdcx/how_to_help_with_burnout/,hey everyone feeling burned years try hobbies exercise still feel like im exhausted guys tips suggestions,help burnout
1jkc4nj,2025-03-26 19:15:34,mentalhealth,2,1,https://www.reddit.com/r/mentalhealth/comments/1jkc4nj/absolute_burnout_how_to_handle/,im yo graduate ba msc graduated last september jobs ive temporary field current job customer service get screamed nigh hours day im also house hours day meaning get hours free time end day isnt really free time however im small room partner loudly gaming meaning get around hours sleep night weekends get free time unless something family get met disagreements arguments im engaging enough easily applied least jobs months ive gotten nowhere despite meeting careers consultants tweaking cvs cover letters dangerously close quitting current job anything know likely struggle get job ill also money,absolute burnout handle
1jk51uc,2025-03-26 11:29:50,mentalhealth,1,1,https://www.reddit.com/r/mentalhealth/comments/1jk51uc/homebody_or_burnout/,first time years ive working finally gave job work home given worklife balance wanted job come challenges overall great already homebody come recently people life think ive changed dont want make plans anymore wfh would constantly try find reasons go things social battery low dont see anything wrong thing im treated like avoid plans feel like im homebody thing even currently trying future cancel plans family dont want planned thought driving hour day trip mom planned doesnt sound appealing homebody side burntout surprise third option,homebody burnout
1io866a,2025-02-13 07:26:08,mentalhealth,6,6,https://www.reddit.com/r/mentalhealth/comments/1io866a/anyone_else_recovering_from_workplace_burnout/,im six months recovering severe workplace burnout decade corporate world hit rock bottomburned disconnected drowning drinking depression im therapy practicing yoga meditating reading slowly rebuilding healthier habits ive cut toxic ties quit binge drinking focused inner peace helped lot im still strugglingphysically mentally emotionally days feel like progress others like im stuck exhaustion youve burnout long take feel like helped would love hear others going im victim im survivor feel alone thanks,anyone else recovering workplace burnout need support
1j5pf5i,2025-03-07 20:05:05,mentalhealth,1,3,https://www.reddit.com/r/mentalhealth/comments/1j5pf5i/preventing_burnout/,wanted ask anyone tips preventing burnout life working part time receptionist incredibly laid back relatively slow paced im going starting full time store associate local retail pharmacy itll much fast paced lot customer interaction im used fake outgoing customers alright introvert incredibly draining im nervous completely sucking life start working full time advice avoiding burnout managing feel exhausted outside work live life thank much time,preventing burnout
1j9n9wp,2025-03-12 21:25:26,mentalhealth,8,1,https://www.reddit.com/r/mentalhealth/comments/1j9n9wp/burnout/,difficult session therapy therapist landed fact burnt almost two years balancing job tolerate worrying finances grieving loss grandmother mother knew burnt extent almost makes feel ashamed didnt anything earlier help hard work boss constantly praising employees work work work instead learning okay balance work life fit needs tough situation always want put best foot forward please others always knew mental health needed come first cant show supposed show others rough spot,burnout
1jh6h51,2025-03-22 17:05:53,mentalhealth,1,0,https://humansinsystems.com/blog/you-dont-have-to-burn-out-to-deserve-a-break,tech job burned years ago took write know could write without flooding emotions wanted useful others week glad responses received wanted drop,years managed write burnout
1j83lar,2025-03-10 22:34:32,mentalhealth,3,1,https://www.reddit.com/r/mentalhealth/comments/1j83lar/solo_retreat_to_recover_from_burnout/,past month experiencing burnout mental exhaustion fatigue point motivated comprehend new information problem solve push highstakes project work motivated person finding depressing need optimal way recover talking therapist considering taking medical leave pursue solo retreat ive previously done solo retreat id really appreciate insights right experience spent time researching would really appreciate suggestions preferences listing ideal envisioned experience flexible options guided sessions meditation mindfulness help reset retreat involves nature immersion fresh air lush trees ability spend time solitude program thats rigid enjoy scenic view body water lakeocean ideal time duration days prioritizi,solo retreat recover burnout
1j7zhsp,2025-03-10 19:40:34,mentalhealth,1,1,https://www.reddit.com/r/mentalhealth/comments/1j7zhsp/burnout_in_healthcare_professions/,hi everyone im planning making game burnout masters try raise awareness problems ive seen healthcare one areas highest rates burnout wanted make game managing difficult challenges found area well symptoms id grateful anyone experience healthcare experience burnout knows anyone could give feedback could tackle subject game format believe important things talked mechanics could help convey problem,burnout healthcare professions
1iucbwy,2025-02-21 04:42:11,mentalhealth,2,3,https://www.reddit.com/r/mentalhealth/comments/1iucbwy/burnout_in_college/,im college student junior medical major im already reaching burnout semester major exams lab practicals every week either exams studying like crazy get good sleep pa try eat good dont get exercise lot exhausted mentally physically time recently ive feeling irritable grumpy right wake continues throughout day anybody ideas tips try make time leisure hard also dont abilityopportunity take break school,burnout college
1j9nrwl,2025-03-12 21:45:44,mentalhealth,1,0,https://www.reddit.com/r/mentalhealth/comments/1j9nrwl/burnout_healing_work/,burned last year many years working hour weeks healing cptsd depression anxiety gone end relationship devastated also experienced super fun workplace bully prior employer left earlier year parttime job cannot focus really dont care job anymore sit computer stare though dont know sucks im actually dream job best boss ever supportive interested professional development etc challenges ways ive never challenged im exhausted dont even want think tell dosaythink whatever job strategic people facing ive applying jobs grocery stores etc something mundane cant even get calls back education level sigh,burnout healing work
1j86npb,2025-03-11 00:39:31,mentalhealth,1,0,https://www.reddit.com/r/mentalhealth/comments/1j86npb/feeling_burnout_after_5_months/,therapist answer much itll take recover things keep happening brings progress long take recover severe burnout top working later fired nearly slavery job fault know elderly dad latestage cancer alcoholic relapses conditions worsens every week new thing brings back nearly square one told therapist im tired want put induced coma least months dont know long going experience burnout please someone say also took months recover burnout feel like waste everything im tired life doesnt pause button need one emotional outbursts one wants hear dont judge im negative could talk cant itll worry touch subjects theyre mea,feeling burnout months
1j0ru64,2025-03-01 10:32:59,mentalhealth,2,1,https://www.reddit.com/r/mentalhealth/comments/1j0ru64/for_those_struggling_with_burnout_in_school/,really felt need come post youre highschool college grad whatever feel familiar weight burnout pressing know define school root cause stress peoples lives reality outside school nobody cares grades badly flunked test mental health worth anxiety fear get racked find either hopeless trying hard could throw ex advanced economics class failing tried hard bring didnt understand material spent hours individual assignments tests would talk teacher fellow students nothing would help something learned grades determine success life people graduate diploma earn degrees never end touching others drop become success,struggling burnout school
1g43yxh,2024-10-15 15:21:24,mentalhealth,4,18,https://www.reddit.com/r/mentalhealth/comments/1g43yxh/what_small_daily_habits_help_you_manage_stress/,routines small actions take throughout day keep burnout bay whether mindfulness techniques quick breaks exercise something else id love hear works habits helped daily life,small daily habits help manage stress avoid burnout highpressure environments
1j1o0c8,2025-03-02 16:02:01,mentalhealth,3,0,https://m.youtube.com/watch?v=kfHyU8F0pZ8,,struggling keep going could save total burnout
1inn94e,2025-02-12 15:02:09,mentalhealth,2,1,https://www.reddit.com/r/mentalhealth/comments/1inn94e/how_do_i_achieve_everything_i_need_help_with/,hi everyone asking tips advice schedule handling stress life preface work online business english tutor dayi used work couldnt speak workday pays okay country im overwork pay great also gigs light designer sometimes pays okay work long timethe whole night usually weekends current started hr internship takes four hours daily teaching english online sustainable career also final extended year studiesth year set graduate year also study canat least study sessions per week partner planning move portugal next year save enough money apply feel like im brink exhaustion burnout important thing education taking back seat well mental health,achieve everything need help organizing im brink burnout
1isde60,2025-02-18 19:34:43,mentalhealth,1,0,https://www.reddit.com/r/mentalhealth/comments/1isde60/am_i_burnout_or_lazy_depressed/,hello im f works medical field issue years think getting worse constantly feel overwhelmed negative life point say bed eat horrible things wont shower brush teeth love water showering feels like chore getting going bathroom feels like chore therapist psych given medication depression hasnt really helped issues dont feel suicidal need harm dont want go work anymore dont want take care house unfair husband child ask lazy like fix gross cant shower everyday ill honest want quit job stay home baby husband working hard isnt possible life today burnout fix,burnout lazy depressed
own79d,2021-08-03 02:03:09,suicidewatch,302,2,https://www.reddit.com/r/u_RedditCareResources/comments/own79d/get_support_for_yourself_or_other_people/,youd like talk someone confidential mental health support free available inside us crisis text line text chat suicide crisis lifeline call text youre outside us find resources location youre ready talk someone yet help youre feeling suicidal ask help youre thoughts suicide additional resources helping others help someone know whos talking seriously hurting considering suicide,get support people
1iztqij,2025-02-28 04:59:45,suicidewatch,959,175,https://www.reddit.com/r/SuicideWatch/comments/1iztqij/shut_up_with_the_suicide_is_a_permanent_solution/,youve suicidal years starting become lot less temporary,shut suicide permanent solution temporary problem bs
1di3f7s,2024-06-17 22:44:18,suicidewatch,1441,297,https://www.reddit.com/r/SuicideWatch/comments/1di3f7s/my_daughter_is_13_years_old_and_just_attempted/,beautiful year old daughter attempted suicide days ago young cant believe never saw coming swallowed tablets wont name started delusions hallucinations went would call psychosis scariest moment life still hospital treating medical side things mad taking hospital saving said wants die trauma history abuse comes loving family lots friends scared dont know im scared feel way forever life hospitals succeed taking life dont even know im writing needed get guess,daughter years old attempted suicide
134xbb3,2023-05-02 00:01:49,suicidewatch,1989,254,https://www.reddit.com/r/SuicideWatch/comments/134xbb3/why_does_my_mind_go_straight_to_suicide_every/,like honestly common every time problem dont know solve think suicide answer sometimes feels like entire life waiting death anyone else,mind go straight suicide every time im extremely upset
1irymt7,2025-02-18 05:14:26,suicidewatch,409,173,https://www.reddit.com/r/SuicideWatch/comments/1irymt7/this_is_my_suicide_note/,write im looking noose tied belt closet im done im going walk inside ill never walk mum dad reading im sorry couldnt live mental torture anymore unbearable amount drugs talking could fix leave everything im sure much closure probably wont help know love much never wanted disappoint im sorry mistakes made life im sorry bad things said truly wish could take back finally im sorry leaving alone never intention cause sadness im truly sorry wonderful amazing fantastic parents hope find peace really deserve deserve everything good give dogs hug goodbye,suicide note
v1wp7i,2022-05-31 23:54:27,suicidewatch,2302,239,https://www.reddit.com/r/SuicideWatch/comments/v1wp7i/my_psychiatrist_telling_me_that_suicide_is_a/,,psychiatrist telling suicide permanent solution temporary problem turning around tell depression incurable likely require lifetime therapy medication
1j7joxj,2025-03-10 04:04:45,suicidewatch,800,60,https://www.reddit.com/r/SuicideWatch/comments/1j7joxj/its_so_weird_being_suicidal_and_not_a_teen_anymore/,like teen least sure someone would care death think could rotting least week even someone noticed id gone,weird suicidal teen anymore
1g9n4sx,2024-10-22 22:30:37,suicidewatch,947,74,https://www.reddit.com/r/SuicideWatch/comments/1g9n4sx/switching_from_passively_suicidal_to_actively/,anyone else feeling find somewhat relatable passively suicidal months yesterday exceptionally awful day slept super late forgot scheduled work couldnt get dressed couldnt leave house tried fix bike ended breaking even gave pretty much selfsabotaging vices drugs porn shitty food video games name swear something snapped cried ridiculous amount throughout day spent rest night feverishly reading suicide actually figured gameplan found whole document outlining specifics answered little questions sorry sharing dont even ask plus backup option case im desperate enough something quicker im stage acquiring materials getting affairs order since got suicide method figured im strangely upbeat,switching passively suicidal actively suicidal actually gave relief
1iu6z2q,2025-02-21 00:57:22,suicidewatch,436,90,https://www.reddit.com/r/SuicideWatch/comments/1iu6z2q/told_my_mom_im_suicidal/,mocked oh really quit whining youre always melodramatic grow get think im happy youve done nothing life think im mean im mean enough wish never born tough shit im hiding covers cant stop crying needed mothers comfort im suicidal im planning thinking ill im scared im much pain little one reason living im thinking would better without shes reason die save please tell im alone moms comfort feel like little girl scared alone please tell okay shes going house humming happy havent seen happy well idk long think fun mean heart broken idk put back together,told mom im suicidal
qlw1yy,2021-11-03 20:16:26,suicidewatch,1707,258,https://www.reddit.com/r/SuicideWatch/comments/qlw1yy/why_are_other_suicidal_people_so_nice_and/,kind paradoxical people want kill people capable relating stopping others killing maybe want see people pull maybe gives us hope maybe gives us purposeor maybe think lowly dont wish anyone feel way im sure need ensure others cared even arent depressed im saying please dont become torture,suicidal people nice understanding still wanting kill
ppjowo,2021-09-17 00:32:05,suicidewatch,2259,192,https://www.reddit.com/r/SuicideWatch/comments/ppjowo/im_a_fullyfunctioning_suicidal/,get bed prepare breakfast leave house go work work decently talk people around get home take shower prepare dinner sleep routine normal person except think killing work thinking methods go sleep thinking people would react prepare food im setting dates die take shower think proper suicide letter live dont want live feel completely alien society edit today went psychologist told feelings working thank kind comments,im fullyfunctioning suicidal
1bmwnhm,2024-03-25 03:24:46,suicidewatch,499,265,https://www.reddit.com/r/SuicideWatch/comments/1bmwnhm/i_got_my_fake_gun_and_i_am_going_to_use_it_to_do/,took years get girlfriend left months didnt experience navigating women even met weridest circumstances literally get zero matches online dating women wont even give chance gave chance shes gone life going end,got fake gun going use suicide cop
1iet6bx,2025-02-01 05:25:12,suicidewatch,332,99,https://www.reddit.com/r/SuicideWatch/comments/1iet6bx/how_the_fuck_is_it_possible_that_im_suicidal_but/,like want die im terrified want go peacefully like sleep way actually scares shit feeling edit maybe im actually afraid think want die,fuck possible im suicidal also afraid death
1ijjf9s,2025-02-07 07:03:37,suicidewatch,514,66,https://www.reddit.com/r/SuicideWatch/comments/1ijjf9s/im_a_functional_suicidal/,get outta bed eat breakfast good grades college gf friends family feel depressed time thoughts began started college got bad yesterday held gun head almost pulled trigger got interrupted call whole day yesterday today ive researching painless way kill havent gone sleep gun still bed im afraid ill go back please help,im functional suicidal
1gktgx0,2024-11-06 13:32:01,suicidewatch,986,50,https://www.reddit.com/r/SuicideWatch/comments/1gktgx0/the_boy_i_loved_committed_suicide/,met psych ward struggling grief sister committed suicide struggling sexually assaulted family friend met immediately clicked celebrated nd birthday facility halloween baby shared special connection always checking one another hed tell things didnt tell anyone else wed agreed wed always one another well committed suicide november st year day th birthday cared much never felt way anyone much never got say tried take life met told failed hed different ever tried assured wouldnt said much live hes gone im broken cant imagine never seeing speaking want die,boy loved committed suicide
1ewzfja,2024-08-20 21:34:16,suicidewatch,271,215,https://www.reddit.com/r/SuicideWatch/comments/1ewzfja/18_hrs_left_till_i_commit_suicide/,title suggests going hang hrs nothing look forward life feel bad parents sorry couldnt become proud son wanted,hrs left till commit suicide
jnrz57,2020-11-04 12:18:44,suicidewatch,2775,146,https://www.reddit.com/r/SuicideWatch/comments/jnrz57/if_you_were_actually_suicidal_youd_have_killed/,fuck fuck fuck absolute dumbass fuck else want validate actually fucking die point know planning im trying fucking hold little left im still apparently telling truth bullshit im exhausted hearing literally everything reach apparently attention seeking faking self harm cope people still say im attention seeking dont care wont believe im dead,actually suicidal youd killed already tell anybody fuck offfffff
1g5jueq,2024-10-17 11:09:21,suicidewatch,790,58,https://www.reddit.com/r/SuicideWatch/comments/1g5jueq/teen_daughter_tried_to_commit_suicide_found_her/,throwaway account daughter tried commit suicide sunday night taking lethal dose tylenol advil luckily school hitting suicide hot line pretty hard students texted taking pills able convince give address wife home idea frantic police man came door long story short survived permanent damage started inpatient care yesterday went thru phone texts hot line indicate feelings two years started going thru room today found note addressed best friend didnt even mention wife gut punch blue great kid fantastic grades lots friends well liked school highly empathetic towards others texts hot line guilt ridden good life,teen daughter tried commit suicide found suicide note today
1frpof6,2024-09-29 03:49:37,suicidewatch,522,89,https://www.reddit.com/r/SuicideWatch/comments/1frpof6/suicide_is_scarier_the_closer_it_is_ending_it/,isnt cowards way really isnt even though im unbelievably fortunate method relatively painless quick unassuming enough look gruesome part scared used say peaceful method itll easy time come really naive believe afterlife consciousness death honestly dont mind unaware im troubled im asleep people reading sorry trapped atrocious circumstances suffering war unjust treatment domestic violence inescapable poverty loneliness crimes humanity terror biological gender resources support transition many injustices deserve world unabashedly brutal horrible im disheartened disgusted world live see youre trying defend fire forces great,suicide scarier closer ending soon somebody
cz6nfd,2019-09-03 21:19:51,suicidewatch,1776,248,https://www.reddit.com/r/SuicideWatch/comments/cz6nfd/new_wiki_on_how_to_avoid_accidentally_encouraging/,weve seeing worrying increase prosuicide content showing also going unreported undermines purpose wanted highlight clarify guidelines direct indirect incitement suicide weve created wiki covers issues hope helpful anyone whos wondering whether somethings okay responses report explains detail validation suicidal intent even innocent message like youre committed ill wish peace likely increase peoples pain important report even subtle prosuicide comments full text wikis current version maintained rsuicidewatchwikiincitement deeply appreciate everyone gives responsive empathetic nonjudgemental support ops particularly thank everyone whos already reporti,new wiki avoid accidentally encouraging suicide spot covert incitement
v1wp7i,2022-05-31 23:54:27,suicidewatch,2302,239,https://www.reddit.com/r/SuicideWatch/comments/v1wp7i/my_psychiatrist_telling_me_that_suicide_is_a/,,psychiatrist telling suicide permanent solution temporary problem turning around tell depression incurable likely require lifetime therapy medication
ntksx4,2021-06-06 18:06:39,suicidewatch,1393,110,https://www.reddit.com/r/SuicideWatch/comments/ntksx4/you_are_not_depressed_you_are_lazy_these_words/,others said lazy depressed feel lot negative thoughts suicidal thoughts daily basis like living heavy weight chest invisible,depressed lazy words haunt due afraid approaching others help
12gwm20,2023-04-10 03:06:10,suicidewatch,710,104,https://www.reddit.com/r/SuicideWatch/comments/12gwm20/i_quit_my_job_because_it_made_me_suicidal_but_now/,drink day dont even enjoy rot,quit job made suicidal im depressed unemployed
rmwofo,2021-12-23 19:50:44,suicidewatch,881,136,https://www.reddit.com/r/SuicideWatch/comments/rmwofo/what_is_the_point_of_venting_if_people_dont_wanna/,,point venting people dont wanna see depressing shit time
v4npnv,2022-06-04 17:49:15,suicidewatch,1019,89,https://www.reddit.com/r/SuicideWatch/comments/v4npnv/i_wish_depression_was_a_physical_illness_too/,robbed everything made life worth living alone destroyed done yet depression isnt going finish job snuffing life thats something worst thing hoping death come naturally could limp years years years half life depression isnt going end ffs comfort knowing dont suffer like long depression soon kill need need end im sure guts,wish depression physical illness
17ue3qf,2023-11-13 21:43:55,suicidewatch,302,120,https://www.reddit.com/r/SuicideWatch/comments/17ue3qf/is_it_better_to_have_a_depressed_unemployed_son/,thinking seriously suicide im ive tried hard long tell best im going able limp along life alone depressed unemployed possibly living streets point one thing always comes suicide affect surviving family family consists mother father wonder could actually feel relief knowing im suffering anymore parents thoughts,better depressed unemployed son son
r5529o,2021-11-30 02:08:36,suicidewatch,658,113,https://www.reddit.com/r/SuicideWatch/comments/r5529o/i_am_suicidal_and_i_feel_that_you_can_only_really/,thanks great support get comunity saved life,suicidal feel really talk suicidal people suicide depression
1g69i0i,2024-10-18 09:30:04,suicidewatch,172,39,https://www.reddit.com/r/SuicideWatch/comments/1g69i0i/suicidal_people_just_help_other_suicidal_people/,others live world goes favour one suicidal person connecting another suicidal person depressing thought live,suicidal people help suicidal people depressing
ceaoml,2019-07-17 15:16:58,suicidewatch,602,128,https://www.reddit.com/r/SuicideWatch/comments/ceaoml/depression_ruined_my_personality_and_my_mind/,edit see please switch new filter sw homepage refresh comment latest posts might help need thank everyone reaching making feel less alone im overwhelmed positive responses guess people malicious keep spreading love redheart depression made dumb uninteresting made stop reading books made stop learning caused spend days like zombie caused amnesia literally caused brain shrink worst effect years fucking brain lost mind lost quirky weird fun personality lost cultured nerd used grow getting bullied nerd weird poisoning mind mindless activities tv grew lost qualities supposed make cool life cool friends finally wanted,depression ruined personality mind
yu47pi,2022-11-13 20:36:17,suicidewatch,334,92,https://www.reddit.com/r/SuicideWatch/comments/yu47pi/genuine_question_is_it_possible_to_die_of/,,genuine question possible die depression without suicide like straight intense sadness
17d9lsv,2023-10-22 00:24:28,suicidewatch,345,51,https://www.reddit.com/r/SuicideWatch/comments/17d9lsv/why_being_depressed_is_addictive/,like idk explain depressed suicidal like comfortable feel safe relaxed im depressed suicidal weird tbh,depressed addictive
1hv8bmh,2025-01-07 01:34:28,suicidewatch,57,27,https://www.reddit.com/r/SuicideWatch/comments/1hv8bmh/over_20_years_depressed_and_suicidal_think_im/,suppose want say somewhere soon dog passes im removing life turning past year fighting depression since teens desire remain world evil surrender depression win,years depressed suicidal think im ready
hr1jk3,2020-07-14 19:00:14,suicidewatch,960,58,https://www.reddit.com/r/SuicideWatch/comments/hr1jk3/last_year_i_was_miserable_and_depressed_but_i/,im depressed miserable,last year miserable depressed turned shit around year
kdtdoh,2020-12-16 01:39:35,suicidewatch,851,54,https://www.reddit.com/r/SuicideWatch/comments/kdtdoh/i_fucked_up_and_let_my_depression_take_my/,thank read every single response thread thankful save reread later doubts come back know youve made difference life original fuck im retard anything useful society cant even anything useful logged hours fucking video games escape shitty homelife nothing show im much fucking coward hang keep thinking xb xb,fucked let depression take highschool years away socially academically zero friends lagging behind years
1inv612,2025-02-12 22:09:30,suicidewatch,36,17,https://www.reddit.com/r/SuicideWatch/comments/1inv612/depressed_and_suicidal/,f feeling really low lately nothing look forward life always one would assure people alright friends would confide problems things bothered would without judgmental would check okay care much everyone single lonely relationship ended years ago since single almost friends married kids planning family etc happy happy everyone good life wish someone cared genuinely difficult horrible decent job really good work used enjoy got appreciations dont even like anymore making progress work well good thing going life loosing area brain messed always helpful types,depressed suicidal
1ipgdka,2025-02-14 23:19:09,suicidewatch,34,17,https://www.reddit.com/r/SuicideWatch/comments/1ipgdka/26_year_old_sad_depressed_and_broken_loser_here/,dont think ever able hold job life think sad depressed broken inside skill talent desire motivation anything life born loser guess us born failure,year old sad depressed broken loser
1i2gbof,2025-01-16 09:25:08,suicidewatch,5,24,https://www.reddit.com/r/SuicideWatch/comments/1i2gbof/why_do_i_feel_so_alone_and_depressed/,great gf got great new job great family support yet ive never felt alone depressed whole life nights cry sleep terrible anxiety panic attacks started recently never recently ive fought depression whole life never bad lately ive lot suicidal thoughts dont want die yet think time nothing makes sense anymore im confused lost getting worse,feel alone depressed
110z3em,2023-02-13 09:44:51,suicidewatch,428,46,https://www.reddit.com/r/SuicideWatch/comments/110z3em/ive_come_to_the_conclusion_i_cant_kill_myself_and/,imagined closing garage door starting car sitting seat listening favorite music soon fall asleep never deal pain life never ill never experience depression anxiety suffering id leave planet bliss thought damage id loved ones imagined finding dead car calling ambulances get try resuscitate front dad mom cant imagine horror dread theyd feeling cant put watch daughter wheeled away ambulance dead cant bring ive come conclusion continue living life hate despite hard depressed im going feel way besides living sounds depressing dont want live wish ha,ive come conclusion cant kill makes even depressed
1bmpc0q,2024-03-24 22:21:20,suicidewatch,140,46,https://www.reddit.com/r/SuicideWatch/comments/1bmpc0q/my_depression_is_making_me_hypersexual_and_i_hate/,used make fun porn addicts ive become pretty much porn addict consume excessive amounts masturbate excessively engage sexual activities nothing extreme online stuff cope w misery whenever male species try sexually hitting usually ignore nowadays cant even say man ive depressed years though w time w bf made feel alive truly think officially reached peak year many bad things happened parents talking divorce year long loml abandoning without saying word lowest point life valentines day mom finding im suicidal endlessly torturingtormenting developed schizophrenia physical health issues worsened became painful ive gotten even addicted self harm etc year barely began im alrd getting hit w,depression making hypersexual hate
1izo4ad,2025-02-28 00:55:31,suicidewatch,14,14,https://www.reddit.com/r/SuicideWatch/comments/1izo4ad/am_i_selfish_for_wanting_to_be_friends/,always feel guilty someone whos loop wanting end enter void one biggest contributors never actual friends ive met good people never understanding ones led part wanting befriend people walk similar string makes feel guilty ive always tempted always want actually try start someone fear selfish request someone already fed life always hated people claim life gets better eventually people dont want cross line sake without knowing dont want like dont want become wannabe savior want friends accurately chance making friends share big aspect might change something might change something care try im spooked starting ugly selfish note,selfish wanting friends suicidaldepressed people
1ezkd3n,2024-08-24 00:11:04,suicidewatch,4,8,https://www.reddit.com/r/SuicideWatch/comments/1ezkd3n/help_me_depression_drug_addiction_toxic/,boyfriend evicted cant deal like denial need days havent even started packing drug addicts hoarders place looks worse usual barricaded ourself one small section place clean habitable cant deal see place looks like outside barricade everyone thinks expects us packed ready move reality hardly move around sleeping drugs depressed crying im scared overwhelming dont know deal top boyfriend major issues fight lot point gets physical toxic still love death hate death wants sex time feel close wanted get rid frustration thats helps im depres,help loudlycryingface depression drug addiction toxic relationship evicted loudlycryingface
1fr4i3x,2024-09-28 08:01:55,suicidewatch,2,0,https://www.reddit.com/r/SuicideWatch/comments/1fr4i3x/its_like_im_a_gambling_addict_for_life_i_just/,im desperate reason keep going isnt cant anything cant hobbies cant maintain friendships cant look cant hold job im scared time go outside talk people anything im pain time physically mentally body feels wrong ive tried talking professionals ive tried kill ive tried every little sad desperate reason keep going im going stop dont want keep im denial life worth living ive tried hard every day earliest even remember life im nothing changed except im getting older one trust place feel safe im scared im going keep living im going keep ive opportunity life ive tried hard everytime world beautiful much want cant,like im gambling addict life cant help try dont want anymore
15izo8i,2023-08-05 21:43:26,suicidewatch,3,5,https://www.reddit.com/r/SuicideWatch/comments/15izo8i/my_bf19_is_addicted_to_xanax_and_doesnt_want_to/,idea point hes suicidal long time hasnt done anything help even try talking weve road times count terrifies hes able change mindset im afraid hes ganna die would try sending somewhere wont go willingly ive days watching making sure doesnt get making sure eats sleeps especially keep track vitals im scared advice please help,bf addicted xanax doesnt want find help
134djoq,2023-05-01 10:55:06,suicidewatch,1,2,https://www.reddit.com/r/SuicideWatch/comments/134djoq/im_really_struggling_im_stuck_in_a_vicious_cycle/,,im really struggling im stuck vicious cycle remission relapse im addicted much unhealthy crap pornography abusing pills self harm excessive smoking pray god helps uses help others im staring pocket knife love family idk need help
v924zv,2022-06-10 12:53:36,suicidewatch,16,8,https://www.reddit.com/r/SuicideWatch/comments/v924zv/my_brother_is_addicted_to_cuckold_porn_after/,ive posted situation elsewhere didnt get much advice ppl thought fake skull im lost right answers basically twin brothers ex cheated guy bigger dick confided happened feels sexually worthless hes addicted cuckold porn hes insecure dick size depressed suicidal hes insecure motivation anything self esteem low hes also extreme stuff tbh like told reading pornerotica reddit wife fucked husbands bully guy used beat husband high school porn got harder ever afterwards felt like killing feel terrible hes unattractive guy either hes strong muscular athletic af huge jock former wrestler teammates husband funny smart etc even girlfriends sa,brother addicted cuckold porn cheated suicidal need advice help
18xae4r,2024-01-03 09:57:42,suicidewatch,579,87,https://www.reddit.com/r/SuicideWatch/comments/18xae4r/opened_to_my_sister_an_md_about_my_suicidal/,im sorry sounds defeatist dark likely visit ive received help meds unavailable ive never felt worse forgotten ask help lol dont,opened sister md suicidal thoughts issues addiction drove straight psych ward ive locked room hours doctors nurses food water required meds
u9jw96,2022-04-22 22:54:04,suicidewatch,4,1,https://www.reddit.com/r/SuicideWatch/comments/u9jw96/im_an_addict_and_i_want_out_i_need_help_before/,im addict getting worse time ive struggling drug addiction since im tired want last night suicidal thoughts bad took meds calm thoughts back im trying think plan thats permanent dont want alive anymore im bad person dont want live rest life addict need get help use cant anymore feel like everyone better without im fuck failure want happy dont want live rest life dependent drugs momentary happiness think feels happy im thinking admitting psych ward thoughts dont stop cant anymore help,im addict want need help late
19dca18,2024-01-23 06:49:32,suicidewatch,202,141,https://www.reddit.com/r/SuicideWatch/comments/19dca18/15_christian_caught_watching_porn_wanna_kms/,friday night parents caught watching porn exactly like title says wanna kill addiction ive around year already kinda wanted die parents caught tried talk tell something ive struggling rather trying helpsupport keep screaming im awful person im fairly devoted christian thats thing stopping suicide thats already hated watching porn addicted extremely bible couldnt quit dont really know going kinda ranting sorry making read dumb post yea im debating suicide whether id rather give faith kms try stick figure edit wanna clarify parents christians reasons would probably call idiot lol im glad,christian caught watching porn wanna kms
dmc9u,2010-10-04 03:22:43,suicidewatch,40,28,https://www.reddit.com/r/SuicideWatch/comments/dmc9u/i_can_lucid_dream_at_will_and_have_become/,ive able lucid dreams life need drink coffee sleep back ive always enjoyed recently ive looking forward find real life mundane boring dreams want fuck want travel space fly please become addiction longer urge hang friends talk family wanna stay home wait sleep kick start process cant say im depressed longer care anything anyone way dreams become reality know healthy cant help dont want way truly feel best dreaming anyone relate im going thru dont know anyone could help ive subreddits im getting replies love guys dont know else ask,lucid dream become addicted longer care outside world freaking anyone please help
n1f7aj,2021-04-30 03:21:22,suicidewatch,4,1,https://www.reddit.com/r/SuicideWatch/comments/n1f7aj/i_need_some_help_here_addiction_to/,dont drugs hardest thing caffeine alcohol even im hopelessly addicted electronics im glued shiny screen day crushed plans schedules hopes fulfilling dreams futureand overall damaging cognitive skills severe degree dont want kll becuase feel bad cant anything function normally workout health read study real adultbut im nada feel really bad almost selfharm please help,need help addiction electronicsreally wrecking life
8trf9g,2018-06-25 21:01:07,suicidewatch,6,7,https://www.reddit.com/r/SuicideWatch/comments/8trf9g/my_phone_and_maybe_fap_addiction_has_ruined_my/,maybe say want help thats happening understand nothing compared many really want someone listen understand family wont whenever say something give opinion something close eyes hear already judged im talking shit know desperate bad letting others know im desperate even bad really desperate help might end killing also osteogenesis imperfecta im failure even getting born properly im also less worth im weak glass,phone maybe fap addiction ruined life familys insults harsh words makes want kill reason im even killing wont make accept wrong say things instead helping im yo
dp5ixi,2019-10-30 17:09:24,suicidewatch,1,2,https://www.reddit.com/r/SuicideWatch/comments/dp5ixi/my_roommate_is_addicted_to_drugs_and_very/,roommate study engineering never given midterms even go class tells sometimes depressed stressed stays bed day listening suicide boys seems friends encourage get try make go class always says said going suicide tomorrow didnt go detail week ago said going halloween partywhich think saying cover suicide said tell teachers sick said okay thought really gonna teachers see absent student try call student failed call parents maybe joking suicidebut must prevent shit happening however need help redditors tldr title,roommate addicted drugs depressed suddenly started tell going suicide week help
8jxqzp,2018-05-17 00:58:18,suicidewatch,1,6,https://www.reddit.com/r/SuicideWatch/comments/8jxqzp/what_can_i_do_to_help_my_suicidal_drug_addicted/,title says sister seriously living great life high school surrounded friends felt like purpose fumbled high school going dark path since didnt get go college wanted silly mistake didnt get foreign language credits ever since shes found abusive boyfriend cant seem let go matter bad knows shes become addicted many substances although believe trying walk one back still feel succumb eventually finally ive heard talk suicide recently shes stressed originally saw talk mom whoever calm shes suicidal want help shes closed doesnt share much doesnt want talk certain things,help suicidal drug addicted sister
1i8ixln,2025-01-24 06:13:28,suicidewatch,88,32,https://www.reddit.com/r/SuicideWatch/comments/1i8ixln/there_might_be_hope_but_not_for_me_suicide_is/,tired living nobody convince shit worth absolutely everything life shit show even girlfrield says would killed long ago dont even know begin almost forty never higher barely minimum wage salary despite phd student masters loads teaching experience etc yet spent years studying university made poor chance ever get debt alcoholic drug addict drug addict gone several rehabs aa well forcibly committed psych ward risk suicide wife left shit took identical triplet sons live another country get see maybe year depending afford trip rare years pretty much become,might hope suicide rational
1hnytrs,2024-12-28 10:56:21,suicidewatch,55,42,https://www.reddit.com/r/SuicideWatch/comments/1hnytrs/i_want_to_kill_myself_over_my_porn_addiction_vent/,ive addicted porn years ever since due able use internet freely possibly worst thing ive ever done made want kill every time finish think much im letting gf easy would grab one pistols shoot head think exact way every time cant bring family girlfriend maybe im pussy tell girlfriend im trying stop feels like im cheating every time finish watching start watching think one time wont hurt afterwards wonder fuck thought fetishes devolved disgusting shit cant type let alone talk im point im watching anything illegal fill void ive seen illegal shit still find gross think good cant bring tell,want kill porn addiction vent
r9ip8,2012-03-23 09:43:42,suicidewatch,19,7,https://www.reddit.com/r/SuicideWatch/comments/r9ip8/im_fine_but_i_lost_a_very_good_longtime_friend_to/,ugh ugh,im fine lost good longtime friend addiction directly od morning dont let world get seek help please
6ahfxa,2017-05-11 08:05:57,suicidewatch,1,1,https://www.reddit.com/r/SuicideWatch/comments/6ahfxa/my_little_brother_is_a_heroin_addict_and_making/,hi ive posted rrelationships regarding little brother gave good advice come terms little brothers heroin addiction control worried different way since making suicidal comments living parents house across country little sister f also living heres post rrelationships feel like helped gain clarity come terms brothers addiction advice redditors realized control addiction stop focusing situation feeling guilty distancing feel like ive started take control back emotions previously spinning downward helplessness realizing theres nothing attended alanon,little brother heroin addict making suicidal comments anything help
m5tzw,2011-11-09 11:54:27,suicidewatch,3,7,https://www.reddit.com/r/SuicideWatch/comments/m5tzw/my_friend_is_addicted_to_air_duster_and_has_a/,friend whose issues somewhat summed post however recently calling nights huffing air duster high mentions symptoms wanting vomit hyperventilated numerous times phone also seems talking things arent claims doesnt problem addiction air duster tried numerous times convince seek help even threatened call ambulance doesnt speak clearly cannot understand answers questions really dont know need advice want help way get help without willingly accepting edit also tells wants die tell say things like ask says dont unders,friend addicted air duster bunch issues need help
gseo1a,2020-05-29 02:28:04,suicidewatch,614,81,https://www.reddit.com/r/SuicideWatch/comments/gseo1a/i_quit/,quit cant anymore world gone shit life mess cant keep going anymore career prospects skills savings real home hobbies friends theres nothing nothing live anymore life nothing plan hope im going anywhere im sick pretending one day somehow hard work pay never never fuck partner fucking nightmare totally self absorbed unsupportive swings wildly neurotic stoner looses like skittish racehorse incapable negating basic daily life totally callous cold removed completely sabotages everything try shes fucking lazy content living like shit make change life ruins resemblance order try make hate shitty life hate cunts sit,quit
1grayy3,2024-11-14 23:33:06,suicidewatch,83,25,https://www.reddit.com/r/SuicideWatch/comments/1grayy3/my_pornography_addiction_has_ruined_my_life/,ive porn addict since hello everyone im writing feel edge ending feel like life fucked im going years old im financially struggling still live parents friends progressing life feel rut ive never real relationship feel great difficulty making new friends im bum essentially money get therapy stutter remained since childhood greatly limits occupational options doubt parents wonder went wrong know exact reasons pornography ive porn addict since years old introduced friend curious preteen decided view one night seventh grade year greatest short term pleasure year old mind resulted years apathy laziness also helped cope intense bullying,pornography addiction ruined life
1ipitr0,2025-02-15 01:02:13,suicidewatch,2,5,https://www.reddit.com/r/SuicideWatch/comments/1ipitr0/i_feel_overwhelmed/,cancer lost job husband still sick feel overwhelmed days idk life worth living,feel overwhelmed
1itrgut,2025-02-20 11:20:34,suicidewatch,2,4,https://www.reddit.com/r/SuicideWatch/comments/1itrgut/feeling_overwhelmed_specially_at_night/,last two years ive struggling fact unattractive women weighing heavily day usually distract keeping busyworking playing video games talking friends night everything quiets thoughts becomes unbearable first sad started crying occasionally progressed point im suicidal thoughts even find thinking specific methods think would possible know wouldnt act impulses right mom live health terrible shape covid im terrified might happen shes longer feel like ill nothing left hold onto honest dont specific reason write post write thoughts think,feeling overwhelmed specially night
1jf622q,2025-03-20 01:23:14,suicidewatch,2,0,https://www.reddit.com/r/SuicideWatch/comments/1jf622q/i_am_overwhelmed_by_my_senses/,get overwhelmed easily senses mainly sounds visuals use day practicing piano already loud bearable music also live home dad also home lot loud constantly burps passes gas may sound foolish funny someone doesnt live unbearable live think face stare also sends shivers spine want rip skin ever eyes land told stop says wants house even burp home solution already think living unbearable unamusing thoughts head constantly filled fog distractions worrying cant move money job go wish someone would spend minutes reading commenting sufferingworrying freed fr,overwhelmed senses
1jeggzn,2025-03-19 02:58:19,suicidewatch,1,0,https://www.reddit.com/r/SuicideWatch/comments/1jeggzn/tw_everytime_i_walk_across_a_bridge_or_go_on/,really dont know bc wanna jump bad know im gonna make parents lives rlly bad also wanna make friends made start cutting feel guilty school announces killed want ppl realise fucking much never thanked even noticed life fucking sucks wanna fie also dont bc get hung fact want kids family stuff im literally forcing stay alive ppl dont even know yet best friend hes fucking awesome helped much love platonic way also feel guilty bc knows everything abt except fact used sh relapsed like year half,tw everytime walk across bridge go anything high overwhelming urge jump
1ir3wij,2025-02-17 03:32:18,suicidewatch,6,1,https://www.reddit.com/r/SuicideWatch/comments/1ir3wij/i_feel_like_everything_i_try_to_do_fails_and/,im feeling extremely overwhelmed moment probably worse ive ever felt understatement depressed years issue actively trying improve circumstances situation however like every time try new hurdle obstacle comes way start think maybe im supposed dont understand things must always difficult recently started new job deep debt thought increasing salary would help see way problems ive working new job ive realised hate stressful hard people supportive nice infact dont like feel also time starting new role family member became unwell ive take time sort started cant even concentr,feel like everything try fails feeling overwhelmed venting
1ik6x79,2025-02-08 03:27:23,suicidewatch,6,3,https://www.reddit.com/r/SuicideWatch/comments/1ik6x79/overwhelming_urge_to_kill_myself/,exhausted even typing dont know start hadnt suicidal thoughts months hit like truck last night ive overwhelming urge end much happened tried best cope excited find joy little things help long compulsive point kill must done,overwhelming urge kill
1ipgi6z,2025-02-14 23:24:30,suicidewatch,4,0,https://www.reddit.com/r/SuicideWatch/comments/1ipgi6z/i_dont_want_to_live_anymore_because_of_the/,ive diagnosed major depression disorder generalised anxiety disorder ocd years ago years ive also multiple relapses severe depression despite already taking highest dosage antidepressants often struggle find keep living im constant pain grieve regret major relapses often would fantasise ending life finally free pain yet find courage proceed fear physical pain especially suicide attempt failed uncertainty death furthermore since young society always taught us suicide morally wrong even criminal country often times find living ending life want live simply deep part still feels suicide morally wrong especially everyone keep telling solution escaping proble,dont want live anymore overwhelming pain dont courage end life
1hyprtl,2025-01-11 11:47:07,suicidewatch,1,5,https://www.reddit.com/r/SuicideWatch/comments/1hyprtl/i_feel_overwhelmed_and_cant_tolerate_my_situation/,hi im going difficult time dont know else turn group people college making fun health condition cant control made video calling names spreading rumors whenever people see recognize continue harass meim home right cant approach college authorities person ive tried asking help classmates theyre responding dont access video know shared widely im feeling completely helpless humiliated affecting mental health dont know stop need advice handle situation way report video without knowing someone help figure steps take next want stop find peace please help guidance appreciated thank,feel overwhelmed cant tolerate situation anymore need urgent advice support
1i190je,2025-01-14 21:18:59,suicidewatch,3,4,https://www.reddit.com/r/SuicideWatch/comments/1i190je/single_mom_so_overwhelmed/,much else say scared,single mom overwhelmed
1irriyt,2025-02-18 00:24:25,suicidewatch,1,0,https://www.reddit.com/r/SuicideWatch/comments/1irriyt/life_is_too_overwhelming/,wish dead life feels overwhelming college assignments shifts parttime job keeping place clean im broken keep even adhd meds daily life much know boyfriend devastated cant help dream drowning,life overwhelming
1hd6m5z,2024-12-13 12:21:14,suicidewatch,2,8,https://www.reddit.com/r/SuicideWatch/comments/1hd6m5z/overwhelming_violent_fantasies/,ive always found hard happy otherstrying best ago started turn pure hatred envy emotions turned overwhelming fantasies hurting happy people harm excessively make sure dont act watching graphicly violent videos cope much dont want go like im good person,overwhelming violent fantasies
1h16gl0,2024-11-27 20:39:20,suicidewatch,653,224,https://www.reddit.com/r/SuicideWatch/comments/1h16gl0/i_think_i_am_a_pedophile/,feel disgusted im nauseous overwhelmed attracted best friends year old brother turned ive known last week officially met reminds ex dated high school got drunk best friend couldnt stop telling brother handsome played hair kept asking comfortable fuck wrong doesnt know better want fucking kill thoughts wont go away cant stop thinking wonderful boyfriend cant stop thinking kid driving insane ive never experienced anything like im losing mind edit everyones helpful nice thank honesty seeking help dont want go dark path,think pedophile
1ien04x,2025-02-01 00:57:17,suicidewatch,1,1,https://www.reddit.com/r/SuicideWatch/comments/1ien04x/this_life_is_overwhelming_and_im_ready_for_the/,im disappointment everyone come contact parents everyone date best friend im girl finally fell love another girl first time months ago ruined everything mental health hurts blocked everything wish would talk decided end life blocked best friend sad feel awful breaking heart im getting everything order death making sure pets good homes noone deal anything left behind ive always felt like never belonged life im overwhelmed ready life end way cant hurt disappoint anyone else,life overwhelming im ready next one
1ij799p,2025-02-06 22:26:00,suicidewatch,3,0,https://www.reddit.com/r/SuicideWatch/comments/1ij799p/overwhelmed/,ive never done dont know else talk people around overwhelm feels like chest going explode feel stupid things ive done feel like nuisance everyone around person leaning made feel like crazy ive backed dont even know ive struggling exist want exist fight daily urge kicking bucket getting worse day visioning wishing something bad would happen financially cant seek help family doesnt believe mental health quit job two years recently broke three year relationship ive isolated best friend really judgy ive stopped telling things resorted talking people online got attached someone easily made feel okay talking everything guess got overwhelmed arent anymore,overwhelmed
1hq1btg,2024-12-31 05:25:19,suicidewatch,2,4,https://www.reddit.com/r/SuicideWatch/comments/1hq1btg/i_am_so_tired_and_so_tired_of_being_overwhelmed/,want start saying amazing life partner could never leave alone world exhausted autistic really intense emotions first place experiencing years back back stresses overwhelmed everything want die finally feel peace cant find calm life right dont safe space cant even afford therapist anymore genuinely feel like would able find peace cut brother life hurting form whole life past year pushed tipping point enough words brothers actions im gonna go highlights instead history physically assaulting hes stupid enough try hard drugs quit become dealer months telling stupid idea urge use wanted sell flushed,tired tired overwhelmed
1hry0bk,2025-01-02 22:14:18,suicidewatch,4,1,https://www.reddit.com/r/SuicideWatch/comments/1hry0bk/feeling_overwhelmed_by_regret_and_loss/,ive struggling long time feels like everything life fallen apart im writing dont know else turn hope sharing story might help feel less alone big part whats weighing much pressure ive faced people years wasnt one personmost friends even family always pushed ways left feeling overwhelmed one painful memories second year university everything started go wrong friend mine jay came visit even though wasnt really feeling trying process lotrachel closest friend housemate lived already feeling overwhelmed difficult place jay annoyed previous visits always immature around really didnt want come insisted thought turning housemates letting str,feeling overwhelmed regret loss
1hrqf7z,2025-01-02 15:28:18,suicidewatch,5,1,https://www.reddit.com/r/SuicideWatch/comments/1hrqf7z/overwhelming_heartache_causing_me_to_sink_into/,almost year since left wanted spend life like almost everyday get dreams love much cant anymore matter cant deal pain anymore im choosing die cuz would rather die live without love forever never change always hate good enough kill b cuz,overwhelming heartache causing sink darkness
1hsfxtc,2025-01-03 11:46:20,suicidewatch,2,1,https://www.reddit.com/r/SuicideWatch/comments/1hsfxtc/its_becoming_consuming_and_overwhelming/,dont know much longer prevent truly acting successfully executing act suicide,becoming consuming overwhelming
1hyrdsz,2025-01-11 13:43:11,suicidewatch,1,0,https://www.reddit.com/r/SuicideWatch/comments/1hyrdsz/lots_of_overwhelming_suicidal_thoughts/,tired tired tired feeling numb feel like cant feel type emotion past days ive lots suicidal thoughts past month specifically suicide sometimes feels like option hard give fear die die suicide dont know impending suicide feels like ticking time bomb bound happen eventually inevitably,lots overwhelming suicidal thoughts
1hkmabr,2024-12-23 17:30:23,suicidewatch,6,1,https://www.reddit.com/r/SuicideWatch/comments/1hkmabr/overwhelmed_with_guilt/,tw gore guess ever sense beginning israels campaign gaza ive plagued guilt due american goverment whole heartly supporting carnage taking place dont know anymore guess sent edge post basically comparing americans german citizins ignoring holocaust ww people watch movies play games children dying dont know kinda broke didnt thoughts makes guilty dont want blood hands ive tried everytjing mind try help know nothing ill ever enough posting retweeting things boycotting internet strikes fundraising none enough nothing short anything reddit wont let post hard time enjoying anything use meaningless distractions parents stop harassi,overwhelmed guilt
1hnvoow,2024-12-28 07:59:34,suicidewatch,89,63,https://www.reddit.com/r/SuicideWatch/comments/1hnvoow/feeling_really_suicidal_and_anxious_why_does_no/,feel like post circles like feel reddit messed see analytics posts shows many people look post ill see hundreds people see one interacts get downvoted know someone going say welcome internet im sensitive whiny maybe thats true im lot pain feel alone rejected misunderstood lot people lol even internet doesnt want haha damn im messed guess feel like dont deserve see posts get support interaction dont know maybe lot people thing happening dont see really hurts,feeling really suicidal anxious one interact posts
1idwaha,2025-01-31 01:43:35,suicidewatch,18,14,https://www.reddit.com/r/SuicideWatch/comments/1idwaha/anxious_about_suicide/,wanted ask normal anybody relate finally made mind killing weeks ago ill end march isnt anything change mind ive enough shit know isnt worth cant anymore still every time think actually get really anxious deal im scared ill fail end worse situation,anxious suicide
byd713,2019-06-09 03:36:58,suicidewatch,578,61,https://www.reddit.com/r/SuicideWatch/comments/byd713/any_body_else_feel_stressedanxious_guiltyhopeful/,,body else feel stressedanxious guiltyhopeful hopeless scaredsad suicidal around hour period give take
1ivsqd8,2025-02-23 02:20:52,suicidewatch,3,3,https://www.reddit.com/r/SuicideWatch/comments/1ivsqd8/im_really_very_anxious_rn/,adhd destroyed life cant anymore im starting panic attack feel like dying want leave experience anxiety everything hard,im really anxious rn
1j63zrh,2025-03-08 05:22:50,suicidewatch,2,1,https://www.reddit.com/r/SuicideWatch/comments/1j63zrh/never_felt_so_anxious/,think medication needs adjusting diabetes also anxiety adhd feel constantly tired time currently mg sertraline mg vraylar experiencing feelings anxiety still despite medication like said feelings fatigue know medication needs adjusting im sure one thought would post see anyone ideas send messages medical provider hope everyone great friday,never felt anxious
1jcf2oc,2025-03-16 11:34:54,suicidewatch,1,0,https://www.reddit.com/r/SuicideWatch/comments/1jcf2oc/im_anxious/,procrastinate bad havent finished single task adhd im anxious feel like ending,im anxious
1ja5edm,2025-03-13 11:32:38,suicidewatch,1,0,https://www.reddit.com/r/SuicideWatch/comments/1ja5edm/techniphobia_affecting_me_and_im_really_scared/,anxiety weird notflication help notflications hey went sleep pm put phone airplane mode didnt pick touch morning swiped screen saw gmail notflication notflication centre aliexpress entered gmail app saw also got email notflication one whatsoever steam turned airplane mode iwoke scrolled screen ali express notification notflication centre words instead appearing know mean didnt get steam notflication one highlighting gmail notflications turned lock screen notflication centre banners notflications turned,techniphobia affecting im really scared anxious right
1j3zg28,2025-03-05 15:10:22,suicidewatch,1,0,https://www.reddit.com/r/SuicideWatch/comments/1j3zg28/bpd_and_anxious_attachment_are_killing_me/,im sure much take medication isnt working zero support system therapy sessions spaced one help pull slump im saying want someone else work literally drowning cant eat cant sleep enough partner gave year fix brain im literally anxiety attacks every day wondering start im overloaded everything alone im overwhelmed emotions one understands extremes obliterating mind chat gpt become friend feel bad people say theyre corner met silence try support like pulling teeth partner emotionally checked thats exacerbating emotional state someone please help screaming inside loudlycryingfaceloudlycryingfaceloudlycryingface,bpd anxious attachment killing
1ivhhdn,2025-02-22 17:47:36,suicidewatch,1,1,https://www.reddit.com/r/SuicideWatch/comments/1ivhhdn/my_friend_feels_anxious_around_pills/,online friend lives approx km away recently going appointments psychiatrist find mental illness far prescribed psychiatric medication dont know lot specific type medication knowledge really limited sorry anyways attempts past pills soon received pills told felt anxious going something stupid doesnt trust around idea would take one prescribed put rest water freeze wouldnt quick access wants take prescribed thats kinda stupid since pills melt waterchange chemical structure might make useless situation said lives far away cant physically help keep away medication,friend feels anxious around pills
1in3zzw,2025-02-11 22:56:45,suicidewatch,3,0,https://www.reddit.com/r/SuicideWatch/comments/1in3zzw/im_too_sad_and_anxious_to_do_anything/,sad,im sad anxious anything
1i6xw76,2025-01-22 05:53:42,suicidewatch,6,1,https://www.reddit.com/r/SuicideWatch/comments/1i6xw76/im_so_anxious_i_feel_sick/,im tired living like ocd hand everything hurts cant anything watch youtube shit none responsibilities everything crushing weight chest,im anxious feel sick
1icjuhv,2025-01-29 08:18:09,suicidewatch,1,0,https://www.reddit.com/r/SuicideWatch/comments/1icjuhv/im_going_to_be_anxious_and_depressed_forever/,cptsd upbringing vividly remember suicidal years old ive always severe anxiety ive depressed life ive serious suicidal thoughts since july every night theyre intense plenty friends people care im college likely good future ahead cant stop thinking im never going escape whats happened im never going escape anxiety trauma one ever truly understand try best get day spend time friends go outside sleep well get physical exercise journal everything im supposed im still getting worse thought moving away home would last piece needed start moving healing months dont think worst feel stupid suicidal kn,im going anxious depressed forever
1hpuqad,2024-12-31 00:37:05,suicidewatch,3,1,https://www.reddit.com/r/SuicideWatch/comments/1hpuqad/im_19_but_i_get_super_anxious_when_i_get_a_job/,feel useless like disappointment cant keep jobs barely make past first day want kill feel like everyone would better without mom keeps taking stuff away shes saying shes going take phone makes suicidal talk friends stuff phone told im suicidal says get shes gonna call please someone help dont know else feel like suicide option,im get super anxious get job end quitting
1h3rzlj,2024-12-01 07:06:23,suicidewatch,6,3,https://www.reddit.com/r/SuicideWatch/comments/1h3rzlj/im_anxious_all_the_time_and_im_sick_of_it_13f/,severe anxiety emetophobia makes life soooooooo hard cant eat anything without insanely worried ill throw cant go fun places agoraphobia thing distracts anxiety cutting im sick scared im sick anxiety things dont get better soon im going kill,im anxious time im sick f
1h7juxo,2024-12-06 02:36:58,suicidewatch,2,1,https://www.reddit.com/r/SuicideWatch/comments/1h7juxo/is_there_anyone_i_can_talk_to_please_im_horribly/,please,anyone talk please im horribly anxious want end
1g8b6jx,2024-10-21 04:12:22,suicidewatch,3,3,https://www.reddit.com/r/SuicideWatch/comments/1g8b6jx/im_closing_on_my_first_home_on_wednesday_im_an/,im one failure launch people realized fact ive forced move parents house attempt sink swim completely useless fulltime job pays enough afford condo solo income ive never looked forward completely independent additional responsibility stress ive never wanted enough ive daydreamed many times ending life fulltime work cooking cleaning way live opinion additional context mild autism want die im lazy,im closing first home wednesday im anxious mess petrified wont succeed adulting
1gjofg0,2024-11-05 02:01:54,suicidewatch,2,0,https://www.reddit.com/r/SuicideWatch/comments/1gjofg0/constantly_anxious_and_feeling_like_shit/,tldr honestly dont know situation bit complicated since dad left month adult sister hes gone work birthday last friday genuinely wanted kms many times halloween day fine difficult deal moms religious bs phone mom usually travels us work used live different countries coming back home country holidays okay younger moving another country covid locked home country knew couldnt live felt constantly unsafe especially since mom igbtphobic well im igbt kept telling nothing worry went open minded private school yeah wanted leave place one year living mom yr contract begged ask job shorten wouldve ended,constantly anxious feeling like shit
1ga5tet,2024-10-23 14:17:36,suicidewatch,2,1,https://www.reddit.com/r/SuicideWatch/comments/1ga5tet/is_anyone_here_i_need_to_talk_please_im_anxious/,,anyone need talk please im anxious
1fs13vg,2024-09-29 15:41:00,suicidewatch,1,1,https://www.reddit.com/r/SuicideWatch/comments/1fs13vg/anxious/,anxiety around life gotten much worse spent whole day work thinking health anxiety attacks imaginary health scaresprocedures dont know wrong alone friends spend head talking psych breakdowns mental anguish constantly repeatedly battling thoughts pain discomfort absolutely terrified life feel like teeth hurts even though doesnt grinding whole day terrified life dont want alone forever family proved cannot help tired,anxious
1fb30f8,2024-09-07 14:55:33,suicidewatch,8,0,https://www.reddit.com/r/SuicideWatch/comments/1fb30f8/im_honestly_tired_of_people_putting_me_down_for/,ones contemplating suicide,im honestly tired people putting socially anxiousawkward
1imdla3,2025-02-11 00:16:22,suicidewatch,0,2,https://www.reddit.com/r/SuicideWatch/comments/1imdla3/the_last_time_i_smoked_a_joint_i_had_a_mental/,experience psychologically changed much barely recognise cant seem function properly struggle daily bare minimum still feel like everyone around isnt real,last time smoked joint mental breakdown full psychotic episode made believe im god mortal body way going survive killing
1ije3lw,2025-02-07 03:02:34,suicidewatch,2,1,https://www.reddit.com/r/SuicideWatch/comments/1ije3lw/worlds_worst_mental_breakdown/,broke car whole time tried express truly bluntly dad said devil said needed god said stopped crying nodded along rest time im home im going sleep im definitely killing undecided im convinced asked would support matter said yes would help find god always im going kill im going slit throat im going take shit ton codeine beforehand numb pain ill wear suit countryside barely anyone goes thanks reading,worlds worst mental breakdown
1i7nwub,2025-01-23 03:57:49,suicidewatch,1,0,https://www.reddit.com/r/SuicideWatch/comments/1i7nwub/the_ramblings_of_a_mental_breakdown/,wonder ill ever get anywhere life right im fucking piece glass hardly take small insult someone dont know start crumbling feel like choking happens moment im alone fucking break cut cry like fucking baby hate want fucking die little tiny stupid fucking insult hit ego fuck going cant stomach ill never make real world like shit going years maybe theres place someone like world mental institution maybe place death maybe need increased dose medicine maybe need go slice skin fucking knows jesus fucking christ hate hate everything worthless fucking life thanks coming ted talk,ramblings mental breakdown
1hf05zx,2024-12-16 00:56:28,suicidewatch,0,0,https://www.reddit.com/r/SuicideWatch/comments/1hf05zx/mental_breakdown/,young boy presently college moved city noticed lot poverty around small kids living life full difficulties cant concentrate even studies life keep consistently thinking didnt get proviliges kids get whats fault please help getting mentally exhausted observing unequal world,mental breakdown
1hdgr02,2024-12-13 22:30:44,suicidewatch,2,0,https://www.reddit.com/r/SuicideWatch/comments/1hdgr02/i_dont_see_why_i_wont_have_another_mental/,hate hard im disgusted existence,dont see wont another mental breakdown week two finally end
1eqwvsz,2024-08-13 08:09:11,suicidewatch,1,6,https://www.reddit.com/r/SuicideWatch/comments/1eqwvsz/im_having_a_mental_breakdown/,hate myselfenragedface one wants cant fulfill sexual lust im afraid std going hooker cant cant talk woman get scated anxiety panick attack dont know yet made deed thatenragedface cant someone must way elimante lust im gonna care anymore medicine doesnt make think sex would drink right,im mental breakdown
1dytfsh,2024-07-09 09:52:23,suicidewatch,5,6,https://www.reddit.com/r/SuicideWatch/comments/1dytfsh/having_a_mental_breakdown/,feels like anxiety attack turning entire breakdown cant breathe think anything feel like need go hospital im nursing dont want nervous breakdown health chart forever especially bc attempt couple years ago already dont know right want relapse bad rn see deep go see many pills take feel like im going crazy part wants kill another part knows get help cant reach anyone one personal life talk thoughts getting really unsettling tempting overwhelmed rn want cry dont feel real please help someone anyone please please please help please,mental breakdown
1f7schr,2024-09-03 11:07:26,suicidewatch,2,3,https://www.reddit.com/r/SuicideWatch/comments/1f7schr/mental_breakdown/,mental breakdown sorority house live night found boyfriend love dog died meds mixed alcohol really bad way idk come back miss ex much everything literally mean nothing,mental breakdown
1ew4xks,2024-08-19 21:07:32,suicidewatch,3,2,https://www.reddit.com/r/SuicideWatch/comments/1ew4xks/health_problems_after_mental_breakdown/,anyone developed form hypochondria several health issues suicide attemptmental breakdown long time drug addict prescription abuse around years july breakdown caused hour hold physically told im healthy according doctors seen ever since mental breakdown ive diagnosed bipolar ptsd depression anxiety ive never experienced anything like come severe hypochondria worry constantly die control constantly fear every prick tingle ache going cause end insanely new utterly terrifying unfortunately anyone gone currently enrolled therapy definitely one issue time thing trouble navigating everyday life problems advice appreciated tldr ever since mental breakdown ive debilitating hypocho,health problems mental breakdown
1e3m84y,2024-07-15 10:14:04,suicidewatch,1,1,https://www.reddit.com/r/SuicideWatch/comments/1e3m84y/im_on_the_verge_of_a_mental_breakdown/,dont know tools end life hurt really badly crisis want pain stop bad thoughts telling end life urge make bleed much dont want go back psych ward tell anyone feel ill hospitalized cant go thru one person look support cant come see right im struggling keep safe really want die right,im verge mental breakdown
1b9c6qa,2024-03-08 07:38:49,suicidewatch,5,2,https://www.reddit.com/r/SuicideWatch/comments/1b9c6qa/i_saw_some_of_my_bullies_faces_today_and_ive_been/,random idiot added group chat know people think im weak sensitive people internet people im playing victim whatever people werent bullied even years later im still bed crying act like everything alright keep telling bad people miserable lives thats still cant fully move experienced something horrible horrible man people thought friends turned made mean girl actually victim call guy intercourse woman shes drunk went bed head hurt one cocktail one beer asian genes cant handle alcohol without condom said would put one took middle act call guy says girl since youre drunk show ur tit,saw bullies faces today ive mental breakdown since h
196wjzm,2024-01-15 07:10:55,suicidewatch,7,2,https://www.reddit.com/r/SuicideWatch/comments/196wjzm/i_had_a_mental_breakdown_today/,title says really bad breakdown today two points tried strangle intent kill self passing stopped started self harming cutting self holding knife throat even imitating slicing throat holding rihjt throat hate feel like burden entire family im oldest sibling parents brothers look im supposed lead example family sees fake version ive self harming god knows long thinking suicidal thoughts years bad struggles emotional numbness want info go check posts mine want talk someone text call dont care much pent feel like im going become worse dont get help,mental breakdown today
1ac6a82,2024-01-27 14:00:05,suicidewatch,2,1,https://www.reddit.com/r/SuicideWatch/comments/1ac6a82/my_friend_dropped_me_because_she_couldnt_handle/,clarify one mental breakdown also ive helped one years ago said doesnt want deal anymore wants frienships surface level im worried abt rest friend group might think theyre good dealing stuff one ex friends suicidal really inconsiderable abt basically implied better killing yes friend mean stuff feel like thats still ok yeah friend groups kicks suicidal well guess ill kill cause dont want loner dont rlly see point living friends ive known almost decade like,friend dropped couldnt handle mental breakdowns im mentally breaking
1ajat0o,2024-02-05 12:51:09,suicidewatch,2,0,https://www.reddit.com/r/SuicideWatch/comments/1ajat0o/mental_breakdowns_anyone_accidental_poem/,know make jokes know seem like im fine im life fucking stupidly stressful cant anymore every time think im gonna alright every time feel secure whole world comes crashing hate life thats joke im trying funny im serious feels like nobody gives shit feel like life shitty game im forced play looking forward end say afraid unknown comes next allow universe take infinite abyss death,mental breakdowns anyone accidental poem
18xgzok,2024-01-03 16:41:55,suicidewatch,1,0,https://www.reddit.com/r/SuicideWatch/comments/18xgzok/how_borrowing_money_from_loan_apps_have_ruined_my/,tldr weirdly worded grammatically errorful long post upsc govt exam aspirant struck loan trap verge self harm currency indian rupees first reddit post ever wanted share excruciating experience loan apps setting foot realized unbearingly hard life going year born brought small village nestled away western ghats life always difficult family agrarian couldnt afford education enrolled jnv merit graduating mechanical engineering always wanted pursue upsc goal parents sent delhi whatever could spend dreams due covid change climate couldnt completely focus preparation lost ground worked mechanical company months post covid family friends reference dad asked perform,borrowing money loan apps ruined mental state leading constant breakdowns
178c1or,2023-10-15 15:22:09,suicidewatch,2,3,https://www.reddit.com/r/SuicideWatch/comments/178c1or/how_would_you_desrcibe_a_mental_breakdown_to_a/,,would desrcibe mental breakdown normal person
13lmanb,2023-05-19 11:12:19,suicidewatch,2,8,https://www.reddit.com/r/SuicideWatch/comments/13lmanb/im_afraid_my_girlfriend_will_kill_herself_or_have/,prevent happening really love really relies completely go insane begin brain injury life already difficult shes ton meds anxiety shes gonna absolutely lose finds killed thats reason havent done yet gotta go cant deal life anymore im sick withdrawing opiates constantly wanna gone got trapped opiate cycle docs prescribed due chronic pain existence pain misery theres way thank god death exist theres exit imagine wasnt nightmare,im afraid girlfriend kill mental breakdown become homeless kill
17adobr,2023-10-18 06:15:15,suicidewatch,2,0,https://www.reddit.com/r/SuicideWatch/comments/17adobr/im_on_the_verge_of_a_mental_breakdown/,hi xb know ive made lot posts last couple months lifes hard yesterday spending almost hours work asked superior day since im struggling financially told get work today money electricity cut mothers house take care mother sister work something agreed ive sent day card everything wanted extend another day happened got call form ceo told get shit together entire company halted im work get back immediately told situation day today cant work remote today dont electricity got scolded minutes anyway funny thing everything asked yeste,im verge mental breakdown
16bf8kx,2023-09-06 14:36:25,suicidewatch,1,2,https://www.reddit.com/r/SuicideWatch/comments/16bf8kx/i_cant_stay_a_day_without_experiencing_a_mental/,,cant stay day without experiencing mental breakdown extreme anxiety paranoia made life living hell keep living
15u0nt8,2023-08-18 03:09:17,suicidewatch,2,2,https://www.reddit.com/r/SuicideWatch/comments/15u0nt8/how_to_ask_to_be_hospitalized_during_mental/,im still minor im going worst time life day suicide planned im scared trying failing figured talking parents would best option dont know dont know ask help theyre pretty conservative think theyll probably say itll pass nothing need escape reality bit ive lost sanity cant anymore dont think keep skipping school everyday much longer,ask hospitalized mental breakdown
own79d,2021-08-03 02:03:09,suicidewatch,301,2,https://www.reddit.com/r/u_RedditCareResources/comments/own79d/get_support_for_yourself_or_other_people/,youd like talk someone confidential mental health support free available inside us crisis text line text chat suicide crisis lifeline call text youre outside us find resources location youre ready talk someone yet help youre feeling suicidal ask help youre thoughts suicide additional resources helping others help someone know whos talking seriously hurting considering suicide,get support people
180qlqa,2023-11-22 02:00:02,suicidewatch,214,62,https://www.reddit.com/r/SuicideWatch/comments/180qlqa/is_selfharm_immature_as_an_adult/,im f harmed ms two days ago psychiatrist told shouldnt im anymore feel ashamed im embarrassed edit thank responses rose forgot mention shes psychiatrist anymore nevertheless words like stuck mind feel depressed,selfharm immature adult
1iococ3,2025-02-13 11:38:51,suicidewatch,2,11,https://www.reddit.com/r/SuicideWatch/comments/1iococ3/self_harm/,surgeries work sometimes bring home scalpels wasted use cut arms legs also slap punch hammer burn one looking wound hurts much satisfies reason depressed people hurt whats mindset behind,self harm
1jfl5i2,2025-03-20 15:13:53,suicidewatch,2,4,https://www.reddit.com/r/SuicideWatch/comments/1jfl5i2/how_do_i_keep_my_friend_from_doing_selfharm/,ive tried many times prevent wont gets mad sometimes first instinct cut blade matter much ive comforted refuses stop,keep friend selfharm
1jcewxx,2025-03-16 11:23:56,suicidewatch,2,3,https://www.reddit.com/r/SuicideWatch/comments/1jcewxx/four_months_free_of_selfharm_and_i_really_wanna/,im scared parents upset see done try cut deep possible actually bleed,four months free selfharm really wanna start deeper
1jbcu9k,2025-03-15 01:31:14,suicidewatch,2,3,https://www.reddit.com/r/SuicideWatch/comments/1jbcu9k/is_hitting_my_head_with_my_hands_and_punching_my/,get angey nd frustrated usually followed tears ive breakdown hours ive noticed fall pattern self blame catch hands going snd getting ready punch head hard ive active passive suicidal ideation fortunate im afraid blood save dont money therapy im student whos living dorm away family,hitting head hands punching body self harm
1jkv00a,2025-03-27 09:08:10,suicidewatch,3,1,https://www.reddit.com/r/SuicideWatch/comments/1jkv00a/self_harm/,wanna cut thinking ending birthday april nd ill start planning guess pain much im nothing one world favour im sorry thought could hang cant im done please happy seem love,self harm
1jkicva,2025-03-26 23:37:10,suicidewatch,1,1,https://www.reddit.com/r/SuicideWatch/comments/1jkicva/self_harm_and_maybe_suicide/,want disappear ive tried honestly tried od tried running away found like hours ive thinking slitting wrists im scared doesnt work properly sting wanna bleed die today tried school bathroom cant skin cant ive feeling like feel ugly worthless dont want ask help face,self harm maybe suicide
1j6bqmn,2025-03-08 12:40:34,suicidewatch,3,3,https://www.reddit.com/r/SuicideWatch/comments/1j6bqmn/i_cant_do_it_anymore_tw_self_harm/,cant fucking take hate feeling shitty hate bipolar hate hate everything fucking hate everyone cant even scream cry sister sleeps fucking room evacuate bathroom cut skidaddle back genuinely dont want dont want want overdose fucking overdose telling best friend stressing im fucking stressed done im fucking done update tomorrow means took mg ibuprofen empty stomach dont even know kill anything idk dont really care thanks,cant anymore tw self harm
1jcblxl,2025-03-16 08:00:21,suicidewatch,2,2,https://www.reddit.com/r/SuicideWatch/comments/1jcblxl/i_self_harmed_for_the_first_time_in_a_while/,broke clean streak episode didnt feel control nearly tried od help doesnt actually help,self harmed first time
1j6v8p0,2025-03-09 05:57:37,suicidewatch,1,3,https://www.reddit.com/r/SuicideWatch/comments/1j6v8p0/i_self_harmed_for_the_first_time_in_about_five/,hi hit rock bottom today months ago girlfriend left recently moved across country university struggling since arrived struggled pretty intense mental health issues entire life bad childhood completely lost sense identity lonely nobody near talk anything people care far away busy struggling make friends since moved ive recently met people im quite fond lives honestly dont meant meet people today literally everyone cancelled led fullblown breakdown nobody time anymore cant tell keep giving people reasons disregard people keep giving reasons hate spent day phone option mental health crisis line u,self harmed first time five years
1jbflqb,2025-03-15 03:30:40,suicidewatch,2,2,https://www.reddit.com/r/SuicideWatch/comments/1jbflqb/scideselfharm/,hi wanted ask people self harm suicidal thoughts line thoughts youre hurting purpose hurting youre edge getting close deciding take life whats probably triggered much made think want get ideas experiences different past struggles lots love,scideselfharm
1jffkvd,2025-03-20 08:42:27,suicidewatch,3,1,https://www.reddit.com/r/SuicideWatch/comments/1jffkvd/self_harmed_for_the_first_time_in_15_yrs/,cut first time awhile previous scars fading guess fucked im disgusted feel relieving experience physical pain mental pain wish could take fully end pain hate im able change know im waste oxygen,self harmed first time yrs
1jigwy7,2025-03-24 08:17:55,suicidewatch,2,0,https://www.reddit.com/r/SuicideWatch/comments/1jigwy7/self_harming_after_a_year_of_being_clean/,therapy appointment tomorrow sure go disclose sh si told could trust thoughts always fear hospitalization cant stop shing past lead attempts downward slope im lost happy amazing fianc supportive love bipolar disorder psychotic features everything loud live constant state stimulation much way get reprieve sh spring time mania coming soon dont know keep going,self harming year clean
1jiglch,2025-03-24 08:00:24,suicidewatch,2,0,https://www.reddit.com/r/SuicideWatch/comments/1jiglch/i_self_harmed_and_dont_know_how_to_keep_it_hidden/,self harmed first time since early high school ive depressed lately thought solution since talked psychiatrist therapist need advice boyfriend sex almost every day sleep together naked idea ive using neosporin wrapping three days ago still daysa week healing process every time cuddle get nervous hand goes leg getting way comfortable around im scared hes going find know hell absolutely devastated hide really want avoid finding costs cat im thinking keeping wrapped whenever im around sees wrap say bad cat scratch id rather keep covered help please,self harmed dont know keep hidden
1j70cgb,2025-03-09 10:40:22,suicidewatch,1,2,https://www.reddit.com/r/SuicideWatch/comments/1j70cgb/self_harm/,okay longer cover recent self harm scars fully healed,self harm
1jh16lq,2025-03-22 10:42:00,suicidewatch,1,0,https://www.reddit.com/r/SuicideWatch/comments/1jh16lq/two_days_ago_i_self_harmed_with_the_intention_of/,terrible past weeks im severely depressed find things keep getting worse worse im behind bills absolutely never money things keep popping cat needs vet visit pay irs tax day year ive depressed hardly going work two weeks used pto felt like garbage went pharmacy pick medicine make feel better guess car broke parking lot within minutes inside coming back ac compressor belt seized towed mechanic feeling like shit got double charged tow company call bank awesomely repairs fix car mechanic obviously trying rip cant afford even repairs got car months ago crashed car particularly bad night rain slippery roads monda,two days ago self harmed intention ending life later night
1jfym8b,2025-03-21 01:53:24,suicidewatch,1,0,https://www.reddit.com/r/SuicideWatch/comments/1jfym8b/self_harm_isnt_enough_im_such_a_shit_person/,ruined relationships toxic behaviour never knew anyway ive sh everyday past week enough want end got therapist see week help lines,self harm isnt enough im shit person
10d106c,2023-01-16 06:46:18,suicidewatch,184,55,https://www.reddit.com/r/SuicideWatch/comments/10d106c/is_it_possible_to_be_suicidal_while_never_doing/,,possible suicidal never selfharm
1i8pduu,2025-01-24 12:07:20,suicidewatch,5,6,https://www.reddit.com/r/SuicideWatch/comments/1i8pduu/self_harm_for_relief_without_calling_911/,hi im f er self harm paracetamol overdose spent days psych ward planning plan take atleast g paracetamol make throw sick want relief brings time calling telling anyone overdose doesnt actually put danger liver fine ended throwing painfully want er one nurses pointed often made realise resources infinite shouldnt abuse dont want go er dont feel like theres alternative,self harm relief without calling
1j6m9s2,2025-03-08 23:05:09,suicidewatch,88,39,https://www.reddit.com/r/SuicideWatch/comments/1j6m9s2/im_so_lonely/,im zero friends spend time home im scared leaving house im terrified future feel fucking alone try make friends online hard find people things common even idea keep conversations going people want talk horny men feel alone world think people take even average casual friendships granted,im lonely
htuag8,2020-07-19 09:29:01,suicidewatch,744,100,https://www.reddit.com/r/SuicideWatch/comments/htuag8/being_lonely_is_enough_to_kill_you/,fucking sugar gliders die loneliness rodent range emotions large enough feel im emo im teenager anymore cant hormones im trying hard really im taking meds exercise stand sun take care appearance responsibilities thing left im alone used notice used numb didnt know like friends ive gotten taste loosing realizing thought friendship pity cant anymore cant hurts alone hurts wanted,lonely enough kill
1i94112,2025-01-25 01:11:25,suicidewatch,17,33,https://www.reddit.com/r/SuicideWatch/comments/1i94112/pregnant_lonely_and_no_will_to_live/,think baby mistake rd baby husbandm didnt even want another baby pushed im retest gestational diabetes placenta problems early signs preeclampsia thought gonna support gave quit job almost months ago plays games day struggling food diapers things prep baby im thinking kill im pregnant easier everyone one would miss daughterf sonm daddys boy husband stay different rooms day wouldnt different parents arent really picture havent even told anyone pregnant yet im weeks would better everyone baby never existed husband get much help family im worried im,pregnant lonely live
1ieklj4,2025-01-31 23:17:58,suicidewatch,5,31,https://www.reddit.com/r/SuicideWatch/comments/1ieklj4/i_feel_so_lonely_and_unwanted/,im yrs old never held hands anyone never got hugged never kissed want pure love im hopless romantic need true love without drama fighting peace happiness im extremely introverted socially anxious severe depression adhd maybe im wanted maybe wasnt mean world maybe meant die alone depressed,feel lonely unwanted
1jdujkl,2025-03-18 07:43:01,suicidewatch,17,8,https://www.reddit.com/r/SuicideWatch/comments/1jdujkl/im_lonely_and_miserable_and_current_affairs_make/,lonely af literally one friend point everything shitty people awful want fucking die,im lonely miserable current affairs make want die
1h99ta9,2024-12-08 08:59:36,suicidewatch,49,19,https://www.reddit.com/r/SuicideWatch/comments/1h99ta9/im_so_lonely_maybe_if_i_killed_myself_people/,title want feel bad listening,im lonely maybe killed people would finally give shit
1iw54y5,2025-02-23 13:27:35,suicidewatch,5,12,https://www.reddit.com/r/SuicideWatch/comments/1iw54y5/realised_how_lonely_i_am_without_her/,close friend years gotten new relationship ive come terms wanted us try breaking years ago weve talked almost every single day strong connection outside family worked business animals hobbies meanwhile stuck retail job burnt constantly cycle wanting improve health improve depression anxiety find friends wanting enjoy things except didnt anything years every year im gonna get better shed happy wed meet couple times year spend long time together would feel slight pang wanting squashed knew wasnt ready sought therapy point made decision longer wait instead find new connections shes got sounds amazing little ive heard im still,realised lonely without
1jig3v6,2025-03-24 07:34:40,suicidewatch,2,7,https://www.reddit.com/r/SuicideWatch/comments/1jig3v6/lonely/,ill ended soon need someone talk dont want talk usual nonsense life hope want find someone level despair,lonely
o4a2wy,2021-06-20 22:33:53,suicidewatch,648,43,https://www.reddit.com/r/SuicideWatch/comments/o4a2wy/its_fathers_day_and_im_23_and_a_single_dad_and_i/,woke feeling sad cant stop crying dad took son shower etc im upset wish wasnt alive hate self bad im lonely sad really wish affection,fathers day im single dad feel lonely sad dont feel happy dont know wish wasnt alive right died accident really wish affection someone loves
1hz7b3y,2025-01-12 03:40:59,suicidewatch,23,13,https://www.reddit.com/r/SuicideWatch/comments/1hz7b3y/no_one_tells_you_how_lonely_it_is_after_surviving/,sorry kind unorganised messy im f looking back timetable type since everything already blurry morning felt like weeks ago already though two days also im really sorry refer anything today even though yesterday im proof read even barely focus reading words woke time school friday collected everything hoarded take wrote short note went coop buy two bottles water took bus shopping centre near school went toilet took half everything went bus stop made way back school minutes late walked science normal practical everything kind still fresh mind didnt really talk friends much english everything kind normal felt tad break took second half library,one tells lonely surviving attempt
1jc6k0x,2025-03-16 03:44:02,suicidewatch,8,4,https://www.reddit.com/r/SuicideWatch/comments/1jc6k0x/im_28m_never_been_in_a_relationship_before_or/,really dont care much anything else life pointless sad lonely romantically lonely without love life world feels empty feel void heart dont care work anymore making money want women love find desirable want someone share life experience,im never relationship even desired im short ugly im extremely romantically lonely hard keep going
1irzo53,2025-02-18 06:02:58,suicidewatch,39,4,https://www.reddit.com/r/SuicideWatch/comments/1irzo53/mental_illness_is_so_lonely/,feel like certain point one ever takes seriously ever like everyone thinks im crazy maybe wish someone would treat like person everyone avoids im horrible anyone mentally ill everyone starts avoid like people think itll last weeks itll gone im fucked ive way years im embarrassed see people know public clearly avoid know im mess even im better time people always think im going like idk breakdown honestly feel like suicide point option dont really choice whole life ruined im always going way seen way cause hospital stuff kind travels fast cause small town whatever everyone knows everyone kind vibe dont rea,mental illness lonely
1jdcyc0,2025-03-17 19:13:45,suicidewatch,1,4,https://www.reddit.com/r/SuicideWatch/comments/1jdcyc0/im_so_lonely/,plently friends okay none ever ineract feel like im watch get along theyre intrested things video games sports stuff feel like im teenage boy afterall really im interested im intrested meteorolog specifically tornadoes figure skating like man im fucking sissy rude anything dont know else explain sometimes get feeling like im ghost standing behind everyone watching movie one talk tried talk one friends tornado outbreak happened recently turned back started talking friend like im surrounded people feel loneliest ive ever felt really need friends dont see point living without friends dont like home atleast want feel okay scho,im lonely
mit5oz,2021-04-03 02:12:23,suicidewatch,414,65,https://www.reddit.com/r/SuicideWatch/comments/mit5oz/lonely/,exaggerating say ive isolated point friends one always always always reached first cant describe lonely anyone ever reach first ever despite constant reaching first im alive two kids would devastated cant even stand around depressed really need friends connection,lonely
1jkg4k4,2025-03-26 22:07:12,suicidewatch,6,1,https://www.reddit.com/r/SuicideWatch/comments/1jkg4k4/i_just_dont_want_to_be_lonely_anymore/,alone long im isolated live small town one friend barely speak online school barely see people family im havent gone real school years almost even go everyone seemed avoid like freak really dont get im autistic know dont think im freak want friends dont know anymore ive felt way long remember social anxiety theres hope reach people even online really scary feel disconnected,dont want lonely anymore
1jjxx4o,2025-03-26 05:07:17,suicidewatch,3,1,https://www.reddit.com/r/SuicideWatch/comments/1jjxx4o/i_am_so_lonely/,ive struggled mental health years day gone havent wanted kill myselfi friendsno one checks see even though im always checking otherssome days feel alone crynone girls ive inlove liked backi still virginthere something fundamentally wrong wish pain would endeveryone love leavesi mere memory bright boy wasi purpose feel empty importantly feel like let late grandmother raised downdoes life really get better,lonely
1j2js1i,2025-03-03 19:54:22,suicidewatch,13,3,https://www.reddit.com/r/SuicideWatch/comments/1j2js1i/extremely_lonely_and_tired/,dont want pain,extremely lonely tired
1jc549q,2025-03-16 02:33:08,suicidewatch,6,2,https://www.reddit.com/r/SuicideWatch/comments/1jc549q/im_so_lonely/,hello everyone towards end january fiancee left blue calling love life best friend favorite person world days left managed make three friends years since moved north ex wife stopped seeing dogs fiancee upped left argument nothing says prior giddy excitement planning wedding gone life never existed best friend spoken every day three years know wasnt person led believe stop subject loneliness left flat shared done countless things try make friends given time money try promote fellow musicians often expense musical career wanted make friends none speak one e,im lonely
1b5341k,2024-03-03 05:41:48,suicidewatch,65,42,https://www.reddit.com/r/SuicideWatch/comments/1b5341k/lonely_on_my_23rd_birthday/,hey guys yet alone birthday gotten three happy birthdays didnt feel like anything one asked go eat cake ice cream nothing dont even money atm today bored dull grey lifeless like every day always worse birthday birthday day youre supposed feel special least rest days youre supposed receive love people caring showing mom died recently otherwise things wouldve way different wouldnt able go day without something unfortunately dont one truly cared anymore dad hasnt tell hbd dont yet girlfriend friends family social life despite hard try lot people going eating drinking socializing really living life w,lonely rd birthday
1hgnx65,2024-12-18 04:54:57,suicidewatch,48,9,https://www.reddit.com/r/SuicideWatch/comments/1hgnx65/i_am_so_fucking_lonely/,isolate everyone find comfort solitude sometimes gets point want held bad want wanted want needed want absence noticed,fucking lonely
q8g9nt,2021-10-15 09:34:41,suicidewatch,560,69,https://www.reddit.com/r/SuicideWatch/comments/q8g9nt/one_hour_after_i_tried_to_kill_myself_i_had_a/,feel empty,one hour tried kill panic attack mom told stop caused enough scene today dunno never really forgot
1i6uhhf,2025-01-22 03:24:49,suicidewatch,1391,149,https://www.reddit.com/r/SuicideWatch/comments/1i6uhhf/i_killed_my_dad_and_im_not_sure_how_im_supposed/,bit warning anyone starts commenting ill likely responding lot taking lot start writing ill probably reading comments month th birthday dad got scammed lot money dating website made extremely pissed attacked knife way get shotgun managed wrestle ground get knife without stabbed wasnt able keep moving closer grab knife ended using hose tire pump nearby choke panic didnt think unwrap unconscious ran away called cops brother stayed outside cops got threw porch told dead spent entire night hours pajama pants inside holding area police station released next morning longer,killed dad im sure im supposed live anymore
1ilo0k7,2025-02-10 01:45:41,suicidewatch,4,3,https://www.reddit.com/r/SuicideWatch/comments/1ilo0k7/panic_attacks/,going make short severe depression anxiety im work goodwill weekends want know anyone constantly feels like world goes fast people seem bring energy dont perfect one yet contradicting expectations especially parent work expects perfection feel way life mostly everyday feeling hits work shifts job im mom feel like im failing people secretly know hate etc depression feels like mind wants die body wants live,panic attacks
1h4p2he,2024-12-02 12:19:27,suicidewatch,1,9,https://www.reddit.com/r/SuicideWatch/comments/1h4p2he/i_couldnt_take_meds_and_now_im_having_a_panic/,got sick kept vomiting yesterday couldnt take anxiety meds night woke super stressed already health anxiety hate vomiting really hard im scared take meds bc dont want feel sick hours since last felt nauseus,couldnt take meds im panic attack help
1ingrx9,2025-02-12 08:10:24,suicidewatch,1,0,https://www.reddit.com/r/SuicideWatch/comments/1ingrx9/ive_been_constantly_on_the_verge_of_a_panic/,want end wanna ok cant even remember last time ok,ive constantly verge panic attack three weeks straight
1fvuhe7,2024-10-04 14:11:30,suicidewatch,2,4,https://www.reddit.com/r/SuicideWatch/comments/1fvuhe7/i_made_a_horrible_irreversible_mistake_panic/,cant even begin describe happened know im sitting im alone bed wishing hadnt made idiotic mistakes way reverse isnt im awake middle night panic attack one talk toso im never end help,made horrible irreversible mistake panic attack
1g75qky,2024-10-19 15:39:48,suicidewatch,2,2,https://www.reddit.com/r/SuicideWatch/comments/1g75qky/how_do_i_stop_a_really_bad_panic_attack_omg_help/,,stop really bad panic attack omg help
1fyrzo4,2024-10-08 10:21:19,suicidewatch,2,1,https://www.reddit.com/r/SuicideWatch/comments/1fyrzo4/how_do_i_be_happy_for_my_friends_when_i_am/,,happy friends fighting anxiety panic attacks everyday
1g7w7xg,2024-10-20 16:34:28,suicidewatch,0,0,https://www.reddit.com/r/SuicideWatch/comments/1g7w7xg/body_dysmorphia_panic_attacks_its_killing_me/,anyone else get panic attacks small change like cutting inch hair kg body weight hours staring face body finding smallest change isnt even visible im sure called panic attack suddenly freeze cant breathe cant move heart hurts feel guilt shake lot tears come like waterfall try distract end taking pics hours trying see normal keep thinking abt next days week get super mad want change keep thinking abt point even dream nightmares abt dramatic idk happens esp waking morning feeling hurt think abt depressed get tired often feel sucdl guys please need help isnt normal idk go think psychotherapy would help never went therapy often hear avoid taking medications side ef,body dysmorphia panic attacks killing
173vmjt,2023-10-09 21:37:41,suicidewatch,51,24,https://www.reddit.com/r/SuicideWatch/comments/173vmjt/having_a_panic_attack_at_work/,hate working hate alive equipped survive teeth chattering cold cannot see way options left done everything fuck hotlines fuck doctors fuck journaling fuck faith fuck joy fuck hate,panic attack work
1e2wac4,2024-07-14 12:50:22,suicidewatch,14,6,https://www.reddit.com/r/SuicideWatch/comments/1e2wac4/is_there_such_a_thing_as_a_panic_attack_but_for/,im talking depressive episode mean comes suddenly leaves horrible gut wrecking sobbing sadness mellows taking course name,thing panic attack sadness
1giznep,2024-11-04 04:21:48,suicidewatch,663,131,https://www.reddit.com/r/SuicideWatch/comments/1giznep/i_was_gang_raped_at_10_and_cant_get_over_it/,im f gang raped first group friends raped brother already affected group knew much hurt anyway group first group came gay one girl guys used girl childhood best friend related anyone else cant sleep night feel fluids face body hair mouth eyes taste im horrified feel disgusting feel dripping skin hate fast heart beats everynight flashbacks non stop panic attacks havent told anyone even parents know something happened didnt believe said even happen fault one guys keeps texting everytime block makes new account triggers badly im tired want,gang raped cant get
1f278dt,2024-08-27 08:47:47,suicidewatch,1,0,https://www.reddit.com/r/SuicideWatch/comments/1f278dt/i_think_im_having_a_panic_attack/,dont know anymore want end go feel like dont belong anywhere cant anything life im sick feeling way want die,think im panic attack
1dr14ca,2024-06-29 08:11:29,suicidewatch,4,2,https://www.reddit.com/r/SuicideWatch/comments/1dr14ca/im_having_a_panic_attack_pls_help/,idk im getting really intense sh suicide urges alone cant breathe one talk best friend isnt answering phone pls someone help dont know hold longer,im panic attack pls help
1ijspwp,2025-02-07 16:46:38,suicidewatch,400,108,https://www.reddit.com/r/SuicideWatch/comments/1ijspwp/we_dont_want_to_die_we_just_want_the_pain_to_end/,pain please share us alone wake depressed every day live horrible things head murder dog dissapearance dog father abusive mother hated neglected growing without love suicides family members alcohol sold home made homeless bullied school sexually abused always poverty medical issues doctors cant help bad surgeries anxiety panic attacks depression social phobia fibromyalgia covid bad relationships wish could delete memories wish would end wish peaceful life full love kind people smilingfacewithtear,dont want die want pain end
1dhsfdf,2024-06-17 13:03:58,suicidewatch,3,2,https://www.reddit.com/r/SuicideWatch/comments/1dhsfdf/constant_panic_attacks_all_self_caused/,cant fucking anymore ill honest almost every day exausting debilitating panic attack cant help controlling fault im one causing issues cause every issue every persons life said dont want cry get hospitalized world fucking cruel fuck slitting wrists trying od jumping high places might im sick world fault hurt everyone know need end life dont help anyone im sick obsessive obese attentionseeking tranny everyone wants shut fuck im burden amongst society need leave,constant panic attacks self caused
1dtfhj9,2024-07-02 12:24:17,suicidewatch,1,0,https://www.reddit.com/r/SuicideWatch/comments/1dtfhj9/had_a_panic_attack_earlier_and_unsure_about_life/,months ago day girlfriend broke really minor stupid mistake made offered fix hoped reconcile refused work dumped instead came even whole month moved cities colleges part closer left feeling abandoned time needed someone time later tried talk course weeks felt like used attention left delivered days clearly giving time people finally confronted hurting breadcrumbing agreed go period contact unfollowed everything deleted pictures together put away gifts given thought would fine weeks later couldnt help checked social media,panic attack earlier unsure life
1cmx9sv,2024-05-08 11:20:02,suicidewatch,2,2,https://www.reddit.com/r/SuicideWatch/comments/1cmx9sv/had_a_panic_attack_in_the_middle_of_a_date/,im pathetic man get anxious nervous easily want run away something scares body betray situations need like im lovable one wants man whos like im embarrassed im tired god help,panic attack middle date
1cs2ezu,2024-05-15 02:03:37,suicidewatch,1,0,https://www.reddit.com/r/SuicideWatch/comments/1cs2ezu/i_scared_myself_into_a_panic_attack/,opened door two class rooms trying se friend couldnt see one part moved different side looked ex ground looked didnt expect soon looked jumped backwards grabbing friend started violently shake dropped ground curled ball panic attack dont know scared rest day couldnt focus shit wanted die want die still still scared watched friends die drowned river attempted suicide thrown blood stupid reason scariest thing thats happened seeing ex looking scariest thing,scared panic attack
1cqi8j1,2024-05-13 02:44:59,suicidewatch,1,0,https://www.reddit.com/r/SuicideWatch/comments/1cqi8j1/feeling_suicidal_in_the_middle_of_panic_attack/,hi everyone im currently middle panic attack suicidal ideation came back like fucking trains barreling towards havent feel suicidal months something else dont even know whats purpose post whether vent seek help share dont even know want pain stop,feeling suicidal middle panic attack
1aknhbf,2024-02-07 04:30:03,suicidewatch,2,76,https://www.reddit.com/r/SuicideWatch/comments/1aknhbf/i_am_hopeless/,girlfriend suicidal thoughts panic attack right dont know wants kill tells soon cant anything convincing go school psychologist didnt work convincing tell parents needs therapy didnt work talking didnt work distracting didnt work going every second day giving gifts talking time didnt work convincing contact anynomous suicidal hotline teens didnt work convincing get better didnt work nothing fucking works ideas hope die cant anything mental health breaking apart feel powerless want puke want rewind time change past somehow make feel better fucking hopeless edit told today could last time weve seen want fucking,hopeless
1j2m893,2025-03-03 21:42:10,suicidewatch,6,11,https://www.reddit.com/r/SuicideWatch/comments/1j2m893/i_feel_so_hopeless/,im severely overweight everyone always makes fun hard time loosing weight im struggling severe binge eating disorder right im trying starve know ill cave soon im fucking stupid hate everything im transgender wish wasnt wish could happy way born lost virginity consequently trust issues fear sex want end cant feel guilty used tell people hard time im going time dont want help leads problems want,feel hopeless
1jkx9n4,2025-03-27 11:30:46,suicidewatch,2,7,https://www.reddit.com/r/SuicideWatch/comments/1jkx9n4/so_mad_at_myself_theres_no_hope_a_desperate_cry/,cant believe ive fucked life much im already far gone infected wisdom teeth removed oral surgeon dollars dont never figured would apply state insurance good solution help finally get teeth dealt got automatically approved happy hit count household income im sure theyll ask information ill kicked pretty much got rid exiting health insurance reason gonna go er tommorow antibiotics tooth really hurting getting worse probably im enough debt dont need another huge bill sucks fucking knew slightest glimmer hope squashed fucking hate,mad theres hope desperate cry help really hopeless might end
1iz783b,2025-02-27 09:41:42,suicidewatch,3,11,https://www.reddit.com/r/SuicideWatch/comments/1iz783b/hopeless/,dont want die dont feel like options feel absolutely stuck life hole relationship someone dont even like anymore lost job sure move forward puritanical society stifling disgusting would want much sex positive society hate world become live us horrified political situation yah personal existential level feel like cant go forward,hopeless
1iit1vc,2025-02-06 08:52:39,suicidewatch,5,11,https://www.reddit.com/r/SuicideWatch/comments/1iit1vc/i_am_hopeless/,feel hopeless without way dont know else turn ive already asked heaven help ive psychologist ive spoken friends family hate school people strong made hated everyone city feel like criminal tried hard nothing effect feel like barren land nothing plant succeeds,hopeless
1jf9gfp,2025-03-20 03:46:17,suicidewatch,4,4,https://www.reddit.com/r/SuicideWatch/comments/1jf9gfp/i_feel_hopeless/,wish someone understood called suicide hotline one cares,feel hopeless
1jjb01j,2025-03-25 09:40:53,suicidewatch,1,3,https://www.reddit.com/r/SuicideWatch/comments/1jjb01j/im_hopeless/,ive tried killing times bullied teachers mental health providers unprofessional ignorant dont give shit saw people positions care help others repugnant embarrassed behalf even intervene acknowledge developing child embarrassing awkward cringey kid theyd rather avoid touting things inclusivity pretending theyve always bastions empowering young people exception abuse neglect happen lead people let happencontributed refuse even acknowledge later like evade responsibility makes angry time sad lonely feel like understand would feel mass shooter feeling trapped alone like everyone least id imagine could drive wont,im hopeless
1jgzc2f,2025-03-22 08:52:59,suicidewatch,2,2,https://www.reddit.com/r/SuicideWatch/comments/1jgzc2f/my_insurance_refuses_to_cover_my_psychiatry_and_i/,ive seeing multiple therapists psychiatrists different medications hospitalizations since worked medicaid mom makes much k year dont qualify got new insurance wont cover psychiatry mom refusing take says dont need anyways literally months ago fbi came house second time mental crisis told intensive treatment message got take everything make feel disgusted instead getting help im finally medicated since wont let see doctor ever wont able continue prescription month dont know anymore qualify programs would make everything cheaper refuses sign every day words cant live like,insurance refuses cover psychiatry feel hopeless
1jj0xng,2025-03-25 01:55:29,suicidewatch,1,1,https://www.reddit.com/r/SuicideWatch/comments/1jj0xng/i_feel_hopeless/,science non med student interest studies gone drastically th grade parents enrolled coaching felt helpless coping curriculum years scored less jm father expected big failed drastically boards also got ruined due toll dont know face situation cant even talk parents cuz theyll start blaming merightly feel like failiure never lived expectations even providing everything feel shame talking others isolated lost,feel hopeless
byd713,2019-06-09 03:36:58,suicidewatch,580,61,https://www.reddit.com/r/SuicideWatch/comments/byd713/any_body_else_feel_stressedanxious_guiltyhopeful/,,body else feel stressedanxious guiltyhopeful hopeless scaredsad suicidal around hour period give take
1ja6llm,2025-03-13 13:02:56,suicidewatch,3,2,https://www.reddit.com/r/SuicideWatch/comments/1ja6llm/it_feels_hopeless/,im mental breakdowns everyday go sleep wishing wake wish courage actually feel miserable dont even know anymore regret everything life wish could turn back time fix mistakes slap face day one day ill die dont know overcome,feels hopeless
1i4148u,2025-01-18 11:31:10,suicidewatch,5,4,https://www.reddit.com/r/SuicideWatch/comments/1i4148u/it_all_feels_hopeless/,moved away relationship displeased im back parents support new girlfriend left feel lost want die feels hopeless like mental health ruined something good thing kept around last time felt way cat lost months ago miss back problems nobody talk nobody find support problems nothing live means would dead wish means,feels hopeless
1iy5rwe,2025-02-26 02:33:29,suicidewatch,2,4,https://www.reddit.com/r/SuicideWatch/comments/1iy5rwe/everything_seems_hopeless_and_for_the_first_time/,ive suffering debilitating anxiety depression brain fog depersonalization months feels like never get better cant sleep cant eat cant live ive never si life becoming option anyone ever low come need thoughts cause im running faith,everything seems hopeless first time life word seems like legitimate option
1jjflqe,2025-03-25 15:14:54,suicidewatch,2,0,https://www.reddit.com/r/SuicideWatch/comments/1jjflqe/feeling_hopeless_this_helps/,friends rsuicide watch due troubled minds like bad place life presently suffering pain loneliness rejection poverty poor decision making key word presently recall suicidal sorrow many times things slowly changed things improved felt relieved persevered dark times healed thoughts killing seem absolutely absurd thinking yet tormented thoughts taking life friends take heart know suffering remember times recovered remember overcame felt good feeling suicidal something would never first rodeo yes want give yes day long exhausting strong dont give despite wicked thoughts mind telling value loved get throug,feeling hopeless helps
1jiuxu1,2025-03-24 22:01:03,suicidewatch,2,0,https://www.reddit.com/r/SuicideWatch/comments/1jiuxu1/lost_and_hopeless/,feel like whole life joke funny joke practical joke always expense world cruel place exhausting want live less every day people actually understand life always im everyone else think weak well maybe im weak,lost hopeless
1jcfa6s,2025-03-16 11:49:47,suicidewatch,2,1,https://www.reddit.com/r/SuicideWatch/comments/1jcfa6s/im_hopeless/,somehow started feeling hopeless dont see future im dont kids made achievements life fulfilled ego mom passed away years ago reason gave another perspective life quitted alcohol drugs also gave another perspective feel depressed dont think achieving dreams course grow career make money recognition dont want hateful family bullies people surround full hate lot haters achieved im broke dont see exit think future dont see feel time come worry partner dad think ok chance go ahead exit life would definitely go ahead dont want live anymore,im hopeless
1jb8ng3,2025-03-14 22:26:55,suicidewatch,3,1,https://www.reddit.com/r/SuicideWatch/comments/1jb8ng3/the_people_i_least_expected_offd_themselves_and/,last two years ive two people knew unalive one girl hung self boyfriends house ex one friends cared lot took shock found xmas one friends blew brains weird people bright lights dark world sister law also offd last year ive always thought death leaving life behind think life isnt worth days find failure flaws everything likely efforts unnoticed even worth effort fantasize falling asleep never waking wish somewhere woods one needs dispose body another fantasy ive taking bottle fields theres nothing miles horizon drink get guts take gun blow brains peaceful quiet poetic ultimately beautifu,people least expected offd makes hopeless
1hycdfd,2025-01-11 00:46:51,suicidewatch,5,9,https://www.reddit.com/r/SuicideWatch/comments/1hycdfd/had_500k_stolen_from_me_and_feel_completely/,around got crypto craze job time low level employee worked tirelessly took ot offered believed certain crypto investment apart savings already built point also would invest little bit every week knew would next big thing well ended right networth skyrocketed almost overnight decided quit job better able track investments use fund lifestyle worked really well years weeks ago woke everyday track investments lo behold money gone panicked double triple quadruple checked everything find real nightmare scenario finally occurred hacked drained everything know youre probably thinking meh another crypto bro gets deserves thats fine maybe something,k stolen feel completely hopeless future
1j7kanc,2025-03-10 04:32:04,suicidewatch,4,1,https://www.reddit.com/r/SuicideWatch/comments/1j7kanc/feeling_hopeless/,strange feeling want end everything yet dont possibility things may get better trauma dump mum died teen father left brought abusive aunt gran recently died last person partner plus years left weeks ago week agree defer placement degree months could seek mental health help actively suicidal one im trying hold mostly spite im failure would least like finish degree mostly hope theyll come back feel helpless dont friends friends friends say havent taken sides yet one person reached theyve offered place stay though reached silence overriding feeling cannot hurt pets carrying anything im tired kind words advice would appre,feeling hopeless
1jeap3r,2025-03-18 23:04:24,suicidewatch,1,0,https://www.reddit.com/r/SuicideWatch/comments/1jeap3r/i_feel_so_hopeless/,want finally heard also want everyone leave alone hurts alone everything could ask much friends loving family yet still nothing sometimes even ask bother shouldve killed back nothing matters anymore ive ridiculed walked since th grade ive scared open ever since people admit im nice yet still makes wonder everyone acknowledge ive nothing nice still make feel insecure ive never wanted anything die even dreams keep alive longer reason im still realized im last phase life right im freshman high school hoping make know wont feelings wouldve gone someone something stop im born extremely religious immigrant,feel hopeless
v1wp7i,2022-05-31 23:54:27,suicidewatch,2302,239,https://www.reddit.com/r/SuicideWatch/comments/v1wp7i/my_psychiatrist_telling_me_that_suicide_is_a/,,psychiatrist telling suicide permanent solution temporary problem turning around tell depression incurable likely require lifetime therapy medication
1hxuxij,2025-01-10 08:39:02,suicidewatch,334,69,https://www.reddit.com/r/SuicideWatch/comments/1hxuxij/contemplating_suicide_as_therapy/,anyone else find therapeutic comforting thinking suicide thinking fact end finally peace brings peace mind life people gets harder get older nice death look forward,contemplating suicide therapy
gfsv5a,2020-05-08 18:35:30,suicidewatch,850,170,https://www.reddit.com/r/SuicideWatch/comments/gfsv5a/why_does_everyone_think_therapy_is_some_miracle/,cbt literally psychologist psychiatrist therapist fucking whatever telling things already damn know dont motivation energy execute think positive focus breathing exercise find time things enjoy could pull shit ass fucking hate people tell get help fucking help help cant edit comments saying get put im done nothing put thats kinda depression,everyone think therapy miracle cure
1j2a24t,2025-03-03 09:32:42,suicidewatch,131,33,https://www.reddit.com/r/SuicideWatch/comments/1j2a24t/therapy_is_a_bullshit_scam/,want start saying therapy worksworked thats great power personnal experience ive going therapy every friday months far reinforced preconceived ideas walk vent shit happenedthoughts week get useless feedbackinsight leave parents currently paying mins feels fucking insane even work im worth selfish may sound wish born us could easily get gun cap,therapy bullshit scam
1i7r9a5,2025-01-23 06:27:59,suicidewatch,19,25,https://www.reddit.com/r/SuicideWatch/comments/1i7r9a5/i_shouldve_listened_therapy_isnt_helping/,someone subreddit told chance therapy wouldnt help right first session today could barely open discuss wanted person listening didnt seem understand feeling alluded fact therapy might even basically straight told could get core issue fix way matters soul crushing therapy last option im told therapist may even help depending pn things get coping strategies ive basically fully exhausted point attend another session stop going much process last chance get help others dont know whats left im trying hard find hope isnt found anywhere im panicking right need something happen,shouldve listened therapy isnt helping
bodzsr,2019-05-14 09:45:31,suicidewatch,536,114,https://www.reddit.com/r/SuicideWatch/comments/bodzsr/therapy_was_the_worst_thing_that_happened_to_me/,years ago suicidal lied therapist told going hospital emergency prescription change time made sense looking back feel like idiot got hospital honest felt suicidal made plans commit suicide method doctor told soon hed discussion would best second got wheelchair knew mistake shouldnt honest lied discussion prescription change locked hospital three days didnt even know long id finally got meet doctors wouldnt listen continuously mocked treated like child obsessed stupid parts life wouldnt listen diagnosis told already episodic depression major depressive forget,therapy worst thing happened
1ik5of0,2025-02-08 02:34:43,suicidewatch,18,15,https://www.reddit.com/r/SuicideWatch/comments/1ik5of0/therapy_makes_me_wanna_kms_bro/,open therapist next day school got called office dcf said gonna go house freaking told mom told therapist took pictures scars body like arm stomach thighs made give blades glass shards thank god hid blades room idk id couldnt cut dont even use glass cut anymore since theyre dull keep sentimental value since first thing used cut dont anymore showed mom left mom started yelling im ruining life trying cry hate therapy bro thought supposed confidential feb im kms,therapy makes wanna kms bro
1bj9sf9,2024-03-20 15:28:25,suicidewatch,150,39,https://www.reddit.com/r/SuicideWatch/comments/1bj9sf9/i_am_so_fucking_sick_of_words_like_it_will_get/,,fucking sick words like get better keep moving forward bs every single second day think world cant people understand therapy meds gym eaten healthy cure done
1j6pfth,2025-03-09 01:25:28,suicidewatch,4,5,https://www.reddit.com/r/SuicideWatch/comments/1j6pfth/therapy_made_it_worse/,therapy still bit hope thought still way want die even even professional help didnt made better like gave ultimate proof wont get better wont get easier whats point cant help im good anything cant help people truly reason continue im bad everything even failed first attempt wtf bro hopefully second one work avoid expecting anything disappointed fr fuck life cursed start,therapy made worse
1j2l8zn,2025-03-03 21:00:31,suicidewatch,4,5,https://www.reddit.com/r/SuicideWatch/comments/1j2l8zn/i_just_want_helptherapy/,im year struggling depression talked parents feel suicidal attempted keep saying things like ever hurt tell us knowing damn well dont care ive telling want therapy havent changed bit way get help,want helptherapy
1ivpai1,2025-02-22 23:52:06,suicidewatch,3,7,https://www.reddit.com/r/SuicideWatch/comments/1ivpai1/why_do_people_bother_to_reply_just_go_to_therapy/,venting sorry know expect reddit point dont understand everytime post asking advice serious problem subreddit besides one subreddits autism medical issues niche subjects somebody usually many people reply like could go therapy work problem would bother posting anything therapy whole life much mindset help currently actual problem much life let go ignore ignoring almost everything bother reply say dont even read post,people bother reply go therapy youve got issues ask advice problem
1jf2bzy,2025-03-19 22:50:51,suicidewatch,5,2,https://www.reddit.com/r/SuicideWatch/comments/1jf2bzy/i_just_want_to_end_it_all_im_such_a_pathetic/,ive tried therapy unfortunately nothing ever helped amount talking problems ever made think differently ever even give shit life couldnt even confess feelings towards woman felt strongly clearly im pathetic pussy cant accomplish anything life comes crumbling job almost killed last couple tried getting new job seemed like sure thing quit dead end job surprise surprise didnt get new job stuck even deeper hole started cant even get job soon fucking id expired wait months get appointmentso ill homeless soon dont even family actually give fuck feelings life last time talked family suicide ridiculed called selfish coward im sick every human around make blood boil poi,want end im pathetic human ive sick life since refuse go therapy
1jc2r8p,2025-03-16 00:46:48,suicidewatch,1,3,https://www.reddit.com/r/SuicideWatch/comments/1jc2r8p/does_therapy_really_help/,suffer depression im point life want internet keeps telling therapy helps talking never something helped rather made things worse man crying front others talking personal problems often opposite effect comparison women someone similar situation tell therapy really helps worth keep living,therapy really help
xiyai7,2022-09-20 09:23:35,suicidewatch,298,51,https://www.reddit.com/r/SuicideWatch/comments/xiyai7/kicked_out_of_therapy_for_being_suicidal/,apparently suicidal therapy told find services cant afford nothing made want die even im supposed dont get helped,kicked therapy suicidal
1jhqjfg,2025-03-23 09:15:05,suicidewatch,2,1,https://www.reddit.com/r/SuicideWatch/comments/1jhqjfg/i_wish_i_could_get_a_lobotomy_or_conversion/,failed killing cant help come conclusion cursed suffer transgender dumbest experience planet earth literally never female cannot tolerate realities body without fantasizing gouging eyes stripping flesh body problem cannot solved cannot fixed yet expected continue hope better future dont want trans hate hate cant get rid matter somehow either need find way break brain find method actually works,wish could get lobotomy conversion therapy actually worked
1jbe7tr,2025-03-15 02:30:11,suicidewatch,3,2,https://www.reddit.com/r/SuicideWatch/comments/1jbe7tr/i_cant_afford_therapy_or_meds_and_im_on_the_verge/,dont know fuck anymore every appointment made doctors psychiatrists cancelled state insurance looking months im already huge burden system insurance food benefits cant afford medication physical illness either even miracle cured mental illness would still sick literally cannot afford get better stuck cycle poverty think good population would agree better dead truly add nothing society would matter dead alive like genuinely would affect nothing brother reason havent done yet,cant afford therapy meds im verge suicide
1j9pxit,2025-03-12 23:12:58,suicidewatch,6,2,https://www.reddit.com/r/SuicideWatch/comments/1j9pxit/i_have_no_family_i_hate_all_of_my_friends_i_hate/,hate living gap,family hate friends hate entire earth existing exhausting therapy ever worked dont want live another minute comes dont fucking courage actually end wtf fucking bullshit like wtf
mtx39c,2021-04-19 15:13:55,suicidewatch,8,191,https://www.reddit.com/r/SuicideWatch/comments/mtx39c/gonna_kill_myself_after_therapy/,thats,gonna kill therapy
16nnhvu,2023-09-20 20:31:21,suicidewatch,144,44,https://www.reddit.com/r/SuicideWatch/comments/16nnhvu/therapy_is_entirely_worthless_and_a_waste_of_time/,ive wasted thousands dollars therapy entirely meaningless platitudes waste gas go appointment sit couch answer questions vent aw poor baby thatll dollars girl reddit free helpful get told kill internet thats helpful therapy need professional help yeah probably think professionals need help failed system fucked ass every turn im gonna pay pretentious twat say xyz diagnosis need take medicine therapy medicine one thing therapy biggest scam time though,therapy entirely worthless waste time
1jkv0ev,2025-03-27 09:08:45,suicidewatch,1,0,https://www.reddit.com/r/SuicideWatch/comments/1jkv0ev/therapy_without_getting_hospitalized/,im thinking getting back therapy idk think would work talk suicidal thoughts ive never luck usually therapy lie tell im suicidal talk start wasting time stupid questions worst get hospitalized happened twice talk nonsense doesnt matter yall navigate therapy talking suicidal thoughts also getting hospitalized secret third option therapy dont know,therapy without getting hospitalized
1j88iad,2025-03-11 01:58:15,suicidewatch,3,7,https://www.reddit.com/r/SuicideWatch/comments/1j88iad/relapsed_after_being_clean_for_half_a_year/,dont know life anymore feel like im easily replaceable dull friends say otherwise feels like mocking need advise dont know bring anymore,relapsed clean half year
1iy3ojp,2025-02-26 01:07:06,suicidewatch,1,9,https://www.reddit.com/r/SuicideWatch/comments/1iy3ojp/relapsed_my_99th_day_of_sobriety/,feel like joke lol longest streak sh yet ofc fucked anyways idk stop,relapsed th day sobriety
1j4h95o,2025-03-06 04:49:39,suicidewatch,2,5,https://www.reddit.com/r/SuicideWatch/comments/1j4h95o/i_want_to_relapse_and_die_when_the_year_ends/,feel really lonely im tired every single day feel way depresed even im try new things even im things right go classes meet friends family gou outside eat sleep properly feel tired bad dont want anymore relapse maybe habit ive clean almost months days think relapse maybe feel really lonely stressed idk,want relapse die year ends
1ji0p26,2025-03-23 20:07:34,suicidewatch,2,1,https://www.reddit.com/r/SuicideWatch/comments/1ji0p26/relapsed/,alot happened lately idk start relapsed recently ive getting suicidal thoughts didnt think id get back state lost everything energy interact anyone ive ghosted people know feel lost enough dont wanna bear pain anymore im exhausted ive never felt truly happy always pretended idk cant happy thoughts getting intense lately dissociate alot idk idk im even typing wouldnt wasnt pulled night one last thing cross bucket list thats wont let anyone stop time,relapsed
1jc6ug0,2025-03-16 03:58:02,suicidewatch,0,1,https://www.reddit.com/r/SuicideWatch/comments/1jc6ug0/i_relapsed/,days clean cutting relapsed couldnt even get deep wanted looks stupid stupid thing ruin streak tiny cuts want go deeper want kill dont know life isnt going anywhere anyways fucked cant fix like suicides option,relapsed
1j8gt49,2025-03-11 08:13:22,suicidewatch,1,2,https://www.reddit.com/r/SuicideWatch/comments/1j8gt49/relapsed/,tw sh title says relapsed self harm today cut first time months deepest ive ever gone im scared gonna heal wish guts finish job feel ashamed im failure tried hanging nights ago couldnt cant even cut wrists right chickened maybe next attempt ill finally get,relapsed
1jg7q92,2025-03-21 09:01:26,suicidewatch,2,0,https://www.reddit.com/r/SuicideWatch/comments/1jg7q92/gonna_relapse_tonight/,already pretty borderline day messaged person care anything telling cant anymore wanted fwb readyand said okayeven though stayed loyal interest anyone else even though knew bad mental health abusive pasti said okay themand cant anymore want alone im ready harm never matters much care much effort put always end one crying sleep regular never matter im never enough want done crying want stop existing,gonna relapse tonight
1j9fkwi,2025-03-12 14:14:45,suicidewatch,2,1,https://www.reddit.com/r/SuicideWatch/comments/1j9fkwi/i_think_im_relapsing/,attempted multiple times time times almost yearly lol im think might genuinely lifes never worse everyones acting weird idk everything seems nothing seems correct almost life slowed crawl still live go friends school day home sit room homework read scroll everything feels surreal incomprehensible dont know scars disappeared im months clean feel like relapsing thoughts keep hitting keep telling mom sad hows grandma gonna fare would dad get along brothers would sad feel like pos anyones fault funny thing anyones fault people whove passed ive quite friends pass age havent kept many close friends since feel like everyone,think im relapsing
1iubfkj,2025-02-21 04:02:27,suicidewatch,1,3,https://www.reddit.com/r/SuicideWatch/comments/1iubfkj/im_relapsing_and_regressing/,im starting hate alive havent felt way ive always struggled mental health middlehigh school hell self harming suicidal always depressed name somehow got better really good relationship helped lot helped person suddenly wasnt like long story short love life admitted suicide plan whole year two weeks later broke got someone else month later break started losing friends even best friend time literally worst time life persevered last months ive deep hole im constantly stressed extremely depressed lonely terrified future stressful unpredictable dating life backstabbing friends cant take anymore ive trying make things better months im smoking much im worried,im relapsing regressing
1j2y57n,2025-03-04 06:04:43,suicidewatch,2,1,https://www.reddit.com/r/SuicideWatch/comments/1j2y57n/eating_disorder_relapse_getting_worse/,ed relapse hi iv sobbing days eaten much iv anorexic years recovery year sure good felt good anxiety guilt caught onto two months back cry eating feel horrible panic attacks daily lost alot familys started see im thin im lost dont want reach feet advice need vent bmi almost know bad unhealthy cant help anymore iv given entirely hopeno joy nothing think food knyits much related subreddit im lost nothing live except getting thin look sickly like death,eating disorder relapse getting worse
1ies5x2,2025-02-01 04:38:47,suicidewatch,10,4,https://www.reddit.com/r/SuicideWatch/comments/1ies5x2/guys_i_fucking_relapsed/,relapsed something damn stupid fucking days clean feel like fucking failure literally wanna end damn stupid dont even know anymore,guys fucking relapsed
1j895ib,2025-03-11 02:24:49,suicidewatch,1,0,https://www.reddit.com/r/SuicideWatch/comments/1j895ib/i_just_relapsed_after_not_cutting_for_3_months/,feel shit relapsed feel like cant stop started never long clean last spring already loaded shotgun mouth wasnt able kill feel like spring go till end hate people happy spring hanging friends fun cause see realize lonely really want kill feel like attention seeking piece shit cause cut complain feel like taking resources people really need,relapsed cutting months
1icnu7b,2025-01-29 12:10:50,suicidewatch,1,5,https://www.reddit.com/r/SuicideWatch/comments/1icnu7b/i_feel_so_worthless_after_relapsing/,luckily week since incident cant convince im good person anymore reason relapsed first place stopped hobbies like going gym going outside really feel like dont deserve anything,feel worthless relapsing
1isy7f1,2025-02-19 11:09:14,suicidewatch,1,2,https://www.reddit.com/r/SuicideWatch/comments/1isy7f1/i_want_to_relapse_so_bad/,ive self harm clean year urges eating feel bad think way ive able staying otp bf im still thinking practically entire time life good dont get way guilt crushing genuinely feel like cant take anymore,want relapse bad
1j133yf,2025-03-01 21:49:09,suicidewatch,5,0,https://www.reddit.com/r/SuicideWatch/comments/1j133yf/my_cat_diedi_relapsed_on_drugsi_got_caught_and_my/,hey ive struggled much past life movie good one haha ill forever haunted whatever got arrested n shit family abused shit mentally well physically living cat wanted better always knew anything happened passed unexpectedly although using know everything right happened im f atheist living muslim community muslim abusive family drugs thing distract shit hole im living dont surprised cant make decisions adult im forever minor live lol especially junkie nobody would hear respect older sister looked stuff found dope proceeded beat im much taller im fit couldve taken punch didnt even defend numb thinking end,cat diedi relapsed drugsi got caught family abusing think
1j0jkdg,2025-03-01 03:31:01,suicidewatch,2,0,https://www.reddit.com/r/SuicideWatch/comments/1j0jkdg/bpd_self_harm_relapse/,years old diagnosed bpd saw psychiatrist camhs five months ago assessed diagnosed started fluoxetine mg today ive put onto mg instead cuz relapsed self harm ae tuesday arterial bleeding needed staples close refused see crisis called anyway discharged hours arrived dont think camhs help anymore condition severe handle mum dad want hospital full time support doctor suggested cuz actively suicidal self harming im waiting list dbt therapy camhs tier either inpatient outpatient depending whether think kept safe home im sure bothering recover anymore awful diagnosis high chance never going remission actual cure ive struggling years,bpd self harm relapse
1itue36,2025-02-20 14:40:26,suicidewatch,2,1,https://www.reddit.com/r/SuicideWatch/comments/1itue36/i_relapsed_depression_and_feel_trapped/,thought healed grief depression started feeling like hurting pain losing daughter little brother tryign take life much dont know grades horrible everything going bad want get better whats point im going relapse think im starting feel better,relapsed depression feel trapped
1izjfjr,2025-02-27 21:43:05,suicidewatch,1,0,https://www.reddit.com/r/SuicideWatch/comments/1izjfjr/relapse/,cant wait relapse starstruckstarstruck,relapse
1itpt46,2025-02-20 09:43:26,suicidewatch,0,1,https://www.reddit.com/r/SuicideWatch/comments/1itpt46/relapsing/,dont even remember long ive clean id guess months relapsing someone hurt said someone doesnt care world,relapsing
1iqg7xh,2025-02-16 06:19:03,suicidewatch,1,1,https://www.reddit.com/r/SuicideWatch/comments/1iqg7xh/anorexia_relapse/,cant anymore seriously cant developed anorexia years ago age tried recovering first time november failed miserably couldnt seek professional help cause parents long story relationship miserable october turned thats finally sought professional help hoped could recover failed felt hopeless attempted end life november attempt failed hospitalized inpatient came back december tried recovery difficult pushed made progressi finally eating three meals day im back square one last two weeks started counting calories today cant eat physically canti feel like im going puke im tired get anything thought food wont leave mind feel like im honestly going crazy di,anorexia relapse
e8gjky,2019-12-10 03:11:43,suicidewatch,2828,348,https://www.reddit.com/r/SuicideWatch/comments/e8gjky/raped_in_front_of_my_girlfriend_feeling_like/,dont know say feel like life falling apart three weeks ago apartment broken strangers girlfriend sleeping awful horrific long night witnessed every single thing hours prolonged humiliation abuse strangers destroyed shredded every bit selfesteem sanity hell put simply left bleeding heavily stunned girlfriend tied screaming didnt move took comprehend reality eventually get weeks later paranoid unable look reflection without feeling disgust spend time university lectures thinking ending life didnt tell single soul feel ashamed feel pathetic weak girlfriend one knows though everyone around telling ive ignoring lately calling,raped front girlfriend feeling like giving
1ijspwp,2025-02-07 16:46:38,suicidewatch,395,108,https://www.reddit.com/r/SuicideWatch/comments/1ijspwp/we_dont_want_to_die_we_just_want_the_pain_to_end/,pain please share us alone wake depressed every day live horrible things head murder dog dissapearance dog father abusive mother hated neglected growing without love suicides family members alcohol sold home made homeless bullied school sexually abused always poverty medical issues doctors cant help bad surgeries anxiety panic attacks depression social phobia fibromyalgia covid bad relationships wish could delete memories wish would end wish peaceful life full love kind people smilingfacewithtear,dont want die want pain end
xzh07i,2022-10-09 14:37:03,suicidewatch,7,4,https://www.reddit.com/r/SuicideWatch/comments/xzh07i/im_too_much_of_a_coward_to_actually_off_myself_so/,ive high functioning substance abuser savings account expiring soon enough live time succumbing full degenerate lifestyle without contributing anything society hopefully bringing death closer wait years damage already irreversible thing hard time letting go cats better home edit wanted keep short sweet finally writing feel opened floodgates ramble little bit dont know feels little good finally tell someone whoever might read remember first thoughts suicide child good childhood mom adored shitty father thats far norm sa incident teens dont think thats broke life severely depressed dont know thats ri,im much coward actually ive abusing body alcohol cigarettes insides started hurting earlier year cant wait finally
10tjd47,2023-02-04 21:13:03,suicidewatch,2,0,https://www.reddit.com/r/SuicideWatch/comments/10tjd47/28_year_old_male_with_anxiety_drugalcohol_issues/,year old male anxiety drugalcohol issues friends emotionally abused child feeling sorry long post warning warning gets kind dark goes stuff ive never shared need help hoping somone might able give perspective thoughts ive around upbringing relationship parents parents didnt teach much younger devout catholics took us church every sunday im prayed us mealtimes little embarrassed aspect childhood since none friends religious felt bit outsider especially would come round house play see religious symbols dad musician wrote christian rock music put online others school became aware id get mocked think knew kind embarresed,year old male anxiety drugalcohol issues friends emotionally abused child feeling sorry
wz4ild,2022-08-27 20:11:03,suicidewatch,5,1,https://www.reddit.com/r/SuicideWatch/comments/wz4ild/i_really_dont_understand_why_my_mom_keeps_putting/,,really dont understand mom keeps putting alcoholic abusive jobless father nothing hurt us shame eldest still young siblings im scared anytime anything worst happen us
tu70h9,2022-04-02 06:56:11,suicidewatch,1,4,https://www.reddit.com/r/SuicideWatch/comments/tu70h9/tw_abuse_drugs_alcohol_divorce_sh_suicide_i_cant/,im im tired cant anymore im close father mouth pain mother went nasty divorce father got custody must visitation mother whos abusive drinks court orders say neither parent alcohol unless medical reason mother must provide transportation every sunday place back mother doesnt drive father kind decided bring every weekend stay sunday mother didnt change kept old ways threatens take back court every minor thing hate entitled stupid shes huge narcissist shes worst mother could ask female look wants report father cps putting whisky teeth mouth pain spits though doesnt get drunk get taken father swear god im going kill wont say,tw abuse drugs alcohol divorce sh suicide cant anymore im ready go dont care
ufvr3e,2022-05-01 14:19:49,suicidewatch,3,0,https://www.reddit.com/r/SuicideWatch/comments/ufvr3e/every_holiday_was_and_still_is_a_living_hell_for/,suffer everyday born fucking monster life beyond fucked one cares fuck wrong world cant even kill properly,every holiday still living hell mentally ill alcoholic abusive parent
t9sbk9,2022-03-09 03:43:44,suicidewatch,3,1,https://www.reddit.com/r/SuicideWatch/comments/t9sbk9/living_in_a_country_in_a_literal_state_of_war/,call living life hard mode im terrified next time mother throws tantrum might stupid fucking things suffering bad im thinking finding nice spot city cut veins nobodys going stop perhaps train could better,living country literal state war abusive mentally ill alcoholic mother aspergers tinnitus plus many issues
q06lmo,2021-10-03 05:37:34,suicidewatch,2,3,https://www.reddit.com/r/SuicideWatch/comments/q06lmo/my_dad_said_im_worse_than_his_deadbeat_alcoholic/,racked tens thousands debt dropped college living parents money sent college im unemployed im severely depressed havent taken shower days didnt talk family year minutes ago dad found already attempted many times today last im scared tired disappointed kind person ive become im truly useless worthless hopeless love love love family hope theyll hate forget hope theyll never get depression hope theyll live long happy lived burden im dying burden im even willing try fucking pathetic deserve die thats best thing,dad said im worse deadbeat alcoholic abusive brother realised true
atoxys,2019-02-23 05:49:53,suicidewatch,0,13,https://www.reddit.com/r/SuicideWatch/comments/atoxys/im_being_abused_by_my_alcoholic_father/,dont want alive anymore dont know put im loss words ill try ending tomorrow,im abused alcoholic father
oklo16,2021-07-15 10:18:54,suicidewatch,2,0,https://www.reddit.com/r/SuicideWatch/comments/oklo16/alcohol_abuse_has_made_it_so_hard_to_make_it/,nvm delete,alcohol abuse made hard make day
fx6hsi,2020-04-08 18:59:47,suicidewatch,9,2,https://www.reddit.com/r/SuicideWatch/comments/fx6hsi/alcohol_and_drug_abuse_as_a_substitute_for_suicide/,im suicidal thoughts dont want mom wouldnt understand avoided alcohol pointm tendency get fucked drinking dont like reality living nonsense working releases happy chemicals hour day back fantasizing vacating skull buckshot high functioning addict really bad loved ones get see live suffer get escape good part day,alcohol drug abuse substitute suicide
eavf37,2019-12-15 11:39:06,suicidewatch,1,1,https://www.reddit.com/r/SuicideWatch/comments/eavf37/out_of_e_everything_i_had_to_deal_with_growing_up/,everything thing cannot forgive thing still blindingly angry fact even gave life begin bring world never ending struggle suffering pain,e everything deal growing alcoholic abusive father mother desire raise moved escape father
1hhk6jr,2024-12-19 09:24:04,suicidewatch,98,45,https://www.reddit.com/r/SuicideWatch/comments/1hhk6jr/it_feels_like_being_trans_is_a_death_sentence/,rate suicidal thoughts high suicide attempt rate nonbinary trans people high rate abusing drugs alcohol im transmasc trans men highest suicide suicidal thoughts im pretty close trans man feels like world live fucking death sentence,feels like trans death sentence
3zs96k,2016-01-07 04:01:46,suicidewatch,5,10,https://www.reddit.com/r/SuicideWatch/comments/3zs96k/ive_lived_through_abuse_poverty_neglect_three/,used afraid die recently finally figured perfect way kill think holding onto hope boyfriend would actually start change im point think might hate theres lot resentment previous issues ill spare long backstory honestly felt left ago left weve together years think poisonous think weve ruined others lives often think would life like left years ago im terrible girlfriend person know feel guilty thinking things want love butits gone cant force anymore realized tonight little source convenient comfort mom crazy abusive psychopath filling hole requires attention unconditional love basically mom,ive lived abuse poverty neglect three mental illnesses alcoholism always said would get better opposite true
az834x,2019-03-10 02:34:56,suicidewatch,5,2,https://www.reddit.com/r/SuicideWatch/comments/az834x/abusive_alcoholic_parent/,mum went awful period alcoholism still drinks near bad still gives extreme anxiety mum used drink awfully used hit throw things say horrible things acts never happened day said shes never physically hurt anyone purpose due anything mental health acknowledging years makes feel even worse dont know doesnt remember drunk time trying ignore happened really gets one many reasons im fucked mentally,abusive alcoholic parent
1pacvb,2013-10-27 06:23:50,suicidewatch,1,7,https://www.reddit.com/r/SuicideWatch/comments/1pacvb/how_long_to_kill_oneself_with_alcohol_abuse/,ive posted trying keep folks im eager assume room temperature im tired pretending im interested watching everything life play somy plan drink death emphysema already high risk heart disease im supposed statin cant afford im dont health insurance performed biological function generally pretty fucking depressed seeing people depression im pills talking pills dont seem anything whats keeping going daughter wanting avoid fucking inevitable fuck mum dad still since ex happy justify destroying family unhappiness think might happy drink early grave mine question long take im particular hur,long kill oneself alcohol abuse
53qm5p,2016-09-21 06:12:53,suicidewatch,3,1,https://www.reddit.com/r/SuicideWatch/comments/53qm5p/suicidal_depressed_stressed_lonely_abusing/,well title let start talking last issue able get help live rd world country mental health problems utterly neglected insurance cover mental health therapy related issues cannot afford form group sessions general gatherings thing either really want talk therapist simply cannot managed call us national prevention suicide hotline talk twice first time ended guy telling really resources help people outside states suggested alternative services hotlines thought calling second time yesterday started call explicitly saying cannot get form therapy asked continue call based fact however end well near end asked thinks suicide could rat,suicidal depressed stressed lonely abusing alcohol cannot get help feeling worse calling hotline
4kqvzt,2016-05-24 04:55:54,suicidewatch,3,1,https://www.reddit.com/r/SuicideWatch/comments/4kqvzt/i_have_too_many_reasons_drug_problems_rape/,family emotionally abused neglected entire life past years struggled suicidal ideation believing would die time least hoping would knew would able handle life adult constantly discouraged dad successful stockbroker dad alcoholic kid drinking drugs like ecstacy vicodin cocaine acceptable done front sister old enough know birthday parties consisted family drinking friends would enjoy lack supervison friends probably didnt home everyone family graduated college degree except still havent finished associates psychology junior college havent yet younger cousins still highschool adolescent struggled encopresis unkn,many reasons drug problems rape emotional abuse alcoholic parents friends
okgd08,2021-07-15 04:54:20,suicidewatch,662,63,https://www.reddit.com/r/SuicideWatch/comments/okgd08/i_wish_i_had_killed_myself_when_i_was_a_teenager/,never actually actively suicidal thought ever since early teens something pretty traumatic happened sort back door know never something considered going near future didnt plan anything really thought way comfort enough really simple thought wont last forever end day usually enough keep feeling panicked claustrophobic simply alive growing navely thought life would automatically get better without actually putting time effort make prospect becoming unemployed depressed washed adult didnt even occur convinced time would either dead gotten shit together decent job maybe even steady relationship inbetween sad existence something didnt expect year old,wish killed teenager
168ipyk,2023-09-03 06:01:24,suicidewatch,403,158,https://www.reddit.com/r/SuicideWatch/comments/168ipyk/im_going_to_start_doing_heroin_in_hopes_that_i/,remember correctly heard somewhere first time heroin users eventually die substance intend part statistic ive long history halfsuicideattempts irresponsible drug use ive overdosed times twice near fatal mixing alcohol xanax hopes dying death without care world didnt work need get something likely kill dont guts kill id feel guilty guilt feel heroin intent dying equal guilt would feel simply committing suicide isnt also ive long plan overdosing heroin intentionally ever find life end within next weeksmonths feel like cant imagine die want blissful euphoric drug access im broke th month,im going start heroin hopes accidentally od
1az4bi2,2024-02-25 01:52:54,suicidewatch,30,13,https://www.reddit.com/r/SuicideWatch/comments/1az4bi2/overdose_know_how_tw_tips/,back hospital wanned share something overdosed ton times experience addicted selfharm one worst ideas harming body took prescribed psychotropic drugs ended seizure artificially held alive couldnt walk speak properly guide antipsychotica psychotropic drugs much side affects might make hyperactive extremely tired probably diarrhea nausea putting toxins body enough go ea admitted mental hospital hospital definetly show alarming symtoms shivering extreme tiredness heart race low blood pressure throwing shitting yes pooping pants pretty feel like fainting emergency room call ambulance right end seizures fainting organ failure permanently leave disab,overdose know tw tips
1ihvuq0,2025-02-05 04:57:54,suicidewatch,7,14,https://www.reddit.com/r/SuicideWatch/comments/1ihvuq0/best_drugs_to_overdose_on/,legtimately thinking killing feel like whole world crashing nothing ever gets better matter hard try improve past always comes back haunt havent decided method yet wondering anyone knew drugs easily accessible guaranteed kill take much,best drugs overdose
1icxf57,2025-01-29 21:43:44,suicidewatch,0,5,https://www.reddit.com/r/SuicideWatch/comments/1icxf57/whats_the_easiest_drug_to_overdose_on/,help,whats easiest drug overdose
1gu1moj,2024-11-18 15:47:11,suicidewatch,1,12,https://www.reddit.com/r/SuicideWatch/comments/1gu1moj/is_it_possible_to_die_by_overdosing_any_common/,please name really effective take hour collapse bed im shit rn gotta go soon,possible die overdosing common prescription drugs
1i34qbn,2025-01-17 06:44:18,suicidewatch,0,4,https://www.reddit.com/r/SuicideWatch/comments/1i34qbn/drug_overdoses/,consuming large amount ibuprofen tylenol acetaminophen together lethal overdose,drug overdoses
1i4yj5r,2025-01-19 19:04:05,suicidewatch,2,3,https://www.reddit.com/r/SuicideWatch/comments/1i4yj5r/best_drugs_to_overdose/,morphine years ago need find aside cold medicine u suggestions please lmk,best drugs overdose
9wr0c6,2018-11-13 22:50:47,suicidewatch,285,88,https://www.reddit.com/r/SuicideWatch/comments/9wr0c6/i_got_arrested_buying_drugs_off_the_darknet_that/,depressed third life last years attempted suicide overdose opiates benzos alcohol times last years first time woke next day continued like nothing happened second time parents found emt able narcan resuscitate third time overdid benzo analogue enough alcohol opiates stop breathing ended coming days later dont know unconscious days incredibly week dehydrated disoriented almost year half ago every time survive try give life another shot every year find worse worse know incredibly lucky wish succeeded first time someone deserving survived suicide feel like movie office space everyday feels like worst day life dont want go exact details led,got arrested buying drugs darknet intended kill via overdose facing felony years prison whats point continuing
1hddvpw,2024-12-13 20:22:19,suicidewatch,3,0,https://www.reddit.com/r/SuicideWatch/comments/1hddvpw/is_this_list_reliable_it_said_just_alcohol_in/,hard find first good step even though drugs hard find,list reliable said alcohol drug overdose
158whxg,2023-07-25 09:04:54,suicidewatch,93,31,https://www.reddit.com/r/SuicideWatch/comments/158whxg/i_think_im_going_to_overdose_myself_with_sleep/,ive done times already almost killed also helped pass days every time took passed hours following hours im awake cant remember stuff healthy ive got marks brain health related shit god damn fastest way skip days would disappointed died really know would hurt mother hand shes one would care would sad dog life without actually thing keeping alive right shes least another years go ive made deal goes ill go know mom would strong enough handle death fight justice government fucked shit real big time die small portion text grave saying bad government handled shit im sure n,think im going overdose sleep drugs great way brain dead x hours
1fz1mdc,2024-10-08 20:19:37,suicidewatch,1,0,https://www.reddit.com/r/SuicideWatch/comments/1fz1mdc/im_a_17year_old_indian_and_drugs_or_a_gun_are_not/,,im year old indian drugs gun easily accessible cant really jump hang either pharmaceutically available drugs kill overdosed mixed drugs
1f28337,2024-08-27 09:34:47,suicidewatch,1,0,https://www.reddit.com/r/SuicideWatch/comments/1f28337/what_is_an_over_the_counter_medication_or_drug/,,counter medication drug may able successfully overdose
1ehgqb4,2024-08-01 19:00:31,suicidewatch,1,1,https://www.reddit.com/r/SuicideWatch/comments/1ehgqb4/what_drugs_to_use_to_overdose_and_d3ee/,im done life nothing matters anymore,drugs use overdose dee
1cts9z9,2024-05-17 05:58:43,suicidewatch,3,4,https://www.reddit.com/r/SuicideWatch/comments/1cts9z9/i_need_an_answer_how_can_i_make_drug_overdose_work/,tried methods didnt work cutting neck wrists hanging failed set fire paracetamol think took didnt work took didnt work took didnt work took half days ago didnt work wrong make work felt pain vomited felt dizzy slept woke pain dizziness nauseousness even gone everything fail long explanation,need answer make drug overdose work
1ct5i53,2024-05-16 10:49:30,suicidewatch,1,0,https://www.reddit.com/r/SuicideWatch/comments/1ct5i53/this_stuff_is_such_a_mess_ik_it_gets_better_but_i/,im bunch stuff happens veryyy rarely like intensity duration often happens increasing still rare mild hallucinations like seeing lights text black figures hear random noices also get paranoid especially im public literally see everyone whos direct vision staring arent see black figures looking every noice sounds like name involuntary eye movements like rolling stuff barely walk straight sometimes cant even get bed feel light headed disoriented something happen every day voice head likes power loves killing stuff hes done like insects stuff almost killed felt shit dont usually remember unless someone tells tells usually lies take control fully thats happens otherwise says hurtful stuff,stuff mess ik gets better dont want want end idk want drugs want alone pass away one day overdose something dont care beautiful life purpose anything wish done sooner
14ius9u,2023-06-26 00:55:16,suicidewatch,23,14,https://www.reddit.com/r/SuicideWatch/comments/14ius9u/i_am_a_pedophile_i_have_never_touched_a_child_or/,,pedophile never touched child consumed media harmed child pedophile easiest obtainable drug overdose dont strength mental fortitude cut open veins wrists need die
18nb13f,2023-12-21 07:04:34,suicidewatch,1,2,https://www.reddit.com/r/SuicideWatch/comments/18nb13f/i_plan_to_travel_the_world_and_end_it_by/,hi ive depressed many years isnt getting better im incredibly lonely good times ive year travelling whenever come back travelling go back normal life depression gets much worse decent amount money saved want blow travelling world overdosing heroin run money im life sucks cant really socialize without alcohol adhd depression anxiety insomniac frankly dont get anything life ive never wanted children dreams becoming musician didnt really work hate life im living yet doesnt seem way change least long im fail everything cant stick anything end getting bored hating whatever im want go bang least least die less regret missing stuff,plan travel world end overdosing drugs
12l3qsj,2023-04-14 02:21:59,suicidewatch,12,11,https://www.reddit.com/r/SuicideWatch/comments/12l3qsj/so_overdosing_on_prescription_drugs_now_in_a_coma/,im absolutely shattered devastated think im losing mind want know theres hope waking fluid buildup lungs lot doctors arent much treat coma almost days every passing day feel like im losing piece sanity day heading home cried like never seen telling cant take anymore bpd progressively worse didnt think much feeling like wants die become norm wish reacted differently wish paid attention wish kissed told going okay wish didnt tell relationship going work keep acting like frustrated keeps going medication feels okay doesnt ongoing cycle shouldve sensed time,overdosing prescription drugs coma
12sok3u,2023-04-20 11:53:19,suicidewatch,5,3,https://www.reddit.com/r/SuicideWatch/comments/12sok3u/would_overdosing_on_an_opioid_drug_like_heroin/,im exactly suicidal right stuff might happen future would leave choice wanted prepare situation come unfold anyone whos knowledgable regard,would overdosing opioid drug like heroin jumping body water lead somewhat painless death
11jr1y6,2023-03-06 12:14:09,suicidewatch,1,3,https://www.reddit.com/r/SuicideWatch/comments/11jr1y6/im_disabled_half_my_body_gives_out_on_me_im_a/,cant find anymore medical help ive lost friends cant even emote properly half face weaker cant move whole lot episode one side body goes top realize mistakes life hope correcting im burden fiance father love much parkinsons feel guilty cant hold longer plan taking car transporting wheelchair local park homeless ill text fiance come pick car hide key ill integrate local homeless hopefully get drugs hope overdose used artist incredibly fit lively loved people thats gone dont know else say thats quick synopsis without going indepth guess share somewhere thank,im disabled half body gives im burden plan becoming homeless overdosing drugs
1j62b9h,2025-03-08 04:04:40,suicidewatch,130,56,https://www.reddit.com/r/SuicideWatch/comments/1j62b9h/male_29_unemployed_after_burnout_living_with_mom/,nothing else say way year looking source cyanide sodium potassium far nothing another option hekium risks failure permanent disability family doesnt give shit calls useless lazy im old actually reconvert one want hire someone like anyway theres nothing left killing ill favor entire world im completely worthless,male unemployed burnout living mom even vision issues balding utterly worthless
1hb0346,2024-12-10 17:24:30,suicidewatch,2,0,https://www.reddit.com/r/SuicideWatch/comments/1hb0346/a_burnout_and_a_waste/,cant deal anymore ive suicidal since fourteen ive made lot bad decisions since keep trying change life happening dont know wasnt supposed like dont know cope im sitting entrances feels like gruelling every day struggle panic attacks time wish died long time ago really wish wasnt anymore,burnout waste
1i66dze,2025-01-21 06:25:59,suicidewatch,688,109,https://www.reddit.com/r/SuicideWatch/comments/1i66dze/i_want_to_die_because_i_dont_want_to_work/,im glad relatively good childhood normally child means get see good part world innocent protected people care dont work one warns growing suddenly supposed adapt smile things work world accept going slave dont mentally ill homeless going prison believe people love jobs dream always work x job brainwashed people jobs nowadays demand much hours labor pay bare minimum survivenot even isnt slavery im young adult processing fact im spending little time earth working like slave rich people perfect lives due born rich nepotism luck know get burnout people burnout enough actually go system huma,want die dont want work
1d1gkrn,2024-05-27 07:12:53,suicidewatch,1,0,https://www.reddit.com/r/SuicideWatch/comments/1d1gkrn/burnout_abt_life/,today feel regret everything done life many opportunity miss idk since hate since keep thinking negatively sure feel like dont achievements currently life feel future bright people somehow many people tell badidk overthinking tru many people show bright smile life like lifefor feel big chain hold cant something wanna feel everything see regret mistake sound head blaming yelling everything killing impact hardi cant feel safety cant feel calm im worry future scare abt past idk focusing current time one like one want feel like place call home place satisfy happyis make crazy wanna give abt,burnout abt life
1c4ekm2,2024-04-15 11:08:59,suicidewatch,2,0,https://www.reddit.com/r/SuicideWatch/comments/1c4ekm2/workaholic_parents_suicidal_burnout/,anyone else suffer dysfunctional family centers around money working alot forced toxic positivey stuff everyday improve life doesnt understand autism made attempts see struggles causes especially burnout exacerbating ocd flares know surface good thing practice becomes draining depressing dad used drink smoke alot never drinking smoking may casual beer hard day work one spends free time watching self improvement videos people like jocko willinks tony robbins james clear atomic habits holding say true due hearing successful people made alot money believes self discipline happiness mind type mindsets told today get comfort zone push im even trying,workaholic parents suicidal burnout
1bur4py,2024-04-03 17:47:24,suicidewatch,1,0,https://www.reddit.com/r/SuicideWatch/comments/1bur4py/how_to_accept_50_more_year_of_burnout_and_fear/,,accept year burnout fear
17h6ver,2023-10-27 02:44:55,suicidewatch,4,1,https://www.reddit.com/r/SuicideWatch/comments/17h6ver/i_dont_think_i_will_recover_from_this_burnout/,burnout life since first trauma im tired long happy want feel something,dont think recover burnout anymore
17e2il0,2023-10-23 02:00:38,suicidewatch,2,0,https://www.reddit.com/r/SuicideWatch/comments/17e2il0/i_believe_have_no_friends_am_afraid_of_graduating/,title italy approximately years time believe gotten friend never gone group partied unlike rest class also worked athletic like despite oldest one year also envy class passions searching new one old one artistic photography lost mom sister theyve deflected blame instead blamed wanting blame everything wrong others feel guilty even considering consider want best times social experience constantly make look dumb misinterpret every social clue wanted join cousins friend group fucking never allowed dodged requests tried spiritual fucking catholic church doesnt give confession city believe everyone agaisnt,believe friends afraid graduating constant burnout considered suicide
15rpk8g,2023-08-15 16:35:56,suicidewatch,3,1,https://www.reddit.com/r/SuicideWatch/comments/15rpk8g/im_burnout/,friends need help situation im stuck job cant quit work another country small italian restaurant two us boss boss italian toxic old grandfather satisfied anything life work days week hours officially without medical insurance without anything ive tolerating toxic person two half years dont get depression began drink lot understand work killing future still cant leave dont strength anything prospect finding another job seems impossible past months ive thinking kg im thinking running away disappearing without trace maybe someone similar experience tell us deal depression take big step course work true identity ked f,im burnout
xziggq,2022-10-09 16:07:04,suicidewatch,4,5,https://www.reddit.com/r/SuicideWatch/comments/xziggq/im_going_through_a_horrible_burnout_and_my_loved/,theyre pushing keep producitve constantly add stuff plate without consideration dont care im burnt scream shout threaten abuse get way im exhausted suicidal tired burnt even attempt anymore adhd autism fatigue horrible health issues ruining life family doesnt even care,im going horrible burnout loved ones making worse
xoydu3,2022-09-27 04:09:55,suicidewatch,8,5,https://www.reddit.com/r/SuicideWatch/comments/xoydu3/academic_burnout/,failure school gotten best due mental health grades suffered going try drown tonight doesnt work idk else way escape hell hole,academic burnout
11ot2t0,2023-03-12 01:12:23,suicidewatch,3,0,https://www.reddit.com/r/SuicideWatch/comments/11ot2t0/relapsed_burnout_n_exhausted/,im completely burnt im sick job drone existence situation potential partner made finally break done dont want take care people dont want run fucking family dont want continue working terrible hourspmmidnight havent good nights rest months illness getting worse need change fix life dont know ending things feels like would easier continuing,relapsed burnout n exhausted
yruzf5,2022-11-11 04:52:04,suicidewatch,1,4,https://www.reddit.com/r/SuicideWatch/comments/yruzf5/overachiever_burnout/,ive tried hard years old feel like meaningless everyone wants doctor thinks im capable cant long hours life motivation continue keep fantasizing quitting right im college friends family love support happens leave grow apart family disappointed happens im broke alone want quit im ahead know hurt people around cant think right ive always thought want,overachiever burnout
116l9qf,2023-02-20 00:44:52,suicidewatch,1,0,https://www.reddit.com/r/SuicideWatch/comments/116l9qf/3_months_from_being_32_felt_like_i_wasted_my_life/,hi im months away good thing work healthy car live family support support theyre getting old using time get shit together xb halfway college become social worker need placements however poor spending using multiple credit cards taking loans junk car certain idiot using stuff caused poor state debt xb found answer life using emotion rather logical thinking always threw rage based anger whole life overthink overanalyze everything little thing xb hit problem first let get biggger bigger eventually able take loan however interest rate poor spending got prediciment time bigger xb also addict porn fapping nofap subreddit frequently social med,months felt like wasted life years stayed place suicidal burnout overworked need someone vent
t9bidl,2022-03-08 13:03:40,suicidewatch,5,0,https://www.reddit.com/r/SuicideWatch/comments/t9bidl/its_not_burnout/,reading posts came across one statement hit like truck past years ive excusing lack motivation saying burnout ive ran fuel simply need replenish burnout depressed suicidal always worsening theres point seeking help anymore im way past stage saved hoping last days shitty planet bearable im burnt want body incapable recovering dealt incessantly im forever damaged goods cant put tape pretend alright forever im unlovable unworthy unaccomplished okay learned accept seeking validation seeking reasons live content want burnout,burnout
lp137l,2021-02-21 22:20:57,suicidewatch,9,4,https://www.reddit.com/r/SuicideWatch/comments/lp137l/burnoutdepression_or_what/,hi last year engineering student studying one hell toxic environment made mistake dropping early mainly always elitist failure never option last years dealing deep sadness feelings helplessness feel like hate studying regardless surrounding proud mainly mom granma died month ago last week feeling super nihilistic thinking ending life would feel honestly religious stand point religion prohibits thing really stopping people think love would feel feel like doomed suffer miserable fail dont see even need live struggle pass exams look job dont even like engineering ive trying pull positive look opportunities alwa,burnoutdepression
mcqs18,2021-03-25 10:52:26,suicidewatch,6,0,https://www.reddit.com/r/SuicideWatch/comments/mcqs18/burnout/,im college studying biology autism semester hard emotionally pretty much subjectsthe ones semester everything going wrong possible term papers tired amagain happened temporarily lost math communication skills tired im losing comprehension im even anymore little sibling also gotten pretty sick week take care parents away honestly pretty scary one paper elements due tomorrow extension still data confused partner confused find kind angry wouldve usually easy id even able tutorhelp ppl im useless im stuck someone isnt really helping either tried poison today little sibling noticed mom took,burnout
k4trzq,2020-12-02 02:18:57,suicidewatch,12,1,https://www.reddit.com/r/SuicideWatch/comments/k4trzq/gifted_kid_now_school_burnout/,right moment around tests gotta study week missed dms respond yet cant bring leave bed anything except switch apps hurts much still somehow expect get top grades bring bunch books home return school untouched painful realise childhood didnt last took pride mature old soul ive turned drugs nothing else makes existing even slightly tolerable people ask wanna grow shrug give vague answer knowing damn well im gonna dead years cant live academic failure,gifted kid school burnout
l6u9p3,2021-01-28 16:46:47,suicidewatch,2,1,https://www.reddit.com/r/SuicideWatch/comments/l6u9p3/another_shitty_gifted_kid_burnout_story/,gonna fail second last semester high school never applied college even though said never filled fafsa even though said would never caught late work even though said failing classes much fucking late work lied whole year top shit nowhere near top shit school year absolute garbage ive always problems focusing completing work entirely new level dont see making everyone know going disappointed im disappointed im disappointed wanting die shitty fucking grades feel like wanted kill bad something insignificant really deserve lvive first place shit think means want die bad want keep burden stressor parents already g,another shitty gifted kid burnout story
dra28s,2019-11-04 06:40:05,suicidewatch,17,3,https://www.reddit.com/r/SuicideWatch/comments/dra28s/school_burnout/,anybody else burned school basically longer pay attention work silently suffer makes mental health worse already weird im burned actually dont want days anymore least ill able pass time crying bathroom,school burnout
